Gene,F_score,p_value,p_value_FDR,Rejected_FDR_0.05
PRAC1,1882.7472303857767,0.0,0.0,True
ACSM2B,1595.3722434235724,0.0,0.0,True
CFHR2,1581.6617175028289,0.0,0.0,True
GRHL2,1576.0098821992865,0.0,0.0,True
KLK3,1414.3313103123367,0.0,0.0,True
SLC17A3,1392.3528646059417,0.0,0.0,True
SLC17A2,1353.4720978837731,0.0,0.0,True
F13B,1289.6360242372439,0.0,0.0,True
SLC17A1,1271.0058271914338,0.0,0.0,True
SLC2A2,1230.5442437130998,0.0,0.0,True
CHRNA2,1220.7071461708515,0.0,0.0,True
TG,1185.8576427753417,0.0,0.0,True
NR1H4,1183.244967823852,0.0,0.0,True
NKX2-1,1158.8671909705286,0.0,0.0,True
RAB25,1153.4859619846432,0.0,0.0,True
APCS,1134.333347348815,0.0,0.0,True
F9,1125.5212699147232,0.0,0.0,True
SLC17A4,1116.0944556391269,0.0,0.0,True
SLC45A3,1101.020910499551,0.0,0.0,True
ACP3,1097.67754437006,0.0,0.0,True
ESRP1,1082.2740107041104,0.0,0.0,True
TM4SF5,1080.9785807780754,0.0,0.0,True
OR51E2,1079.4337914891444,0.0,0.0,True
HNF4A,1079.1208448926484,0.0,0.0,True
nan,1070.3918334239409,0.0,0.0,True
KCNJ16,1065.9854791755276,0.0,0.0,True
UGT2A3,1062.7052100973765,0.0,0.0,True
OVOL2,1053.0660796643465,0.0,0.0,True
RBBP8NL,1052.0851290126793,0.0,0.0,True
TMEFF2,1044.9983778782828,0.0,0.0,True
APOA2,1044.898471551418,0.0,0.0,True
SERPINC1,1027.6425124032517,0.0,0.0,True
SLC6A13,1019.7038758591027,0.0,0.0,True
NAT8,1011.7630750794467,0.0,0.0,True
SLC28A1,1009.4467178720336,0.0,0.0,True
TSHR,1006.9091356873594,0.0,0.0,True
CDHR5,994.7036124589014,0.0,0.0,True
GAL3ST1,994.6879739340369,0.0,0.0,True
PAX8,988.4526768136079,0.0,0.0,True
CFHR5,972.3721521442512,0.0,0.0,True
APOC3,965.6835894524526,0.0,0.0,True
NECTIN4,957.777152178462,0.0,0.0,True
CCDC198,954.252316759729,0.0,0.0,True
NKX3-1,953.0149516175887,0.0,0.0,True
ITIH1,952.6191781149972,0.0,0.0,True
SLC22A2,947.3905637707397,0.0,0.0,True
AGXT2,943.0949155082392,0.0,0.0,True
CNKSR1,940.6074515609604,0.0,0.0,True
GLYAT,938.7226013612354,0.0,0.0,True
FEV,935.905661729465,0.0,0.0,True
MOGAT3,929.6603090168257,0.0,0.0,True
MBL2,927.1104569026902,0.0,0.0,True
VTN,926.7814476565097,0.0,0.0,True
ALDH3B2,923.8177587534864,0.0,0.0,True
ARHGAP6,918.7816362467945,0.0,0.0,True
TFAP2C,914.6000157997581,0.0,0.0,True
DMGDH,912.768863635641,0.0,0.0,True
AHSG,911.4601194697591,0.0,0.0,True
CREB3L3,909.224526034029,0.0,0.0,True
A1CF,908.1509253475904,0.0,0.0,True
SPDEF,906.9873314496942,0.0,0.0,True
LMAN1L,905.0288390240357,0.0,0.0,True
SERPINA7,878.7162257524094,0.0,0.0,True
HAO1,873.318887975081,0.0,0.0,True
APOA5,860.5461366072082,0.0,0.0,True
ACMSD,859.3427895874702,0.0,0.0,True
GATA3,858.2356449907184,0.0,0.0,True
APOH,855.5671715170586,0.0,0.0,True
C8A,851.6778554964802,0.0,0.0,True
CUBN,844.63736884307,0.0,0.0,True
UGT2B10,839.2565850018957,0.0,0.0,True
LYPD3,838.7311138308994,0.0,0.0,True
PRSS22,836.8400038205356,0.0,0.0,True
ITIH3,836.1403143558284,0.0,0.0,True
SLC13A1,833.4872546909888,0.0,0.0,True
ASGR2,830.7928916840661,0.0,0.0,True
GC,828.644697051014,0.0,0.0,True
FOXA1,828.0845610676084,0.0,0.0,True
ASPA,825.7904362577545,0.0,0.0,True
TFAP2A,825.7181885727297,0.0,0.0,True
FXYD2,822.4330155320945,0.0,0.0,True
DPYS,821.1518657146122,0.0,0.0,True
SPP2,812.7579205744721,0.0,0.0,True
EPN3,808.2620175508299,0.0,0.0,True
DUOXA1,807.8701252102092,0.0,0.0,True
AZGP1,804.8306750866956,0.0,0.0,True
FAM83C,799.8966434399591,0.0,0.0,True
BHMT2,799.7239215425222,0.0,0.0,True
UPB1,796.037655299742,0.0,0.0,True
BAAT,794.9388602507428,0.0,0.0,True
FXYD3,792.8854967382032,0.0,0.0,True
RGN,788.2134930274267,0.0,0.0,True
HPX,787.4109493204121,0.0,0.0,True
SULT2A1,784.0922722445025,0.0,0.0,True
TCF21,782.8520817289246,0.0,0.0,True
AFM,782.0752711507195,0.0,0.0,True
HPN,781.7503933846929,0.0,0.0,True
HNF1A,780.7832466704109,0.0,0.0,True
NEK2,780.7532926295582,0.0,0.0,True
CREB3L4,777.8931274436331,0.0,0.0,True
CDH3,776.3308153834779,0.0,0.0,True
SFTPA1,776.0259666688554,0.0,0.0,True
G6PC1,774.3233770237633,0.0,0.0,True
IL36G,773.5278876722964,0.0,0.0,True
GLYATL1,771.5146251565972,0.0,0.0,True
SLC3A1,770.9229681900786,0.0,0.0,True
CEP55,767.9225465066072,0.0,0.0,True
NPY,767.6686234289404,0.0,0.0,True
SLC22A9,767.1452984665112,0.0,0.0,True
TRPS1,766.604773306706,0.0,0.0,True
APOB,766.4228566212813,0.0,0.0,True
PLK1,765.7212988775756,0.0,0.0,True
ASGR1,765.5572713679917,0.0,0.0,True
DSG3,762.5845470703371,0.0,0.0,True
CERS3,762.0408574364013,0.0,0.0,True
TP63,760.7709914002485,0.0,0.0,True
PITX1,755.4572185577223,0.0,0.0,True
PKLR,754.9564296696786,0.0,0.0,True
AMBP,754.0541178152228,0.0,0.0,True
SLC30A4,752.8172491038912,0.0,0.0,True
MASP1,752.0693264747482,0.0,0.0,True
ITIH2,751.4101852287744,0.0,0.0,True
SPRR2D,749.8554151380852,0.0,0.0,True
CDH16,747.6983571527542,0.0,0.0,True
FAM83A,744.4762424350291,0.0,0.0,True
PROM2,741.7426503474671,0.0,0.0,True
APOA1,740.2814330680118,0.0,0.0,True
DAO,734.3454748182328,0.0,0.0,True
TRPM8,732.4492362485458,0.0,0.0,True
TINAG,730.6119744164083,0.0,0.0,True
KCNJ15,728.2569201771119,0.0,0.0,True
PDE8B,726.8385842090205,0.0,0.0,True
UGT2B4,726.56350691654,0.0,0.0,True
OTC,725.9366488040858,0.0,0.0,True
IGSF9,721.975400455799,0.0,0.0,True
ST6GALNAC1,721.3689327096739,0.0,0.0,True
IRX4,720.4283279560967,0.0,0.0,True
NECTIN1,719.0967500947916,0.0,0.0,True
GPRC5A,718.5021127113955,0.0,0.0,True
SOX17,716.7320039930189,0.0,0.0,True
SERPIND1,716.4139090124705,0.0,0.0,True
STYK1,715.140104693563,0.0,0.0,True
OTX1,714.3219129311888,0.0,0.0,True
TPX2,710.4399975478553,0.0,0.0,True
CYP2C18,707.8985772658691,0.0,0.0,True
HKDC1,707.4479792236019,0.0,0.0,True
LCE3D,706.8303565285921,0.0,0.0,True
BHMT,706.2592235889794,0.0,0.0,True
PGLYRP3,703.5365506714082,0.0,0.0,True
CDC20,702.5369584120288,0.0,0.0,True
C8B,702.0531200303685,0.0,0.0,True
TROAP,701.3162963931071,0.0,0.0,True
CLCA2,700.5872196454997,0.0,0.0,True
SLC4A4,698.2573318356715,0.0,0.0,True
PKP1,698.0525208541629,0.0,0.0,True
GJB6,697.5395787005484,0.0,0.0,True
TTR,695.5179020834881,0.0,0.0,True
DSC3,694.959486496777,0.0,0.0,True
LECT2,692.7324972883732,0.0,0.0,True
MYBL2,691.0762379661444,0.0,0.0,True
SLC39A5,690.6273480492889,0.0,0.0,True
EPB41L4B,688.1147827576126,0.0,0.0,True
HHEX,688.000423332447,0.0,0.0,True
ALB,684.7990665609669,0.0,0.0,True
KIF14,681.1342925497635,0.0,0.0,True
MMP3,680.6999297518794,0.0,0.0,True
FABP1,680.0575101516922,0.0,0.0,True
CLDN2,679.9923809098555,0.0,0.0,True
FOXA2,679.49010049383,0.0,0.0,True
TTC6,677.5498428232414,0.0,0.0,True
SKA3,677.1130591539567,0.0,0.0,True
GALNT6,677.0203693972537,0.0,0.0,True
DUOX2,676.9362255437376,0.0,0.0,True
ALDOB,676.2273152180709,0.0,0.0,True
CRABP2,675.9377105561799,0.0,0.0,True
CITED1,674.8478089172874,0.0,0.0,True
SI,673.9302103399733,0.0,0.0,True
NAPSA,673.8813035838098,0.0,0.0,True
ACADL,673.8543557733027,0.0,0.0,True
C4BPB,673.562337474041,0.0,0.0,True
NUF2,672.6518872286993,0.0,0.0,True
DLGAP5,672.439557798365,0.0,0.0,True
SLC2A1,670.6513123412162,0.0,0.0,True
LMO3,669.6178622784248,0.0,0.0,True
SLC22A7,669.4971478899456,0.0,0.0,True
HHLA2,668.1743220688782,0.0,0.0,True
IL1A,667.1810386782955,0.0,0.0,True
SCGB2A2,667.1776189688734,0.0,0.0,True
NCAPH,666.7401471342894,0.0,0.0,True
LIPC,666.5126820121318,0.0,0.0,True
HRG,664.5315960060698,0.0,0.0,True
BIRC5,664.1144346591698,0.0,0.0,True
PLA2G12B,663.2971859908084,0.0,0.0,True
ANLN,663.0630206448338,0.0,0.0,True
HYAL1,662.8296200621945,0.0,0.0,True
PKMYT1,661.8588558077452,0.0,0.0,True
SPRR2G,661.4728554292368,0.0,0.0,True
ARG1,661.2404933711902,0.0,0.0,True
CDH6,661.2067770554048,0.0,0.0,True
POLQ,661.1457462725535,0.0,0.0,True
TBX3,660.7322184070072,0.0,0.0,True
MYB,660.5530647281835,0.0,0.0,True
AUNIP,659.5347047145169,0.0,0.0,True
CENPF,659.0287380559134,0.0,0.0,True
PLG,657.9582029535262,0.0,0.0,True
SLCO1B1,656.7001476998455,0.0,0.0,True
USH1C,656.6771733544075,0.0,0.0,True
KIF23,652.7821196925566,0.0,0.0,True
CENPA,651.2913183363636,0.0,0.0,True
EFHD1,650.4363166193908,0.0,0.0,True
TPO,650.4247811648702,0.0,0.0,True
ENAM,650.4221973502421,0.0,0.0,True
CPB2,650.0770389986421,0.0,0.0,True
CDCA8,649.112761211321,0.0,0.0,True
TMEM174,648.3499231965751,0.0,0.0,True
ALDH8A1,648.3074265192952,0.0,0.0,True
GSTP1,648.2751686648417,0.0,0.0,True
KIF2C,645.2139121023749,0.0,0.0,True
TMPRSS4,644.1305518197446,0.0,0.0,True
GPR87,643.4550636479789,0.0,0.0,True
HJURP,643.2690026461589,0.0,0.0,True
ANGPTL3,643.2232166908,0.0,0.0,True
MMP13,642.6800149000635,0.0,0.0,True
CRYAB,642.5512781715963,0.0,0.0,True
CLTRN,642.4632879210135,0.0,0.0,True
AGR2,641.9501149128432,0.0,0.0,True
TRIP13,641.8989917317676,0.0,0.0,True
CDC25C,641.3606133502785,0.0,0.0,True
PAX2,640.734619973259,0.0,0.0,True
CRYGN,640.4313467652488,0.0,0.0,True
TNS4,639.6228274538659,0.0,0.0,True
ITIH6,638.9599999037536,0.0,0.0,True
KLKB1,638.8848800435662,0.0,0.0,True
HAVCR1,638.5186714399831,0.0,0.0,True
REG4,638.3349339436033,0.0,0.0,True
KLF5,637.3045998130381,0.0,0.0,True
ASPM,636.90347749996,0.0,0.0,True
KIF4A,636.2686286179676,0.0,0.0,True
PON3,636.1426931475793,0.0,0.0,True
HGD,635.6983389882527,0.0,0.0,True
KL,634.1893907432262,0.0,0.0,True
CRP,633.6883668458557,0.0,0.0,True
SALL1,632.8046928423082,0.0,0.0,True
FGFBP1,632.6665093708817,0.0,0.0,True
MKI67,632.4391525463934,0.0,0.0,True
SNX22,631.2046476943608,0.0,0.0,True
PAK6,631.0470116623451,0.0,0.0,True
AADAC,631.019287231641,0.0,0.0,True
PLPP3,630.8456299651014,0.0,0.0,True
FERMT1,630.6673161704495,0.0,0.0,True
DDIAS,629.4591108303322,0.0,0.0,True
TMPRSS11D,629.3545696998785,0.0,0.0,True
FOXM1,629.0709610827225,0.0,0.0,True
MELK,628.3235057140522,0.0,0.0,True
ELAPOR1,627.3719891472227,0.0,0.0,True
OR10J6P,627.3315409436369,0.0,0.0,True
RDH11,626.8822417802278,0.0,0.0,True
FAM83E,626.3913328671352,0.0,0.0,True
CPN1,626.1026865321359,0.0,0.0,True
NME5,625.0263677326179,0.0,0.0,True
COL23A1,622.0850981493552,0.0,0.0,True
MTHFD2,622.0397537502324,0.0,0.0,True
CCNA2,621.2893697250219,0.0,0.0,True
SIX4,621.0166789349183,0.0,0.0,True
SKA1,620.4202905188263,0.0,0.0,True
IL36RN,620.3909004948385,0.0,0.0,True
AMN,618.777878896484,0.0,0.0,True
CEACAM6,618.7248778250298,0.0,0.0,True
SERPINA10,618.1833474360329,0.0,0.0,True
C4BPA,617.3020996912317,0.0,0.0,True
THRSP,617.1858273122551,0.0,0.0,True
SGO1,616.8293751442445,0.0,0.0,True
SYTL1,616.469069919201,0.0,0.0,True
CDCA5,615.9385163433003,0.0,0.0,True
LRP2,615.5910700903178,0.0,0.0,True
DQX1,612.2985719010212,0.0,0.0,True
SCEL,610.995406635704,0.0,0.0,True
ZNF750,610.7195924290488,0.0,0.0,True
KNG1,610.7041524818056,0.0,0.0,True
LYPLAL1,610.4095577411965,0.0,0.0,True
C16orf89,608.7645628595535,0.0,0.0,True
TBX5,608.7044350934262,0.0,0.0,True
FGL1,608.5239917275691,0.0,0.0,True
CCNB2,607.4693660157074,0.0,0.0,True
PPP3CA,606.835186177483,0.0,0.0,True
LDAF1,605.7648463954506,0.0,0.0,True
COL10A1,605.2769591750553,0.0,0.0,True
CDKN3,604.5384346915978,0.0,0.0,True
HSD17B6,604.4610538114532,0.0,0.0,True
SLC5A10,604.2515086831655,0.0,0.0,True
LMX1B,604.2359031498278,0.0,0.0,True
ZG16B,603.5457195200224,0.0,0.0,True
CASZ1,603.4704475668001,0.0,0.0,True
CLEC18C,602.7304201929776,0.0,0.0,True
SOX15,600.8390211523687,0.0,0.0,True
CYP2S1,600.5415806872221,0.0,0.0,True
CYP2C9,600.2619556077877,0.0,0.0,True
TMEM40,600.191369736337,0.0,0.0,True
ABCC6,599.9934424353742,0.0,0.0,True
NR0B2,599.9200541256633,0.0,0.0,True
SLC6A12,599.7630233233882,0.0,0.0,True
ANGPTL8,599.7287193908076,0.0,0.0,True
SYT7,599.7216065312678,0.0,0.0,True
GTSE1,599.2497838176805,0.0,0.0,True
ARHGEF4,599.1154863123927,0.0,0.0,True
CAB39L,599.0348394378912,0.0,0.0,True
CCNF,598.1792770345073,0.0,0.0,True
GDA,597.2676652015236,0.0,0.0,True
ELF4,597.0603494028757,0.0,0.0,True
TFR2,594.0504548939806,0.0,0.0,True
C5,594.0493178736556,0.0,0.0,True
FOLH1,592.8384352605099,0.0,0.0,True
TOP2A,592.799786636659,0.0,0.0,True
TMEM176A,592.6735335525109,0.0,0.0,True
CDC45,592.440573296363,0.0,0.0,True
KIF11,592.406879892192,0.0,0.0,True
DDC,592.2275705027072,0.0,0.0,True
TICRR,591.9490575532244,0.0,0.0,True
PTPRZ1,591.5316018829865,0.0,0.0,True
TPBG,591.116723834065,0.0,0.0,True
ENPP3,591.0311669978631,0.0,0.0,True
DUOXA2,590.704383708949,0.0,0.0,True
DAPK2,590.0426578885921,0.0,0.0,True
SPX,589.6452947217622,0.0,0.0,True
AURKA,589.6082096901724,0.0,0.0,True
GALNT7,589.2580237225225,0.0,0.0,True
GNMT,589.0557347988969,0.0,0.0,True
MTFR2,588.754147436805,0.0,0.0,True
PBX3,588.7393029503247,0.0,0.0,True
ANO7,588.499626242051,0.0,0.0,True
MBOAT2,586.3752174417568,0.0,0.0,True
RNF128,585.5623941877687,0.0,0.0,True
CEACAM5,584.852052683963,0.0,0.0,True
IVL,584.8503917795609,0.0,0.0,True
ATP2B2,583.3318188815094,0.0,0.0,True
RBP5,583.3197212456247,0.0,0.0,True
NCAPG,583.3032308433528,0.0,0.0,True
RERG,583.1524927896187,0.0,0.0,True
KRT17,582.0244108098833,0.0,0.0,True
PRR11,581.8105534958896,0.0,0.0,True
RAD51,581.2839643499634,0.0,0.0,True
ABCG5,579.639834890165,0.0,0.0,True
PDPN,579.4265199555683,0.0,0.0,True
KIF20A,579.3360802628846,0.0,0.0,True
ENPEP,578.6459499064114,0.0,0.0,True
FGF21,578.0646007443389,0.0,0.0,True
DEPDC1,577.0536128200597,0.0,0.0,True
TMPRSS13,576.685878235421,0.0,0.0,True
SLC6A3,576.2916644984141,0.0,0.0,True
CLSPN,576.1433112347733,0.0,0.0,True
PCSK2,575.3372034686405,0.0,0.0,True
EHF,575.3326266186102,0.0,0.0,True
IL20RA,575.0458396513334,0.0,0.0,True
FST,574.2298410013037,0.0,0.0,True
CDCA3,573.969657919346,0.0,0.0,True
UCN2,573.7303303967386,0.0,0.0,True
UBE2T,573.509999209184,0.0,0.0,True
SLC16A12,572.9553953009121,0.0,0.0,True
TTK,572.1491896324768,0.0,0.0,True
LAMC2,571.3463056004933,0.0,0.0,True
F11,571.1939315614735,0.0,0.0,True
AGT,568.0643649183328,0.0,0.0,True
HAO2,567.5504852028988,0.0,0.0,True
CNTN6,566.7183522107875,0.0,0.0,True
TSPAN8,566.534100894174,0.0,0.0,True
TMEM171,566.0742566903507,0.0,0.0,True
CSTA,566.0318520094694,0.0,0.0,True
GSDMC,565.998480544217,0.0,0.0,True
SLC26A4,565.8617084197394,0.0,0.0,True
SCGN,565.7207340969114,0.0,0.0,True
E2F7,565.4019176930977,0.0,0.0,True
IHH,565.3000033337172,0.0,0.0,True
MCM10,565.2440670924191,0.0,0.0,True
FAM83D,564.5019499918349,0.0,0.0,True
CENPI,564.3264696791607,0.0,0.0,True
GNA15,563.9145812795288,0.0,0.0,True
SPC25,563.6598620180233,0.0,0.0,True
SCGB3A2,563.4812794864185,0.0,0.0,True
CENPE,563.2252073658468,0.0,0.0,True
BMAL2,563.190061374118,0.0,0.0,True
ANKRD30A,561.696828360789,0.0,0.0,True
PGLYRP4,560.9656929710297,0.0,0.0,True
SLC10A2,560.6853738439034,0.0,0.0,True
F10,559.9157697021046,0.0,0.0,True
PEBP4,559.4127669832138,0.0,0.0,True
SLC47A1,558.9491064288377,0.0,0.0,True
BIK,558.9455069956431,0.0,0.0,True
TRIM29,558.1126189900706,0.0,0.0,True
MCTP2,557.5992798152479,0.0,0.0,True
SCGB1D2,557.1003251391962,0.0,0.0,True
COL7A1,556.8617804965018,0.0,0.0,True
ITGA3,555.927184330534,0.0,0.0,True
ATP8A1,555.3940541321558,0.0,0.0,True
PRUNE2,555.1084946921088,0.0,0.0,True
HOXC13,554.7011092165055,0.0,0.0,True
PRLR,554.5218774426725,0.0,0.0,True
SERPINB3,553.9725123703107,0.0,0.0,True
CYP3A5,553.3950127131619,0.0,0.0,True
DLX5,552.2233566555934,0.0,0.0,True
ANKRD40CL,552.1183955010508,0.0,0.0,True
RXRG,550.6731345070889,0.0,0.0,True
HAS3,550.2322181542622,0.0,0.0,True
SLC5A9,549.0942706206317,0.0,0.0,True
HMGA1,548.6879293880065,0.0,0.0,True
HAAO,546.4697993353391,0.0,0.0,True
CLDN8,545.6691246912923,0.0,0.0,True
EDNRB,545.5344753152856,0.0,0.0,True
EFS,544.5201644786418,0.0,0.0,True
TMEM243,542.8017170761423,0.0,0.0,True
LYPD6B,542.0771886869913,0.0,0.0,True
CDKL2,540.763755615815,0.0,0.0,True
KLF15,540.5052186739179,0.0,0.0,True
FAM181A,540.0797346836247,0.0,0.0,True
IGFBP1,539.9958190685908,0.0,0.0,True
PCK1,539.7981247369414,0.0,0.0,True
RGS5,538.8263272517066,0.0,0.0,True
GALNT12,538.3636593104549,0.0,0.0,True
GALNT3,537.3984349087797,0.0,0.0,True
TFPI,536.8556665710681,0.0,0.0,True
PLPP1,536.8344117935078,0.0,0.0,True
RANBP3L,535.9040852267392,0.0,0.0,True
ABCC4,535.6815933512352,0.0,0.0,True
VIL1,533.1851175152468,0.0,0.0,True
ADGRF4,532.7861578278839,0.0,0.0,True
CUX2,532.490049090212,0.0,0.0,True
ST3GAL5,532.4558610395188,0.0,0.0,True
DTL,531.6745140742464,0.0,0.0,True
ZBTB16,530.9386199176134,0.0,0.0,True
SLC43A1,530.9271207648828,0.0,0.0,True
ATP13A4,530.8246651525226,0.0,0.0,True
CLDN18,530.7123292827171,0.0,0.0,True
ABCG8,530.542410381552,0.0,0.0,True
MET,529.9287181049272,0.0,0.0,True
CBX7,528.9680524680193,0.0,0.0,True
ZNF827,528.2274291328288,0.0,0.0,True
AOX1,528.2190125314116,0.0,0.0,True
ADAM12,527.8696076335174,0.0,0.0,True
ISCU,527.5618912559088,0.0,0.0,True
TMEM140,527.2770461169387,0.0,0.0,True
BUB1B,526.9081555545977,0.0,0.0,True
HOXA1,526.4097729795864,0.0,0.0,True
ESR1,526.1867301702357,0.0,0.0,True
ANXA13,526.0666820838678,0.0,0.0,True
SEMA5B,526.0594126470926,0.0,0.0,True
TRPC5,526.0034701866877,0.0,0.0,True
FSCN1,525.6520620484886,0.0,0.0,True
NKAIN1,525.1760570933249,0.0,0.0,True
TM4SF18,524.9504220003097,0.0,0.0,True
ATP10B,524.4169652715539,0.0,0.0,True
CAV2,524.314534843067,0.0,0.0,True
CHDH,524.1962657935167,0.0,0.0,True
KRT17P1,524.0111527982643,0.0,0.0,True
NPC2,523.7699301565052,0.0,0.0,True
WDR62,523.0153486544643,0.0,0.0,True
NR3C1,522.7353051108811,0.0,0.0,True
CREB3L1,522.6619891691789,0.0,0.0,True
CBLC,522.3422758979508,0.0,0.0,True
SPRR3,522.2507427926,0.0,0.0,True
VSNL1,520.7615482735902,0.0,0.0,True
HOXA9,520.2159208127177,0.0,0.0,True
HOXC8,520.0561370805411,0.0,0.0,True
BDH2,519.597115547666,0.0,0.0,True
DUOX1,518.2546073936824,0.0,0.0,True
KHK,518.0368751488407,0.0,0.0,True
TRIM55,517.7843889155621,0.0,0.0,True
PON1,517.154070928881,0.0,0.0,True
SLC10A1,516.8809660476139,0.0,0.0,True
RHOV,516.4276655988399,0.0,0.0,True
STEAP1,515.0939959585795,0.0,0.0,True
KNL1,515.0281074532878,0.0,0.0,True
F7,514.9513880275654,0.0,0.0,True
LY6D,513.1148362917538,0.0,0.0,True
MMP24,512.967249259442,0.0,0.0,True
PTK6,512.9260132632342,0.0,0.0,True
TNFAIP6,512.6646715454874,0.0,0.0,True
HNF4G,512.589107474044,0.0,0.0,True
RCBTB2,512.3692693893578,0.0,0.0,True
ORC6,512.1752374777944,0.0,0.0,True
PLA2G2F,511.9143857202444,0.0,0.0,True
SEMA3C,511.5582298736094,0.0,0.0,True
SMIM24,511.19071685721536,0.0,0.0,True
ASF1B,510.65971896022194,0.0,0.0,True
TMEM176B,510.2428575322151,0.0,0.0,True
CDC6,510.10036700534164,0.0,0.0,True
PI3,509.5323302089375,0.0,0.0,True
ACAA2,509.53079544170555,0.0,0.0,True
CMIP,509.4672358180662,0.0,0.0,True
TMEM241,509.25432062578074,0.0,0.0,True
SLC39A6,508.91776879317626,0.0,0.0,True
E2F8,507.93305299897514,0.0,0.0,True
RBP4,507.77007055872343,0.0,0.0,True
MFAP2,506.99458953300734,0.0,0.0,True
HMGA2,506.98663894549713,0.0,0.0,True
PAGE4,506.72924931306756,0.0,0.0,True
ARSL,505.97760898209333,0.0,0.0,True
S100P,505.62629053048335,0.0,0.0,True
GPSM2,505.3027752908868,0.0,0.0,True
TMEM82,504.6513312365624,0.0,0.0,True
GATA4,503.6060458673386,0.0,0.0,True
CYP4A22,503.57049482199994,0.0,0.0,True
VWA2,503.53557248938154,0.0,0.0,True
FZD1,503.3135563405768,0.0,0.0,True
MYOM3,503.1842946478386,0.0,0.0,True
FGFR4,502.98965712545197,0.0,0.0,True
GRIK3,502.7288502513857,0.0,0.0,True
FAT2,502.4216230501965,0.0,0.0,True
SLC26A7,501.18915972455125,0.0,0.0,True
GHR,501.1031017072853,0.0,0.0,True
SYPL2,500.6565284620214,0.0,0.0,True
SLC25A36,500.5186342278441,0.0,0.0,True
MST1R,500.4069195273558,0.0,0.0,True
ORC1,500.22744911057936,0.0,0.0,True
CYP3A7,500.2211315269439,0.0,0.0,True
A2ML1,499.68557759933213,0.0,0.0,True
ACSM1,498.30261096707017,0.0,0.0,True
XBP1,498.252564495409,0.0,0.0,True
ENPP5,498.07922400373917,0.0,0.0,True
UGT1A6,497.96161517445086,0.0,0.0,True
POSTN,497.8637067565193,0.0,0.0,True
PDLIM5,497.243682836745,0.0,0.0,True
PTPN13,497.2078630867063,0.0,0.0,True
DGKA,495.66211036915274,0.0,0.0,True
KIF15,495.419193105927,0.0,0.0,True
ESPL1,494.85780472912234,0.0,0.0,True
IYD,494.63903587423596,0.0,0.0,True
LEAP2,494.4858930584404,0.0,0.0,True
ECRG4,494.3908196528993,0.0,0.0,True
LRRC2,494.08345543031083,0.0,0.0,True
TF,493.8875408226047,0.0,0.0,True
HROB,493.7882357094228,0.0,0.0,True
IQGAP1,493.6904445562784,0.0,0.0,True
FANCI,493.54086244220923,0.0,0.0,True
ECT2,493.28038901497763,0.0,0.0,True
FOXF1,493.0423436046237,0.0,0.0,True
HOXA13,493.0068335793244,0.0,0.0,True
SLC34A2,492.9268786913288,0.0,0.0,True
CRYL1,492.9200370865663,0.0,0.0,True
AFF3,492.8004043702825,0.0,0.0,True
HPD,492.56032419735016,0.0,0.0,True
ATP1B3,491.6286877940107,0.0,0.0,True
PDE1A,491.27395326947067,0.0,0.0,True
GLI3,491.1764867369299,0.0,0.0,True
GGTLC1,491.1156223329424,0.0,0.0,True
CGNL1,490.9922416198655,0.0,0.0,True
PRDM1,490.59590382848785,0.0,0.0,True
ATP2C2,490.18119173674376,0.0,0.0,True
CHPT1,489.75236895536733,0.0,0.0,True
ACSS3,489.60312037807705,0.0,0.0,True
IL1RN,489.4840439106093,0.0,0.0,True
CORO2A,489.4630684250554,0.0,0.0,True
PDK4,489.1273547401652,0.0,0.0,True
PNPLA7,488.0718520733082,0.0,0.0,True
RAB27A,487.2522440215556,0.0,0.0,True
TRPM3,486.88374489942515,0.0,0.0,True
COL11A1,486.819367529081,0.0,0.0,True
FRMD6,485.9029905709246,0.0,0.0,True
CPQ,485.8252536698024,0.0,0.0,True
SLC6A1,485.5766533432498,0.0,0.0,True
RSPH6A,484.8591109475129,0.0,0.0,True
BHLHE41,484.43918886423916,0.0,0.0,True
BMPR1B,484.0204238178523,0.0,0.0,True
GABRB2,483.4277077438905,0.0,0.0,True
NPY1R,483.30739906072466,0.0,0.0,True
RAB27B,482.7079756212295,0.0,0.0,True
MBIP,482.5360539145443,0.0,0.0,True
CLDN3,482.23951801964336,0.0,0.0,True
C9,482.2118093692821,0.0,0.0,True
CLEC3B,482.0497704178355,0.0,0.0,True
TMEM79,482.01491217621447,0.0,0.0,True
PIMREG,480.5453833353154,0.0,0.0,True
REG1A,480.3260718691184,0.0,0.0,True
ITGB4,480.3081688145562,0.0,0.0,True
PCSK6,480.1992155648077,0.0,0.0,True
PCLAF,479.92026159983493,0.0,0.0,True
MLPH,479.8658938989614,0.0,0.0,True
MYRF-AS1,479.8575618992632,0.0,0.0,True
BMP7,479.5563836688994,0.0,0.0,True
SYTL2,479.2380054201091,0.0,0.0,True
RAET1L,479.02842772815114,0.0,0.0,True
NDRG1,478.68809954724406,0.0,0.0,True
FAXC,478.6267380616132,0.0,0.0,True
SLC27A6,478.21748690950506,0.0,0.0,True
MSX1,477.88069693625556,0.0,0.0,True
SPINT2,477.6179228161422,0.0,0.0,True
HMMR,477.10903847777325,0.0,0.0,True
TRPA1,476.8273595691926,0.0,0.0,True
MREG,476.70806976622566,0.0,0.0,True
STIL,476.60445255220185,0.0,0.0,True
RACGAP1,476.56993350392673,0.0,0.0,True
SPINK1,476.52128420059495,0.0,0.0,True
PPARGC1A,475.9720168800523,0.0,0.0,True
HHATL,475.8791155473812,0.0,0.0,True
PGC,475.65199594727255,0.0,0.0,True
STEAP2,475.44680525546585,0.0,0.0,True
GINS1,475.3117532458297,0.0,0.0,True
RASSF4,475.25208427314783,0.0,0.0,True
RAB38,475.1153619577287,0.0,0.0,True
DDAH1,475.11354939892055,0.0,0.0,True
MYEF2,474.6828061960226,0.0,0.0,True
CCNB1,474.13019397357806,0.0,0.0,True
TSPAN13,473.72695285254235,0.0,0.0,True
HABP2,473.33944540088123,0.0,0.0,True
PKM,473.1945261597818,0.0,0.0,True
DAB2,473.1747172054702,0.0,0.0,True
UNC5CL,473.0550194328079,0.0,0.0,True
RAD54L,472.6261851530127,0.0,0.0,True
COL17A1,472.57766332490166,0.0,0.0,True
ZNF610,472.5332509846908,0.0,0.0,True
PPIAP26,472.3268605503162,0.0,0.0,True
MASP2,472.25896866595787,0.0,0.0,True
CREBL2,472.2572893629949,0.0,0.0,True
ADAMTS12,472.10312265014977,0.0,0.0,True
MMP10,472.0849615395312,0.0,0.0,True
BRCA2,471.954544150236,0.0,0.0,True
CFHR4,471.56710878537234,0.0,0.0,True
FETUB,471.3368267752872,0.0,0.0,True
NTRK2,471.18071681693476,0.0,0.0,True
CREBRF,470.98508316328946,0.0,0.0,True
PITPNM3,470.37558903993414,0.0,0.0,True
PRDM16,470.35638582718695,0.0,0.0,True
OAZ3,469.4728358320174,0.0,0.0,True
PTPRN2,469.1908075382564,0.0,0.0,True
TGFA,468.87086986047063,0.0,0.0,True
SFTPD,468.0285730511989,0.0,0.0,True
RAPGEFL1,467.5014747431998,0.0,0.0,True
PECR,467.2156749640394,0.0,0.0,True
NOSTRIN,467.13460719753937,0.0,0.0,True
MYRF,467.1033944859069,0.0,0.0,True
NEIL3,467.0760847367985,0.0,0.0,True
MLXIPL,466.8822951332733,0.0,0.0,True
PLK4,466.06161878442424,0.0,0.0,True
STK33,465.9086560517143,0.0,0.0,True
GREM1,465.81313985686324,0.0,0.0,True
NR3C2,465.7704257324021,0.0,0.0,True
ENTREP1,465.65911855689717,0.0,0.0,True
E2F2,465.4601831362144,0.0,0.0,True
CDHR2,465.43068110630486,0.0,0.0,True
KCNN2,465.01041671634545,0.0,0.0,True
FGF10,464.877735337342,0.0,0.0,True
CLEC18B,464.83930942169206,0.0,0.0,True
MMP26,464.42889853002146,0.0,0.0,True
MMP11,464.35690184501607,0.0,0.0,True
TACC3,464.02248112580196,0.0,0.0,True
NDUFB4P12,463.9932555826347,0.0,0.0,True
BNIPL,463.5275345475077,0.0,0.0,True
SGPP2,463.433415303275,0.0,0.0,True
ARHGEF26,463.3895127705626,0.0,0.0,True
ARFGEF3,463.17855896999936,0.0,0.0,True
CA9,462.81684618422645,0.0,0.0,True
KLHDC8A,462.59632033920695,0.0,0.0,True
GALNT14,462.22195060531243,0.0,0.0,True
MTARC2,462.0903214044995,0.0,0.0,True
PRKAR2B,461.9888933744018,0.0,0.0,True
SCTR,461.6531757730072,0.0,0.0,True
NRIP2,461.5147132151077,0.0,0.0,True
PLIN2,461.40606337558717,0.0,0.0,True
NXNL2,460.84324054969835,0.0,0.0,True
PDE5A,460.64445435856203,0.0,0.0,True
RTP3,460.5350502912499,0.0,0.0,True
SGK2,460.430859744354,0.0,0.0,True
TMC5,460.37028144240855,0.0,0.0,True
GPR68,460.00474753738047,0.0,0.0,True
FAM149A,459.8704571552132,0.0,0.0,True
CYP2C19,459.70935318187617,0.0,0.0,True
SPC24,459.62781897207134,0.0,0.0,True
HILPDA,459.4183353222079,0.0,0.0,True
NR1I3,459.321411120763,0.0,0.0,True
NDC80,458.9201953519195,0.0,0.0,True
SOX21,458.2971681679129,0.0,0.0,True
TMEM87B,458.00517528440685,0.0,0.0,True
B4GALNT3,457.96067741750306,0.0,0.0,True
SNX1,457.830811238357,0.0,0.0,True
FTCD,457.7065911269828,0.0,0.0,True
KCNV1,457.5878923507874,0.0,0.0,True
CSGALNACT1,457.55536199115954,0.0,0.0,True
RETREG1,457.32017918474065,0.0,0.0,True
AGTR1,457.186573126912,0.0,0.0,True
CLYBL,456.8868313616553,0.0,0.0,True
TMEM268,456.8376811093632,0.0,0.0,True
LDLR,456.4274069361813,0.0,0.0,True
ABCB1,455.85325704841125,0.0,0.0,True
MYO1A,455.50322009685584,0.0,0.0,True
TUBA1C,455.4878889497761,0.0,0.0,True
HK1,455.4292862180879,0.0,0.0,True
ALPG,455.34594066734036,0.0,0.0,True
EMCN,455.0080176738034,0.0,0.0,True
LAD1,454.74295164102256,0.0,0.0,True
DLG3,454.7220249215473,0.0,0.0,True
VCAM1,454.43262794654817,0.0,0.0,True
ACAT1,453.9551696637477,0.0,0.0,True
IL22RA1,453.7630579515777,0.0,0.0,True
CDCA7,453.7067032336936,0.0,0.0,True
PIF1,453.665680704016,0.0,0.0,True
SH3BP1,453.52588565429585,0.0,0.0,True
NDE1,452.9772981049834,0.0,0.0,True
PHYHIPL,452.92476201911495,0.0,0.0,True
S100A11,452.88577673445803,0.0,0.0,True
HMGCS2,452.55604894500095,0.0,0.0,True
RPS6KA6,452.33480759612195,0.0,0.0,True
SLC7A5,452.19440808610074,0.0,0.0,True
LYG1,451.6262551052275,0.0,0.0,True
RBPMS,451.53571092785245,0.0,0.0,True
FUT8,451.0724130811096,0.0,0.0,True
ITIH4,450.4177874066421,0.0,0.0,True
EPHA2,450.301623181495,0.0,0.0,True
MPC2,449.9268743814808,0.0,0.0,True
S100A7,449.8871558930885,0.0,0.0,True
ACOT11,449.779885594246,0.0,0.0,True
PGLYRP2,449.6798597383965,0.0,0.0,True
SLC2A12,449.124796873693,0.0,0.0,True
ENTPD1,448.49125863067235,0.0,0.0,True
RBMS2,448.37810615397467,0.0,0.0,True
ARHGAP24,448.30342398032553,0.0,0.0,True
DNAI7,448.2970959635682,0.0,0.0,True
F3,447.80100553404486,0.0,0.0,True
HNMT,447.46571541269645,0.0,0.0,True
ABCC2,447.27293850235486,0.0,0.0,True
STX12,447.2553001106621,0.0,0.0,True
PRRX2,447.10901218510867,0.0,0.0,True
ALDH1A1,446.78504164957957,0.0,0.0,True
MSX2,446.49377742365186,0.0,0.0,True
PLEKHS1,446.2525121142528,0.0,0.0,True
CDO1,445.828352893663,0.0,0.0,True
RBMS3,445.7372693019677,0.0,0.0,True
ELL2,445.32301166454005,0.0,0.0,True
EHHADH,445.28835757223993,0.0,0.0,True
PLD1,444.8620941696922,0.0,0.0,True
TRPM4,444.7201534069108,0.0,0.0,True
FOXN1,444.455942678991,0.0,0.0,True
PDCD4,444.0841685037252,0.0,0.0,True
SLC6A8,444.00110835791855,0.0,0.0,True
ARHGEF39,443.79557248826467,0.0,0.0,True
ESAM,443.413353962654,0.0,0.0,True
PEBP1,443.33104933179305,0.0,0.0,True
EGLN3,443.2661562256415,0.0,0.0,True
PID1,443.14136568354905,0.0,0.0,True
PPP1R9A,443.08320065050157,0.0,0.0,True
FABP5,442.68438670521806,0.0,0.0,True
DHRS7,442.56852890560083,0.0,0.0,True
VDR,442.1221300375182,0.0,0.0,True
SMPDL3B,442.0683872948887,0.0,0.0,True
ARHGEF19,441.99335570474034,0.0,0.0,True
SCGB2A1,441.92711980532846,0.0,0.0,True
ITGB8,441.86211092283855,0.0,0.0,True
PRAP1,441.7157955945518,0.0,0.0,True
ADGRF5,441.6657276746265,0.0,0.0,True
KIF18A,441.4060606430198,0.0,0.0,True
PPP1R1B,441.32050640779363,0.0,0.0,True
TOX3,441.1048486734092,0.0,0.0,True
HECW2,440.78240183425385,0.0,0.0,True
TNS2,440.68935972207055,0.0,0.0,True
FOXF2,440.42093989741875,0.0,0.0,True
ABCB4,440.3590726631869,0.0,0.0,True
CLMP,440.13097638667506,0.0,0.0,True
BRIP1,439.6989962667803,0.0,0.0,True
BARX2,439.69656996922885,0.0,0.0,True
CYP3A4,439.39394649657874,0.0,0.0,True
PTPRH,439.11384652630545,0.0,0.0,True
PGF,438.7379897109364,0.0,0.0,True
GLB1L2,438.5088353334481,0.0,0.0,True
SLC37A4,438.5012822161156,0.0,0.0,True
RORC,438.44117175636967,0.0,0.0,True
PPP1R3D,438.28591996476314,0.0,0.0,True
VIPR1,438.21427483099956,0.0,0.0,True
SELENBP1,438.1807025208018,0.0,0.0,True
ROS1,438.1385502281585,0.0,0.0,True
PTTG1,438.03305833528543,0.0,0.0,True
CTSB,437.80440931461925,0.0,0.0,True
EPHA7,437.762905217663,0.0,0.0,True
KCNK6,437.54802139899914,0.0,0.0,True
OSBPL3,437.53999692913806,0.0,0.0,True
IL11,437.3382614419935,0.0,0.0,True
CLEC18A,437.23992603491735,0.0,0.0,True
EZH2,437.234214136814,0.0,0.0,True
TAOK3,436.9297872347822,0.0,0.0,True
CAPN13,436.8206530956482,0.0,0.0,True
ST8SIA6,436.60422147411686,0.0,0.0,True
CLU,436.43380312035026,0.0,0.0,True
CRLS1,436.35395376519193,0.0,0.0,True
FMO3,436.21309158371827,0.0,0.0,True
PLS3,436.15919866488656,0.0,0.0,True
CTSV,435.9227851167171,0.0,0.0,True
ADCY9,435.89484671936515,0.0,0.0,True
PDX1,435.7828664959228,0.0,0.0,True
TP53AIP1,435.73815178114523,0.0,0.0,True
ZMAT1,435.35590081611895,0.0,0.0,True
STEAP4,435.0257791333535,0.0,0.0,True
C3orf52,434.9611789088333,0.0,0.0,True
MDFI,434.7848273954933,0.0,0.0,True
CTHRC1,434.57798423393564,0.0,0.0,True
HOXB8,434.54771677238807,0.0,0.0,True
P3H2,434.5122274520472,0.0,0.0,True
PTHLH,434.33797280448425,0.0,0.0,True
TMEM132A,434.04995777190834,0.0,0.0,True
MGP,433.9609326139997,0.0,0.0,True
CAMKK2,433.6749430562535,0.0,0.0,True
RDH16,433.61098418933034,0.0,0.0,True
PFKP,433.2856925419758,0.0,0.0,True
JADE1,433.21392666969217,0.0,0.0,True
FHL1,433.19167074177625,0.0,0.0,True
OIP5,432.9210518966805,0.0,0.0,True
HOXB13,432.75198400602983,0.0,0.0,True
CYBRD1,432.6550891515269,0.0,0.0,True
CILP,432.1421816417195,0.0,0.0,True
EDA2R,432.02137877449013,0.0,0.0,True
DUSP7,431.793225246724,0.0,0.0,True
ISL2,431.7258898849656,0.0,0.0,True
SNAI2,431.6466005680943,0.0,0.0,True
SLC24A2,431.56561749998144,0.0,0.0,True
ABCA12,431.1973458817213,0.0,0.0,True
MAGED2,431.0082377661899,0.0,0.0,True
EME1,430.92125212178536,0.0,0.0,True
EFNB1,430.8761028157889,0.0,0.0,True
ICA1,430.7874833630921,0.0,0.0,True
MTTP,430.7399362302082,0.0,0.0,True
ERN2,430.36600923595495,0.0,0.0,True
ART4,430.2001390060324,0.0,0.0,True
ADRB1,429.9938039809583,0.0,0.0,True
EPCAM,429.9895501274821,0.0,0.0,True
FMO5,429.908251186261,0.0,0.0,True
UGT3A1,429.8304662024588,0.0,0.0,True
YBX3,429.7483412425922,0.0,0.0,True
ACE2,429.7012491635117,0.0,0.0,True
MAD2L1,429.07228541708724,0.0,0.0,True
FAM83F,429.0024614605524,0.0,0.0,True
S100A12,428.7507509059652,0.0,0.0,True
APH1B,428.0982423781244,0.0,0.0,True
COL6A3,427.972481029062,0.0,0.0,True
TNS1,427.8569700324668,0.0,0.0,True
SMAD9,427.76194313609057,0.0,0.0,True
UST,427.71508398569483,0.0,0.0,True
KCNJ3,427.12902273237825,0.0,0.0,True
DSG1,426.85056601361396,0.0,0.0,True
RPS6KA2,426.7206441584178,0.0,0.0,True
OIT3,426.32071405453763,0.0,0.0,True
PERP,426.3173182871101,0.0,0.0,True
PRSS3,425.4815471078149,0.0,0.0,True
BICDL2,425.43936001465374,0.0,0.0,True
SFRP2,425.4142770850585,0.0,0.0,True
SLC9A1,425.3146491299889,0.0,0.0,True
TRPV6,425.2841058424321,0.0,0.0,True
PPP2R3A,424.72477217804214,0.0,0.0,True
DIXDC1,424.41959585188704,0.0,0.0,True
CDCP1,424.31629882302803,0.0,0.0,True
BMP2,424.30232054462084,0.0,0.0,True
ADRA1A,424.2629577291875,0.0,0.0,True
FLT1,424.2547097920358,0.0,0.0,True
ULBP2,424.047435101368,0.0,0.0,True
KLK10,424.021087287608,0.0,0.0,True
PBLD,423.5054428257375,0.0,0.0,True
WNT2,423.46488548565225,0.0,0.0,True
SLC13A5,423.27297980010746,0.0,0.0,True
PTGER3,423.2552966714264,0.0,0.0,True
SERPINA4,423.1830846412445,0.0,0.0,True
TESK2,423.1104806106158,0.0,0.0,True
TGM1,423.0966360914178,0.0,0.0,True
MICALL1,422.7406992152646,0.0,0.0,True
RFPL2,422.2937329664259,0.0,0.0,True
CRYM,421.9717800215486,0.0,0.0,True
CYP2D6,421.95601215513653,0.0,0.0,True
DAPL1,421.9147655429777,0.0,0.0,True
FHIP1A,421.9094276385366,0.0,0.0,True
MDFIC,421.53368724829323,0.0,0.0,True
LRP8,421.50531975328965,0.0,0.0,True
TTPA,421.47044805097477,0.0,0.0,True
C6,421.1504349886877,0.0,0.0,True
CFAP251,420.89210980387634,0.0,0.0,True
PLP2,420.5622608278131,0.0,0.0,True
SLC22A3,420.56010483764715,0.0,0.0,True
SLC35F2,420.3404044475145,0.0,0.0,True
ZNF761,420.32567597847356,0.0,0.0,True
MYCT1,420.15496794545555,0.0,0.0,True
GJB2,420.092794563685,0.0,0.0,True
DLX6,420.03554917886163,0.0,0.0,True
KIAA1549L,419.94752385148746,0.0,0.0,True
CFHR3,419.7498909042569,0.0,0.0,True
CDX2,419.54208410899196,0.0,0.0,True
GCKR,419.50958161168904,0.0,0.0,True
FANCE,419.08410908804194,0.0,0.0,True
GRHL3,419.0119716849894,0.0,0.0,True
FAM13A,418.83540494194375,0.0,0.0,True
CARD14,418.0087291153547,0.0,0.0,True
TEDC2,417.7445682100099,0.0,0.0,True
FRMPD3,417.55597635937875,0.0,0.0,True
RUNX1,417.28569994061684,0.0,0.0,True
DPF1,417.190452947831,0.0,0.0,True
ACACB,417.15998965433795,0.0,0.0,True
RADX,416.5769990901851,0.0,0.0,True
CSF2,416.49329661784145,0.0,0.0,True
ANKRD33B,416.161821238526,0.0,0.0,True
LMNB1,416.09968815456637,0.0,0.0,True
SPON2,415.96991589522963,0.0,0.0,True
MYO9A,415.8501508381613,0.0,0.0,True
HSD17B2,415.58088372515164,0.0,0.0,True
LHX5,415.3581319748226,0.0,0.0,True
MAOB,415.3030303965839,0.0,0.0,True
SLC22A23,415.112316150344,0.0,0.0,True
TSPAN12,414.4476335751313,0.0,0.0,True
PRRT3,414.4216479188045,0.0,0.0,True
CATIP,414.19867433114695,0.0,0.0,True
SSTR1,414.03526996462296,0.0,0.0,True
S100A8,413.8687758811412,0.0,0.0,True
TFF1,413.7442660005051,0.0,0.0,True
TPD52,413.6435677215566,0.0,0.0,True
NEBL,413.56980169795077,0.0,0.0,True
ACY3,413.44786143334125,0.0,0.0,True
PDE9A,413.43978278700774,0.0,0.0,True
CDH17,413.3837113346459,0.0,0.0,True
PDZRN3,413.327887289544,0.0,0.0,True
EPHX2,413.2276928639338,0.0,0.0,True
UBE2S,412.7969073536559,0.0,0.0,True
SCN7A,412.692387901912,0.0,0.0,True
ABHD17C,412.6902350183353,0.0,0.0,True
FBXL2,412.64987268665317,0.0,0.0,True
MXRA5,412.6176861913314,0.0,0.0,True
TJP3,412.5493350645962,0.0,0.0,True
PMAIP1,412.35239221901844,0.0,0.0,True
TRERF1,412.3488570002172,0.0,0.0,True
XG,411.7430669603434,0.0,0.0,True
USP54,411.57980900122726,0.0,0.0,True
ULBP3,411.4914723958717,0.0,0.0,True
CD70,411.4365036318536,0.0,0.0,True
PMEPA1,411.2576720812818,0.0,0.0,True
SLC25A47,410.97515976224474,0.0,0.0,True
SLC16A3,410.81926403084543,0.0,0.0,True
IGF1R,410.5884628307902,0.0,0.0,True
FOLR1,410.5725704031821,0.0,0.0,True
NPDC1,410.2882951856783,0.0,0.0,True
MCM4,410.13585366781854,0.0,0.0,True
CLIC2,410.0527658023813,0.0,0.0,True
CPE,409.8229893186488,0.0,0.0,True
SPRING1,409.4476525527755,0.0,0.0,True
KLF9,409.4392086051653,0.0,0.0,True
CD44,409.24562444753354,0.0,0.0,True
LYPD5,409.16184019366136,0.0,0.0,True
ITPR3,409.09451340669705,0.0,0.0,True
SLC6A18,408.9435033860515,0.0,0.0,True
DLX1,408.8332811989546,0.0,0.0,True
AKT3,408.7543324229678,0.0,0.0,True
EMX1,408.6888794976428,0.0,0.0,True
VAV3,408.683457411385,0.0,0.0,True
TMEM132D,408.5064573885978,0.0,0.0,True
HLF,408.31355870835006,0.0,0.0,True
CYP4V2,408.04597729047947,0.0,0.0,True
AUH,407.9020951863308,0.0,0.0,True
RAB36,407.8308110450609,0.0,0.0,True
POC1A,407.8252414381782,0.0,0.0,True
CFAP221,407.80383873141824,0.0,0.0,True
CYB5A,407.34859547907416,0.0,0.0,True
HOXA11,407.0467113775002,0.0,0.0,True
SORBS1,406.8898586429707,0.0,0.0,True
ALDH1L1,406.41147257249173,0.0,0.0,True
ENDOD1,406.15059685730756,0.0,0.0,True
ITGA9,406.1433715885317,0.0,0.0,True
BCAS1,406.0881629607435,0.0,0.0,True
KLB,406.0214938117339,0.0,0.0,True
RSPH14,405.9683110014701,0.0,0.0,True
REEP5,405.89307506314077,0.0,0.0,True
EN1,405.8566340518961,0.0,0.0,True
CYP2C8,405.68218452366426,0.0,0.0,True
SLC1A5,405.66435242783547,0.0,0.0,True
FNDC1,405.4690197740592,0.0,0.0,True
F12,405.0852352620241,0.0,0.0,True
PTPRE,405.0458720842009,0.0,0.0,True
STK32B,404.8153128682624,0.0,0.0,True
ADHFE1,404.7375734436252,0.0,0.0,True
MYOF,404.7253395450434,0.0,0.0,True
CYSTM1,404.6244975624396,0.0,0.0,True
PRICKLE3,404.5990109432554,0.0,0.0,True
ADM,404.5303231655972,0.0,0.0,True
LRIG1,404.4456625633594,0.0,0.0,True
COL4A4,404.21387999308354,0.0,0.0,True
CIB3,404.15678336870417,0.0,0.0,True
CTSC,403.94651829842485,0.0,0.0,True
LGI4,403.7078965192076,0.0,0.0,True
ADGRL4,403.4641374875332,0.0,0.0,True
KDR,403.4418295462424,0.0,0.0,True
SSPN,403.43441633206294,0.0,0.0,True
SLC25A24,402.76596612148705,0.0,0.0,True
DNAH8,402.7250977287944,0.0,0.0,True
PRR15L,402.54521566432993,0.0,0.0,True
CCNG2,402.4581457774228,0.0,0.0,True
IGF2BP3,402.09532377087794,0.0,0.0,True
RNASE7,402.05123651699387,0.0,0.0,True
TBC1D9,401.98203365401054,0.0,0.0,True
COBL,401.88733903708044,0.0,0.0,True
PLVAP,401.86811158933534,0.0,0.0,True
MAP9,401.82183076076115,0.0,0.0,True
GATA6,401.68784105492597,0.0,0.0,True
CDK18,401.58693167871473,0.0,0.0,True
GPD1,401.53755646338516,0.0,0.0,True
BCO1,401.40547267498476,0.0,0.0,True
MEAK7,401.34544008324536,0.0,0.0,True
ARMCX3,400.8653324568409,0.0,0.0,True
SPINT1,400.6797678887824,0.0,0.0,True
GLT1D1,400.6517544391197,0.0,0.0,True
S100A9,400.62981393079707,0.0,0.0,True
BORA,400.52046005026216,0.0,0.0,True
ASTN2,400.4039919476493,0.0,0.0,True
MIOX,400.2027673236623,0.0,0.0,True
CLUL1,400.0546472681708,0.0,0.0,True
ARHGAP31,400.0307410803314,0.0,0.0,True
PTH1R,400.0122160550484,0.0,0.0,True
PGR,400.0068324363136,0.0,0.0,True
SHBG,399.8178299546501,0.0,0.0,True
NIPAL3,399.5417394672592,0.0,0.0,True
MXD1,399.11445520031174,0.0,0.0,True
CDH26,398.7791160871953,0.0,0.0,True
CDT1,398.6073074042743,0.0,0.0,True
PDGFRL,398.14850240291946,0.0,0.0,True
EFHD2,398.01422243809213,0.0,0.0,True
FHL5,397.8013138324487,0.0,0.0,True
RHBDL2,397.6879092182804,0.0,0.0,True
HOXD11,397.5906388121168,0.0,0.0,True
DSCC1,397.3766930014569,0.0,0.0,True
ACSM3,397.3497348390183,0.0,0.0,True
B3GAT1,397.2352005679862,0.0,0.0,True
GIPC2,397.11577317411115,0.0,0.0,True
MTMR10,396.837361059822,0.0,0.0,True
NPAS3,396.72521659126744,0.0,0.0,True
NXPE3,396.679071690239,0.0,0.0,True
SPATA6,396.6342103958493,0.0,0.0,True
CABP1,396.0650351124958,0.0,0.0,True
PLBD1,396.0570385916177,0.0,0.0,True
PRRX1,395.997427593363,0.0,0.0,True
NCAPD3,395.95577062204336,0.0,0.0,True
RWDD2A,395.7895068099779,0.0,0.0,True
UPK1B,395.17836145233684,0.0,0.0,True
SIM2,395.05384603347153,0.0,0.0,True
PTGES,394.9047921959029,0.0,0.0,True
CHIA,394.8860707878712,0.0,0.0,True
DHCR24,394.7781120969658,0.0,0.0,True
TMEM87A,394.57519829602757,0.0,0.0,True
LRRTM1,394.36543285368634,0.0,0.0,True
PSCA,394.328596288627,0.0,0.0,True
PADI3,394.1656885790761,0.0,0.0,True
GAS2L3,393.8226035999098,0.0,0.0,True
POU2F3,393.76540188200806,0.0,0.0,True
CENPM,393.61196070803084,0.0,0.0,True
ITM2B,393.38908680923225,0.0,0.0,True
PLA1A,392.87703740154666,0.0,0.0,True
DOCK3,392.78713462113234,0.0,0.0,True
GCNT3,392.637548997638,0.0,0.0,True
TMPRSS11E,392.51527723209307,0.0,0.0,True
CFC1,392.0799027038572,0.0,0.0,True
CENPK,391.99964306209665,0.0,0.0,True
ABCC11,391.9395377698163,0.0,0.0,True
RNF180,391.8115780923468,0.0,0.0,True
BCL11B,391.7625119456025,0.0,0.0,True
ISL1,391.5215557325518,0.0,0.0,True
PABPC3,391.4507968149959,0.0,0.0,True
PDE4D,391.3163726405308,0.0,0.0,True
ASRGL1,391.1807480253641,0.0,0.0,True
COL12A1,391.1478526772563,0.0,0.0,True
ACKR4,391.09170796986035,0.0,0.0,True
LIMA1,390.8974063571617,0.0,0.0,True
SLC38A5,390.684485410046,0.0,0.0,True
DAPP1,390.6740956951667,0.0,0.0,True
SEMA4G,390.609858197798,0.0,0.0,True
WDR17,390.5732439827713,0.0,0.0,True
INHBE,390.488535938805,0.0,0.0,True
LRRN4,390.44006305672906,0.0,0.0,True
GCOM1,390.2629184943066,0.0,0.0,True
LIFR,390.1777695366403,0.0,0.0,True
GPRASP2,390.1521818096087,0.0,0.0,True
PCDH12,390.00474506135447,0.0,0.0,True
GPD1L,389.9598710571816,0.0,0.0,True
FEZF1,389.559377734225,0.0,0.0,True
GNG5B,389.5525286692146,0.0,0.0,True
VSTM4,389.5492998478381,0.0,0.0,True
ITGB6,389.4459689320884,0.0,0.0,True
RAB5IF,389.18100884395614,0.0,0.0,True
DBF4,389.0897570833673,0.0,0.0,True
SERTAD4,388.94973007131847,0.0,0.0,True
SLC7A9,388.7798375264109,0.0,0.0,True
RIMS4,388.77302097242585,0.0,0.0,True
ABCC5,388.74512080279516,0.0,0.0,True
RAPGEF3,388.6759506409721,0.0,0.0,True
CCNE1,388.48168199676354,0.0,0.0,True
IGF2BP2-AS1,388.4151894048549,0.0,0.0,True
LGALS2,388.2446290148555,0.0,0.0,True
COL1A1,387.0713915940513,0.0,0.0,True
GUCY1A1,387.022331453582,0.0,0.0,True
STC2,386.969400174904,0.0,0.0,True
PART1,386.8423735339103,0.0,0.0,True
HOMER2,386.54005342907857,0.0,0.0,True
RIMS1,386.4710397455627,0.0,0.0,True
RIC3,386.1836917410435,0.0,0.0,True
LCA5,386.17352464722484,0.0,0.0,True
IQSEC2,385.6180798722202,0.0,0.0,True
CACNB3,385.48787143131216,0.0,0.0,True
ADORA1,385.364556802827,0.0,0.0,True
CILP2,385.3149697785187,0.0,0.0,True
TMEM63C,385.15547100331196,0.0,0.0,True
AKR7A3,384.9889594825538,0.0,0.0,True
MAPRE2,384.9644521161554,0.0,0.0,True
COL8A1,384.94484354241894,0.0,0.0,True
CYP4Z2P,384.6200712039557,0.0,0.0,True
GFRA1,384.486184330688,0.0,0.0,True
RAD51AP1,384.28664538806726,0.0,0.0,True
RLN1,384.1036105406237,0.0,0.0,True
MOGAT2,384.0918756375088,0.0,0.0,True
SPRED1,383.86755300977507,0.0,0.0,True
FSIP1,383.7939544111812,0.0,0.0,True
DPT,383.7450630555126,0.0,0.0,True
TPM4,383.74002072550365,0.0,0.0,True
IL6ST,383.63558986221807,0.0,0.0,True
HOXB6,383.5975015055536,0.0,0.0,True
CACNA2D1,383.46138606592774,0.0,0.0,True
PODNL1,383.06403048191333,0.0,0.0,True
ST8SIA4,382.91136556077373,0.0,0.0,True
CCDC88C,382.56676030125897,0.0,0.0,True
RHCG,382.55208117036864,0.0,0.0,True
SORBS2,382.49227398996976,0.0,0.0,True
HOXC11,382.35562161645794,0.0,0.0,True
CCDC148,382.32073976961084,0.0,0.0,True
ABR,382.3204798819449,0.0,0.0,True
TENM1,382.26754960338735,0.0,0.0,True
DOCK9,382.00639183996293,0.0,0.0,True
RASGRP3,381.9773099414057,0.0,0.0,True
CPEB2,381.91162670045804,0.0,0.0,True
TGM4,381.7886180746093,0.0,0.0,True
CNGB1,381.7673334229156,0.0,0.0,True
SPAG4,381.6445600113322,0.0,0.0,True
DCDC2,381.5980453197733,0.0,0.0,True
CENPN,380.9899616510966,0.0,0.0,True
BORCS7,380.8523680899768,0.0,0.0,True
NR1I2,380.7530504886889,0.0,0.0,True
ZWINT,380.62370297721606,0.0,0.0,True
ATP11A,380.604681699294,0.0,0.0,True
VIM,380.53864905241954,0.0,0.0,True
CD9,380.440976563485,0.0,0.0,True
SLC7A8,380.3543562419093,0.0,0.0,True
DUSP18,380.27814252755155,0.0,0.0,True
XYLT1,379.5834559997649,0.0,0.0,True
TRIM7,379.4760066250653,0.0,0.0,True
AMDHD1,379.3788032603638,0.0,0.0,True
IGF2BP2,379.3472103464532,0.0,0.0,True
GAMT,379.19434004706,0.0,0.0,True
CENPU,378.8579324510163,0.0,0.0,True
MYH11,378.83866976952623,0.0,0.0,True
ATP11B,378.826931072963,0.0,0.0,True
C1orf115,378.79096546257404,0.0,0.0,True
TENM2,378.7674298015043,0.0,0.0,True
TMC4,378.7036168583045,0.0,0.0,True
FHDC1,378.70007554878475,0.0,0.0,True
ABCB11,378.43267118267534,0.0,0.0,True
AKR1D1,378.42597693223104,0.0,0.0,True
FAM234B,378.39414820966397,0.0,0.0,True
PLEKHH1,378.29821871745685,0.0,0.0,True
SLC7A1,377.9509951308251,0.0,0.0,True
ATAD2,377.480263622362,0.0,0.0,True
NEDD4,377.4597086252629,0.0,0.0,True
C1orf21,377.262340462207,0.0,0.0,True
F2RL2,377.2400550710864,0.0,0.0,True
EEIG2,377.0266341274482,0.0,0.0,True
ALDH3A1,376.7231839814302,0.0,0.0,True
ANXA3,376.6329594202963,0.0,0.0,True
EPS8L1,376.37585371412257,0.0,0.0,True
PTK7,376.365165315269,0.0,0.0,True
CYP2J2,376.3264929907983,0.0,0.0,True
SP8,376.05274305579985,0.0,0.0,True
SHROOM3,376.03794801454643,0.0,0.0,True
SORD,375.7311394062888,0.0,0.0,True
GLB1L,375.37657239776587,0.0,0.0,True
SHH,374.80010521349277,0.0,0.0,True
CCND2,374.56988362476307,0.0,0.0,True
UNC5D,374.358353382667,0.0,0.0,True
ABHD6,374.29635095761483,0.0,0.0,True
PDE1C,374.2784370060656,0.0,0.0,True
ZNF582,374.04274253556594,0.0,0.0,True
PLXNA1,373.8519214404114,0.0,0.0,True
PRICKLE1,373.6541785719214,0.0,0.0,True
BTBD16,373.3488715794665,0.0,0.0,True
TFAP2B,373.1771360347152,0.0,0.0,True
OSR2,372.33385357940847,0.0,0.0,True
FYN,372.0461685689195,0.0,0.0,True
UPK2,371.8842565418539,0.0,0.0,True
TRIM36,371.74569278595067,0.0,0.0,True
MICU3,371.7110289705276,0.0,0.0,True
EPS8,371.674952791512,0.0,0.0,True
FMO1,371.64917839174177,0.0,0.0,True
ARRB1,371.5949576826486,0.0,0.0,True
LIPH,371.5273803665451,0.0,0.0,True
BEX4,371.31831250720967,0.0,0.0,True
SIM1,371.2400464995733,0.0,0.0,True
SIX1,371.15980225893435,0.0,0.0,True
JCAD,371.0151495653937,0.0,0.0,True
STARD8,370.87287290752096,0.0,0.0,True
MEF2C,370.8668185291904,0.0,0.0,True
SLC15A4,370.85670252243057,0.0,0.0,True
IQGAP2,370.5869678593086,0.0,0.0,True
DIAPH3,370.4822976738178,0.0,0.0,True
WNK2,370.4553907898693,0.0,0.0,True
PLCL1,370.37145868617466,0.0,0.0,True
TRAK2,370.3195225600967,0.0,0.0,True
IMPDH1,370.3166384015861,0.0,0.0,True
PLAU,370.13030232591626,0.0,0.0,True
PROC,370.11792613892896,0.0,0.0,True
PNCK,370.1123716031204,0.0,0.0,True
COL5A1,369.95475717069286,0.0,0.0,True
SLC52A3,369.83595220568003,0.0,0.0,True
PHYH,369.78281234441664,0.0,0.0,True
BAIAP2L2,369.60678994654126,0.0,0.0,True
ARHGAP42,369.5585785221616,0.0,0.0,True
PLCD3,369.48303214581233,0.0,0.0,True
ZBED3,369.4578246239725,0.0,0.0,True
JAG1,369.39587906693134,0.0,0.0,True
MAT1A,369.29864291822025,0.0,0.0,True
IQCA1,369.0692578309519,0.0,0.0,True
RAB30,369.00433224956925,0.0,0.0,True
TIMP3,368.92551288849205,0.0,0.0,True
ARMC3,368.9179149602624,0.0,0.0,True
RHBDF2,368.85055039931177,0.0,0.0,True
FZD10,368.6686324652332,0.0,0.0,True
ELOVL7,368.5695042007884,0.0,0.0,True
RAB3D,368.3686404296723,0.0,0.0,True
PGAP4,368.33459125644816,0.0,0.0,True
SHROOM4,368.30794462193404,0.0,0.0,True
SNX29,367.7104423498119,0.0,0.0,True
MYORG,367.6588247393295,0.0,0.0,True
GMPR,367.60728370791287,0.0,0.0,True
SCNN1G,367.60004591620856,0.0,0.0,True
ARHGAP18,367.54469918074017,0.0,0.0,True
SULT2B1,367.5160887726965,0.0,0.0,True
ENO2,367.3343567878285,0.0,0.0,True
APBB2,367.1628819398274,0.0,0.0,True
TENM4,367.0596759285938,0.0,0.0,True
LUM,366.94961764563203,0.0,0.0,True
TXNDC15,366.7838383699083,0.0,0.0,True
RDH5,366.7773254809605,0.0,0.0,True
LIMCH1,366.76559231889723,0.0,0.0,True
CLDN16,366.75379084541976,0.0,0.0,True
ZNF462,366.591204018604,0.0,0.0,True
ANXA10,366.559509375978,0.0,0.0,True
KCP,366.5518637758047,0.0,0.0,True
ZC3HAV1L,366.43431605434284,0.0,0.0,True
APOBEC1,366.38560466626836,0.0,0.0,True
BMAL1,366.3158790543356,0.0,0.0,True
REEP6,366.27366253118237,0.0,0.0,True
HELLS,366.2249389376901,0.0,0.0,True
RIDA,366.1728588559883,0.0,0.0,True
AP1M2,366.0824286587439,0.0,0.0,True
SNX25,365.91901525460565,0.0,0.0,True
KCTD3,365.8061051127124,0.0,0.0,True
TPTEP1,365.77804371015014,0.0,0.0,True
ARHGAP32,365.757710482961,0.0,0.0,True
FMC1,365.7152901044261,0.0,0.0,True
LRRK1,365.591406590449,0.0,0.0,True
SBDS,365.58780690340615,0.0,0.0,True
ARTN,365.5463822727661,0.0,0.0,True
XYLB,365.5183693612686,0.0,0.0,True
MYOCD,365.29846391484335,0.0,0.0,True
ARHGAP36,365.2546848322376,0.0,0.0,True
EVX1,365.15763136741066,0.0,0.0,True
ANXA1,365.11078377496256,0.0,0.0,True
SNX10,365.04883355160496,0.0,0.0,True
AGBL3,365.0331019703128,0.0,0.0,True
KREMEN2,364.8778370454766,0.0,0.0,True
IL17RB,364.8565603537394,0.0,0.0,True
DNAH7,364.75816081575215,0.0,0.0,True
OTUD1,364.59231072983044,0.0,0.0,True
MLIP,364.5625580534636,0.0,0.0,True
PLPPR5,364.4821071471884,0.0,0.0,True
PRKCH,364.31791487095154,0.0,0.0,True
SLC39A14,364.15177858391655,0.0,0.0,True
SLC5A12,364.1358998926009,0.0,0.0,True
TMEM8B,364.1296526814728,0.0,0.0,True
GLS,363.99404739188793,0.0,0.0,True
BANK1,363.60494107297535,0.0,0.0,True
CAPN5,363.54730769469904,0.0,0.0,True
PTPRB,363.5415654709918,0.0,0.0,True
BIVM,363.31087591783984,0.0,0.0,True
TC2N,363.22147258475377,0.0,0.0,True
RAB17,363.18615168943745,0.0,0.0,True
CRY2,363.0499363601368,0.0,0.0,True
PLEKHB1,362.9828445183133,0.0,0.0,True
VSTM2L,362.856055449327,0.0,0.0,True
PIP,362.81151377201286,0.0,0.0,True
IFI16,362.4531901201035,0.0,0.0,True
RASAL1,362.44243406695404,0.0,0.0,True
SERPINB1,362.4105436443128,0.0,0.0,True
SLC17A5,362.1055602336286,0.0,0.0,True
SLC27A5,362.0827560246198,0.0,0.0,True
ADCY3,361.93617740816643,0.0,0.0,True
PMP22,361.92322510926857,0.0,0.0,True
METTL8,361.6384567969408,0.0,0.0,True
SGO2,361.4206311226517,0.0,0.0,True
PRKCD,361.2971467751116,0.0,0.0,True
GABARAPL1,361.1837177612258,0.0,0.0,True
POLE2,361.1371421371801,0.0,0.0,True
GNG11,361.0845125184942,0.0,0.0,True
N4BP3,360.99059500752514,0.0,0.0,True
AHCYL2,360.95105098984305,0.0,0.0,True
TNIK,360.9134327382204,0.0,0.0,True
FAM135A,360.7971060208808,0.0,0.0,True
RIN2,360.5029681037574,0.0,0.0,True
CELSR2,360.45539140600187,0.0,0.0,True
ESM1,360.39558208723565,0.0,0.0,True
COL16A1,359.9364970222526,0.0,0.0,True
SLC4A8,359.8019991618474,0.0,0.0,True
ICAM5,359.5521992227586,0.0,0.0,True
ATCAY,359.4548662440977,0.0,0.0,True
GGH,359.40655716166026,0.0,0.0,True
PLCB4,359.3842595737964,0.0,0.0,True
SEC22C,359.32856283521164,0.0,0.0,True
ST6GAL2,359.22175552647354,0.0,0.0,True
KIF12,359.1615973012966,0.0,0.0,True
SERGEF,359.1381318107215,0.0,0.0,True
BSPRY,358.9717216975445,0.0,0.0,True
CIRBP,358.9429920027499,0.0,0.0,True
NAAA,358.91905431006825,0.0,0.0,True
PLSCR4,358.7642399581395,0.0,0.0,True
LBP,358.55671273116155,0.0,0.0,True
SQLE,358.5344064366724,0.0,0.0,True
NR5A2,358.34084818036246,0.0,0.0,True
IQUB,358.2878463053241,0.0,0.0,True
HDGFL3,358.21252049638576,0.0,0.0,True
CXCL1,358.14138591996135,0.0,0.0,True
DMRT3,358.0907629256549,0.0,0.0,True
ABCC1,357.9943251930077,0.0,0.0,True
INAVA,357.9942639783975,0.0,0.0,True
RAI2,357.960779091772,0.0,0.0,True
DNASE1L3,357.94927330876567,0.0,0.0,True
TRIM58,357.90607517144986,0.0,0.0,True
SERINC1,357.87078040708127,0.0,0.0,True
DPYSL2,357.8678102185565,0.0,0.0,True
BAIAP2L1,357.5891218789629,0.0,0.0,True
IRF6,357.524339861621,0.0,0.0,True
PPARG,357.48895506301983,0.0,0.0,True
SYNE1,357.4477441162236,0.0,0.0,True
FBXL9P,357.41508521041294,0.0,0.0,True
SH3BGRL,357.40162183990634,0.0,0.0,True
CLCA4,357.136271121821,0.0,0.0,True
ANOS1,357.10224160852266,0.0,0.0,True
EIF2S2P4,357.0258179090593,0.0,0.0,True
GALNT16,356.6455471499753,0.0,0.0,True
PTBP3,356.5559532178919,0.0,0.0,True
SPATA4,356.4573911006247,0.0,0.0,True
AKR1C2,356.3589909998951,0.0,0.0,True
TUBB2A,356.1963967596538,0.0,0.0,True
CRHBP,356.1824495632185,0.0,0.0,True
TAGLN2,356.0799536907594,0.0,0.0,True
NMU,355.87657982757094,0.0,0.0,True
ALPI,355.8328561439353,0.0,0.0,True
HK2,355.8189697553273,0.0,0.0,True
SARAF,355.81041552887103,0.0,0.0,True
SPART,355.8097637079982,0.0,0.0,True
FGF18,355.69741480279583,0.0,0.0,True
NEFH,355.66644705864445,0.0,0.0,True
NOD1,355.6645344814784,0.0,0.0,True
MSN,355.66382380810234,0.0,0.0,True
DNAAF11,355.5610075217134,0.0,0.0,True
APLP2,355.4745815125812,0.0,0.0,True
ARHGEF6,355.4542794818774,0.0,0.0,True
PPEF1,355.4410314908786,0.0,0.0,True
CYP1A2,355.4032350209861,0.0,0.0,True
SCN4A,355.3586772965928,0.0,0.0,True
FABP7,355.1711387671425,0.0,0.0,True
ACTG2,355.1534957242328,0.0,0.0,True
CNDP2,354.7032673189404,0.0,0.0,True
DSC1,354.401170396757,0.0,0.0,True
OGFRL1,354.39687130439916,0.0,0.0,True
PAM,354.05009720477113,0.0,0.0,True
NPHP1,353.9271888755833,0.0,0.0,True
GRIN2D,353.9141254883445,0.0,0.0,True
CGAS,353.83836921302793,0.0,0.0,True
ZMYND12,353.82644361162477,0.0,0.0,True
RAB11FIP5,353.716316129904,0.0,0.0,True
ONECUT2,353.61389068687515,0.0,0.0,True
IMPA2,353.58711815252946,0.0,0.0,True
WDR91,353.5665053723502,0.0,0.0,True
GRHL1,353.4878488396946,0.0,0.0,True
CREB5,353.29712955367114,0.0,0.0,True
SRPX2,353.26017037697335,0.0,0.0,True
BMP3,353.2322893097465,0.0,0.0,True
ZSCAN18,353.21474524369563,0.0,0.0,True
CDS1,353.1022554107429,0.0,0.0,True
GULP1,352.97218015266344,0.0,0.0,True
LPCAT2,352.87327053050643,0.0,0.0,True
WDR93,352.849696124328,0.0,0.0,True
FBXL3,352.8269443945953,0.0,0.0,True
TESMIN,352.7506508593404,0.0,0.0,True
GPR78,352.4642896966745,0.0,0.0,True
SYT14,352.45365508984145,0.0,0.0,True
BTNL8,352.07920687126926,0.0,0.0,True
BBOX1,352.0676142926486,0.0,0.0,True
PIEZO2,352.0203274879609,0.0,0.0,True
BCL2L14,351.9986136375085,0.0,0.0,True
NEK11,351.8619510086985,0.0,0.0,True
SLC1A4,351.8428917174488,0.0,0.0,True
CIT,351.8341762721356,0.0,0.0,True
ITGA6,351.83280213677773,0.0,0.0,True
KIFC3,351.53218314230605,0.0,0.0,True
RABEP1,351.42040175326207,0.0,0.0,True
GNGT1,351.19040666292767,0.0,0.0,True
DCN,351.1191081088143,0.0,0.0,True
PLA2G10,351.0201689990237,0.0,0.0,True
SMCO2,350.96686135145626,0.0,0.0,True
MCU,350.9424698468169,0.0,0.0,True
SLC25A43,350.863684720092,0.0,0.0,True
TFRC,350.72029985363577,0.0,0.0,True
CIP2A,350.6823846701608,0.0,0.0,True
CDX1,350.654614170851,0.0,0.0,True
TINAGL1,350.61131195270883,0.0,0.0,True
CYP4B1,350.59058194495793,0.0,0.0,True
PGPEP1,350.4700351520232,0.0,0.0,True
TTC38,350.18291218078997,0.0,0.0,True
TESC,350.0730107555973,0.0,0.0,True
HMGB3,349.9544256673421,0.0,0.0,True
MAPK13,349.48997024425313,0.0,0.0,True
PLCB3,349.44159145854013,0.0,0.0,True
SCN2B,349.42258102379634,0.0,0.0,True
MAPKBP1,349.38271106147533,0.0,0.0,True
ZNF385A,349.37676627053,0.0,0.0,True
SLC1A2,349.32825394335504,0.0,0.0,True
RSPH1,349.1773096488069,0.0,0.0,True
FLT4,349.1460786643166,0.0,0.0,True
SCARF1,349.0932767818309,0.0,0.0,True
CAT,348.76664898379755,0.0,0.0,True
PLEKHA6,348.6055028355689,0.0,0.0,True
GPAT3,348.4415660818213,0.0,0.0,True
SLC25A12,348.3433870500257,0.0,0.0,True
PDE3B,348.32162555050996,0.0,0.0,True
KLHL35,348.1918087640789,0.0,0.0,True
FBXL5,348.1264884077896,0.0,0.0,True
IKBIP,348.0589064818095,0.0,0.0,True
FCAMR,347.86819445884254,0.0,0.0,True
YWHAZ,347.78479539446084,0.0,0.0,True
ID2,347.77597734116233,0.0,0.0,True
ARHGAP20,347.70908148759327,0.0,0.0,True
TMSB15A,347.6929039495577,0.0,0.0,True
ERGIC1,347.6290419294602,0.0,0.0,True
COL5A3,347.5970972648173,0.0,0.0,True
CAPG,347.591034750583,0.0,0.0,True
EVA1A,347.5428072168431,0.0,0.0,True
PRRG2,347.39764459457564,0.0,0.0,True
SLC39A2,347.37881954071037,0.0,0.0,True
GLTP,347.1329487065862,0.0,0.0,True
CAMK2B,347.1238256486384,0.0,0.0,True
SNX5,347.1209906424032,0.0,0.0,True
FANCD2,346.9297824237229,0.0,0.0,True
BZW2,346.678657312738,0.0,0.0,True
SKP2,346.66065539511527,0.0,0.0,True
KRT23,346.56673650564056,0.0,0.0,True
HOXB5,346.47292542856843,0.0,0.0,True
KSR1,346.449263446036,0.0,0.0,True
ACSL1,346.39575359779093,0.0,0.0,True
AK5,346.3302184290505,0.0,0.0,True
UAP1,346.1159499698255,0.0,0.0,True
IKZF4,345.8661332676606,0.0,0.0,True
PLA2G5,345.79177643701723,0.0,0.0,True
SETD7,345.74632647089135,0.0,0.0,True
ADAMTS14,345.69629794387606,0.0,0.0,True
AQP5,345.4788112801205,0.0,0.0,True
DGAT2,345.47624847763365,0.0,0.0,True
KRT34,345.46370190049487,0.0,0.0,True
MAGI3,345.44747001609926,0.0,0.0,True
FZD5,345.40915987499915,0.0,0.0,True
LTBP4,345.4055796200151,0.0,0.0,True
GABRA3,345.3989969392576,0.0,0.0,True
ITPR1,345.2986922817112,0.0,0.0,True
SLC2A11,345.2168747480808,0.0,0.0,True
PRDM8,345.0593806784991,0.0,0.0,True
FAM110A,344.78143888746837,0.0,0.0,True
SDC1,344.69646513057114,0.0,0.0,True
SPEF2,344.6791072511013,0.0,0.0,True
CRYBG1,344.61720838431785,0.0,0.0,True
CRYZ,344.5164866913733,0.0,0.0,True
DNAJC12,344.4590841368964,0.0,0.0,True
BCL2L2,344.20218847178546,0.0,0.0,True
PKD2,343.96970642767894,0.0,0.0,True
ZNF430,343.8801852309935,0.0,0.0,True
PDE6B,343.8114934763886,0.0,0.0,True
FAP,343.71363378151943,0.0,0.0,True
DOCK11,343.5038093374882,0.0,0.0,True
CCNI,343.43301630405256,0.0,0.0,True
TK2,343.35243768296306,0.0,0.0,True
KRT31,343.2416788768263,0.0,0.0,True
AMD1,343.1669189897708,0.0,0.0,True
SMCO4,342.9905650981245,0.0,0.0,True
MECOM,342.896459515627,0.0,0.0,True
MYO5C,342.77069559426985,0.0,0.0,True
ITGA8,342.4798025121603,0.0,0.0,True
HOXA5,342.31497163575847,0.0,0.0,True
EPAS1,342.29566475376384,0.0,0.0,True
PAQR5,342.22126582498845,0.0,0.0,True
AIM2,342.1363365987906,0.0,0.0,True
PDLIM4,341.91217010490294,0.0,0.0,True
KLF8,341.7901027876317,0.0,0.0,True
TAF4B,341.78521486288764,0.0,0.0,True
CDHR1,341.7746168834084,0.0,0.0,True
KANSL1L,341.7283892401577,0.0,0.0,True
NAV1,341.6410233286723,0.0,0.0,True
GALNT5,341.63236600375,0.0,0.0,True
PALM2AKAP2,341.5701084754143,0.0,0.0,True
SMIM14,341.3969610991429,0.0,0.0,True
SEPTIN4,341.3856413127009,0.0,0.0,True
CCN4,341.25016968720854,0.0,0.0,True
VEGFA,340.9895269508085,0.0,0.0,True
WNT7A,340.93094383378804,0.0,0.0,True
KRT7,340.77836387763836,0.0,0.0,True
STK17B,340.50820471848346,0.0,0.0,True
ATP1B2,340.3919610554873,0.0,0.0,True
SYTL3,340.2780338233347,0.0,0.0,True
PTGS2,340.2506628713789,0.0,0.0,True
TFEC,340.2456624185868,0.0,0.0,True
CYRIB,340.18701365801434,0.0,0.0,True
DLX3,340.16635847869804,0.0,0.0,True
B3GNT7,340.1575803159288,0.0,0.0,True
CKAP2,340.1202507853117,0.0,0.0,True
CCDC102B,340.0501093002257,0.0,0.0,True
STRA6,339.6350731729338,0.0,0.0,True
BCL6B,339.5625666889101,0.0,0.0,True
ARHGAP29,339.45223324613926,0.0,0.0,True
ZDHHC15,339.3260484711043,0.0,0.0,True
CERS4,339.2438051717737,0.0,0.0,True
VSIG2,339.0917553226893,0.0,0.0,True
PLXDC2,338.93995453102104,0.0,0.0,True
ATP1B1,338.8972805776693,0.0,0.0,True
IL20,338.8595016395618,0.0,0.0,True
IFT57,338.8019787677876,0.0,0.0,True
CEP15,338.7412185060582,0.0,0.0,True
SDCBP2,338.7287707967739,0.0,0.0,True
EIF4E3,338.6916050853196,0.0,0.0,True
NKX2-8,338.63947793805215,0.0,0.0,True
SLC7A3,338.49460321421816,0.0,0.0,True
UACA,338.3342460048374,0.0,0.0,True
HOXD13,338.3298029771597,0.0,0.0,True
CA2,338.28493605009754,0.0,0.0,True
DNASE2B,338.2107910258682,0.0,0.0,True
CCNA1,338.2004078916524,0.0,0.0,True
OMD,338.02196080188634,0.0,0.0,True
GLI2,337.9542790997277,0.0,0.0,True
SMC4,337.8767507088677,0.0,0.0,True
MAN1C1,337.60129195946394,0.0,0.0,True
BEND5,337.33885401709614,0.0,0.0,True
DNAI4,337.2089633364827,0.0,0.0,True
TMOD2,337.200568793627,0.0,0.0,True
DRP2,337.0642484841,0.0,0.0,True
PLA2G12A,337.03529392350055,0.0,0.0,True
PPP4R1L,336.99252391606785,0.0,0.0,True
UPK3A,336.9893866644588,0.0,0.0,True
LCA5L,336.96300253457025,0.0,0.0,True
ORAI2,336.95582553143424,0.0,0.0,True
KCNQ1,336.76207123763237,0.0,0.0,True
SRPK1,336.7159345533622,0.0,0.0,True
KAAG1,336.685555813517,0.0,0.0,True
ZNF287,336.62778187072985,0.0,0.0,True
TRHDE,336.60243728739346,0.0,0.0,True
ARHGEF17,336.52334968067703,0.0,0.0,True
RNF19B,336.523029968192,0.0,0.0,True
SRMS,336.52152344113654,0.0,0.0,True
SLC16A7,336.5122016979905,0.0,0.0,True
KLF4,336.3180352518336,0.0,0.0,True
ARPC2,336.202521690939,0.0,0.0,True
MYOC,336.20004796347285,0.0,0.0,True
IL1F10,336.1845618980724,0.0,0.0,True
EGFR,336.14457802270863,0.0,0.0,True
NCAM2,336.1413354163542,0.0,0.0,True
TMEM178A,336.0453843272308,0.0,0.0,True
PIP5KL1,336.03339754786316,0.0,0.0,True
RBP7,335.9770082525395,0.0,0.0,True
PRKCA,335.9556312411478,0.0,0.0,True
CENPL,335.93960842524746,0.0,0.0,True
APLNR,335.8772436922733,0.0,0.0,True
LINC01116,335.57937797152783,0.0,0.0,True
PIWIL1,335.5540383472656,0.0,0.0,True
SLC22A17,335.5377479061275,0.0,0.0,True
PROX1,335.4992819576497,0.0,0.0,True
GOLM2,335.4281387278771,0.0,0.0,True
KLF2,335.2206730242568,0.0,0.0,True
FBLN1,335.1388894219797,0.0,0.0,True
ABCC3,335.13076385942406,0.0,0.0,True
KHDRBS2,335.100819488301,0.0,0.0,True
GUCA2B,335.02161892264616,0.0,0.0,True
WDR72,334.9577344205548,0.0,0.0,True
ARMCX1,334.9139476668298,0.0,0.0,True
MTMR11,334.65287198867,0.0,0.0,True
LIN7A,334.6332311514841,0.0,0.0,True
ANXA9,334.62373850255614,0.0,0.0,True
CCDC186,334.5763894541169,0.0,0.0,True
PPP1R1A,334.5392204972873,0.0,0.0,True
SERPINB7,334.37434348883744,0.0,0.0,True
RECQL4,334.24938698744097,0.0,0.0,True
ALPP,334.2402416430674,0.0,0.0,True
GOLM1,334.2293241047565,0.0,0.0,True
HIPK2,334.1301296085862,0.0,0.0,True
RGS20,334.08129198138175,0.0,0.0,True
SNRK,333.85683502752335,0.0,0.0,True
SLC10A6,333.69509042484077,0.0,0.0,True
GPER1,333.6481686446357,0.0,0.0,True
CNTN4,333.61504344921246,0.0,0.0,True
FCN2,333.6025611923833,0.0,0.0,True
OSCP1,333.59016874219697,0.0,0.0,True
RAB19,333.569885148168,0.0,0.0,True
JARID2,333.4662711469895,0.0,0.0,True
SLC2A9,333.2941279999204,0.0,0.0,True
GKAP1,333.1715774408262,0.0,0.0,True
MALL,333.1499202198113,0.0,0.0,True
ZNF185,333.0991563845134,0.0,0.0,True
RPS4Y1,332.94813403627103,0.0,0.0,True
KLF7,332.8288533433571,0.0,0.0,True
PPM1J,332.7530313061891,0.0,0.0,True
ITPRIP,332.74726601705606,0.0,0.0,True
DUSP1,332.64758309395535,0.0,0.0,True
KCTD9,332.60426949009866,0.0,0.0,True
MNX1,332.49280249626366,0.0,0.0,True
CYP27A1,332.4514030789003,0.0,0.0,True
MYO3A,332.3692111230357,0.0,0.0,True
FOXQ1,332.3389798265621,0.0,0.0,True
TNFAIP8,332.1788397397248,0.0,0.0,True
CA12,332.15037007424144,0.0,0.0,True
TWIST1,332.1457015991833,0.0,0.0,True
SIDT1,332.1263763683027,0.0,0.0,True
CCDC178,332.07813642516265,0.0,0.0,True
LPP,332.0218137347774,0.0,0.0,True
CXCL3,332.02179124850994,0.0,0.0,True
CAPS,332.0042206367585,0.0,0.0,True
ASB5,331.76446777711834,0.0,0.0,True
PLAUR,331.74665532973063,0.0,0.0,True
SH3PXD2A,331.7452676061894,0.0,0.0,True
RIPK3,331.60867636104155,0.0,0.0,True
TBX4,331.40496793112686,0.0,0.0,True
HES2,331.34946313925053,0.0,0.0,True
DAW1,331.3011709722134,0.0,0.0,True
KLC3,331.2443509913526,0.0,0.0,True
DTX2,331.19217589855344,0.0,0.0,True
KCNC2,331.17810723589673,0.0,0.0,True
FMNL3,331.1010574623703,0.0,0.0,True
LMOD1,331.0075537565447,0.0,0.0,True
APOBEC3A,330.9114713827414,0.0,0.0,True
CACNA2D2,330.88027343708603,0.0,0.0,True
CRIM1,330.6104175682422,0.0,0.0,True
FMO2,330.38057000165105,0.0,0.0,True
CACNA1D,330.2956619710058,0.0,0.0,True
N4BP1,330.2897280036418,0.0,0.0,True
DSE,330.23224268808053,0.0,0.0,True
WFDC2,330.1515292650819,0.0,0.0,True
ADORA2A,330.07678203453975,0.0,0.0,True
RCAN3,329.9570325439078,0.0,0.0,True
UNC80,329.89500692342546,0.0,0.0,True
GFRA4,329.86974519402577,0.0,0.0,True
KLF6,329.8035880757286,0.0,0.0,True
TMEM54,329.6688999228236,0.0,0.0,True
OSBPL10,329.5052307456506,0.0,0.0,True
DTX4,329.3577467038743,0.0,0.0,True
TTLL12,329.206630428732,0.0,0.0,True
STX7,328.99406027761853,0.0,0.0,True
APBB1,328.92740710640584,0.0,0.0,True
ZIC5,328.77556811743216,0.0,0.0,True
KIF20B,328.7106968708883,0.0,0.0,True
CPB1,328.5687942080168,0.0,0.0,True
GASK1B,328.46442362339496,0.0,0.0,True
SGK1,328.41646219152886,0.0,0.0,True
ACSL3,328.30394512544,0.0,0.0,True
SPDYE1,328.0657170706662,0.0,0.0,True
FOXP1,327.96368527945737,0.0,0.0,True
TLE3,327.80098898382704,0.0,0.0,True
ABCC8,327.5949059581515,0.0,0.0,True
IDS,327.4042785430438,0.0,0.0,True
ITGA2,327.37583443627574,0.0,0.0,True
PKIB,326.958289510782,0.0,0.0,True
FIRRM,326.92349023246527,0.0,0.0,True
LPAR2,326.8872929688675,0.0,0.0,True
OPHN1,326.8604504263669,0.0,0.0,True
RAPGEF4,326.85031818079716,0.0,0.0,True
CLIP4,326.795771260111,0.0,0.0,True
AQP3,326.6938100204828,0.0,0.0,True
LRP4,326.68718668857844,0.0,0.0,True
PGM5,326.6142479605404,0.0,0.0,True
MPZL2,326.57849587240145,0.0,0.0,True
MBNL1,326.56254726364926,0.0,0.0,True
HBEGF,326.5016976469742,0.0,0.0,True
DOK4,326.4851010496685,0.0,0.0,True
LTBP2,326.46096900178026,0.0,0.0,True
GPM6B,326.4347777101416,0.0,0.0,True
NANS,326.427619996142,0.0,0.0,True
FA2H,326.3332551770945,0.0,0.0,True
VANGL2,326.245404341448,0.0,0.0,True
CCDC33,326.2204715752676,0.0,0.0,True
SKAP2,326.1654238906482,0.0,0.0,True
MCHR1,326.1338281839909,0.0,0.0,True
CFAP36,326.00207368863136,0.0,0.0,True
EHD2,325.97343969189603,0.0,0.0,True
OSBPL5,325.97261478219997,0.0,0.0,True
CNFN,325.8614560551102,0.0,0.0,True
RAP1B,325.8319618846683,0.0,0.0,True
CLSTN2,325.829230897746,0.0,0.0,True
ANKS6,325.6598039217921,0.0,0.0,True
WWP1,325.56175025652607,0.0,0.0,True
CASP10,325.5575528321789,0.0,0.0,True
CYYR1,325.4972497713551,0.0,0.0,True
RGCC,325.3194979981833,0.0,0.0,True
GIMAP6,325.1476673423007,0.0,0.0,True
ROBO4,325.14553983508426,0.0,0.0,True
HAND2,324.9430404365898,0.0,0.0,True
FARP2,324.91083595694346,0.0,0.0,True
TCTA,324.8237723545318,0.0,0.0,True
NDFIP1,324.7239047059665,0.0,0.0,True
SPINK5,324.6164361947886,0.0,0.0,True
DUSP3,324.456562290681,0.0,0.0,True
SNED1,324.39825226023487,0.0,0.0,True
MUC5B,324.3100415774283,0.0,0.0,True
TUT7,324.17373156940255,0.0,0.0,True
PI15,324.143757773402,0.0,0.0,True
AZIN2,324.023549991199,0.0,0.0,True
SLC2A13,324.0093166401235,0.0,0.0,True
BICC1,323.8335980522467,0.0,0.0,True
HOXD10,323.75279068138167,0.0,0.0,True
FEZ1,323.6702191527545,0.0,0.0,True
EPDR1,323.6186357461016,0.0,0.0,True
CAMKK1,323.54506431044103,0.0,0.0,True
ALDH1L2,323.4202050762723,0.0,0.0,True
LYVE1,323.3934524829364,0.0,0.0,True
RORA,323.15778779371726,0.0,0.0,True
MAPK10,323.0605890565117,0.0,0.0,True
RELT,323.00136872131543,0.0,0.0,True
PEX11A,322.71851175886604,0.0,0.0,True
ZIC2,322.71628850974656,0.0,0.0,True
INHBA,322.6868689485834,0.0,0.0,True
STRA8,322.56218272156553,0.0,0.0,True
PM20D2,322.5579620192109,0.0,0.0,True
COL1A2,322.5145302735655,0.0,0.0,True
KITLG,322.4692721428193,0.0,0.0,True
C5AR2,322.3845255218614,0.0,0.0,True
KLK8,322.3838807933499,0.0,0.0,True
PLA2R1,322.34073073539656,0.0,0.0,True
IL32,322.3151124750208,0.0,0.0,True
IL36B,322.3124911359419,0.0,0.0,True
ELK3,322.28768971365514,0.0,0.0,True
PLPP2,322.2127434748319,0.0,0.0,True
AOC3,322.19430610085453,0.0,0.0,True
SLC15A2,322.1869088825231,0.0,0.0,True
RBL1,322.17772422469096,0.0,0.0,True
FAH,322.0476478270236,0.0,0.0,True
PPP1R3C,321.7566579603562,0.0,0.0,True
TSPAN18,321.75349115080206,0.0,0.0,True
LY6K,321.66580597748884,0.0,0.0,True
CACNG4,321.6003787117893,0.0,0.0,True
ARG2,321.5646762974354,0.0,0.0,True
LRMDA,321.51013216512655,0.0,0.0,True
PAQR4,321.4854616048991,0.0,0.0,True
PDE11A,321.4221278037601,0.0,0.0,True
NOTCH3,321.3941824908038,0.0,0.0,True
SSBP2,321.3907353519091,0.0,0.0,True
SLC12A2,321.3621572095371,0.0,0.0,True
TMCC3,321.3378828346769,0.0,0.0,True
CAV1,321.309810626053,0.0,0.0,True
TONSL,321.27084980516366,0.0,0.0,True
CDIP1,321.21468963070777,0.0,0.0,True
PPP1R12B,321.2032631089903,0.0,0.0,True
MFSD6,320.9895778289999,0.0,0.0,True
BNIP3L,320.93153014753284,0.0,0.0,True
CPA4,320.90994364579456,0.0,0.0,True
LCN2,320.8445826147664,0.0,0.0,True
DNAH3,320.81418426898716,0.0,0.0,True
CYBA,320.724046633461,0.0,0.0,True
MBNL2,320.58254267266386,0.0,0.0,True
TEK,320.56147939093455,0.0,0.0,True
PIK3R3,320.42207548415473,0.0,0.0,True
TBC1D2,320.3685015902665,0.0,0.0,True
CNTN1,320.34767559917225,0.0,0.0,True
LIPG,320.2826529635837,0.0,0.0,True
RFC4,320.15669751465686,0.0,0.0,True
CDYL2,320.14097356692304,0.0,0.0,True
GYS1,320.1320008473675,0.0,0.0,True
ADGRF1,320.11287134225574,0.0,0.0,True
SLC17A9,320.1045425341464,0.0,0.0,True
CLDN14,320.0143698572862,0.0,0.0,True
SFXN3,319.976865806202,0.0,0.0,True
LRRC49,319.96351296019833,0.0,0.0,True
TXNDC16,319.8114338720645,0.0,0.0,True
SPOCD1,319.80875148266955,0.0,0.0,True
HEBP1,319.63292081252985,0.0,0.0,True
GJB7,319.5998806308334,0.0,0.0,True
STRADB,319.591121894777,0.0,0.0,True
LRRC27,319.38265748576674,0.0,0.0,True
C7,319.22930551744423,0.0,0.0,True
PPM1H,319.2184263049877,0.0,0.0,True
GNB4,319.10045275173974,0.0,0.0,True
CDC42EP5,319.06899623103453,0.0,0.0,True
IGSF10,318.99935218012183,0.0,0.0,True
SPMIP8,318.9872645819379,0.0,0.0,True
CGREF1,318.8748344898873,0.0,0.0,True
ZNF233,318.57332159861846,0.0,0.0,True
AQP7,318.5692489445567,0.0,0.0,True
IVD,318.37908947518537,0.0,0.0,True
RET,318.3111734840596,0.0,0.0,True
HAL,318.30748351499403,0.0,0.0,True
PAFAH1B3,318.2620946010545,0.0,0.0,True
CTSK,318.2618484099149,0.0,0.0,True
UBL3,318.24579695500785,0.0,0.0,True
CHST8,318.02110937302893,0.0,0.0,True
ST3GAL1,317.9324469258221,0.0,0.0,True
DIPK2B,317.9080211150705,0.0,0.0,True
TRPC6,317.8725592148299,0.0,0.0,True
PPFIBP1,317.629209367322,0.0,0.0,True
EFR3B,317.57019197494117,0.0,0.0,True
CFAP69,317.5129251639901,0.0,0.0,True
ADAM8,317.4628140212519,0.0,0.0,True
SNRPN,317.4116789570248,0.0,0.0,True
GLUD1,317.25848640765867,0.0,0.0,True
DEPDC1B,317.217133286896,0.0,0.0,True
SPIRE1,317.1709943797163,0.0,0.0,True
CDH13,317.09218731390644,0.0,0.0,True
UTRN,316.93093987588475,0.0,0.0,True
NCAPD2,316.70068482465786,0.0,0.0,True
GPC1,316.6870965098514,0.0,0.0,True
ATP10D,316.4678374628362,0.0,0.0,True
CDC25A,316.3844874191168,0.0,0.0,True
RGS11,316.35549748286195,0.0,0.0,True
TENT5B,316.2722871810883,0.0,0.0,True
SLC14A1,316.2192760645397,0.0,0.0,True
KRBA1,316.2081780264673,0.0,0.0,True
NBL1,316.191080851869,0.0,0.0,True
CYB561,315.99027050617093,0.0,0.0,True
FER1L4,315.9799839977161,0.0,0.0,True
CHEK1,315.93895112649415,0.0,0.0,True
ZNF19,315.90170050689045,0.0,0.0,True
RPS10,315.886833577377,0.0,0.0,True
NOVA2,315.7534171164603,0.0,0.0,True
REL,315.7370796506633,0.0,0.0,True
MAPKAPK3,315.73261723527844,0.0,0.0,True
PRSS8,315.6907185896582,0.0,0.0,True
ANTXR2,315.6517967085539,0.0,0.0,True
HIVEP3,315.61213461402934,0.0,0.0,True
PLAGL2,315.57760898339006,0.0,0.0,True
DYNC2LI1,315.56609396300934,0.0,0.0,True
RARRES2,315.5249794882166,0.0,0.0,True
CBLN4,315.42809575517623,0.0,0.0,True
NKAIN4,315.4108819517729,0.0,0.0,True
TMEM163,315.4023723823472,0.0,0.0,True
RUNX2,315.3977749253295,0.0,0.0,True
TRPC7,315.2550528762528,0.0,0.0,True
TMEM38B,315.24252753286197,0.0,0.0,True
DNAJA4,315.14753325607336,0.0,0.0,True
TBC1D8B,315.1383953452052,0.0,0.0,True
GALNT15,315.09633114240205,0.0,0.0,True
AFAP1L1,315.0820639161285,0.0,0.0,True
RUFY3,315.0807941379976,0.0,0.0,True
UROC1,315.04082039089724,0.0,0.0,True
DNA2,314.9809852790248,0.0,0.0,True
RAMP1,314.9422980362486,0.0,0.0,True
CPEB3,314.82279946152966,0.0,0.0,True
SSX1,314.8174179871327,0.0,0.0,True
SPAG5,314.6776150191007,0.0,0.0,True
DIPK1A,314.61121207371326,0.0,0.0,True
CHMP3,314.5718896584631,0.0,0.0,True
FN3K,314.55039847960654,0.0,0.0,True
CDR2L,314.51914472331316,0.0,0.0,True
CDH11,314.49277857334175,0.0,0.0,True
EPB41L4A,314.4736119351174,0.0,0.0,True
TDRD10,314.46855411600677,0.0,0.0,True
CLDN1,314.4558799229601,0.0,0.0,True
DOC2A,314.4172120912584,0.0,0.0,True
HPCAL1,314.3121942637597,0.0,0.0,True
ASAH1,314.3088725039223,0.0,0.0,True
SLC25A23,314.27886969217474,0.0,0.0,True
SCARB1,314.1798289594031,0.0,0.0,True
MCUB,314.0268622380915,0.0,0.0,True
TYMP,313.79145987051953,0.0,0.0,True
PAPLN,313.5561854646328,0.0,0.0,True
SHOC1,313.5422622168463,0.0,0.0,True
IL24,313.5249987718982,0.0,0.0,True
TIMD4,313.40202596121014,0.0,0.0,True
CAPN9,313.33368929316066,0.0,0.0,True
CDH10,313.3322788278902,0.0,0.0,True
HRH2,313.31319428858956,0.0,0.0,True
FCHO2,313.2423442716314,0.0,0.0,True
HSD11B1,313.23806502974764,0.0,0.0,True
PTK2B,313.1662590264453,0.0,0.0,True
MAP3K1,313.1193053390818,0.0,0.0,True
ZMYND10,312.94367866341753,0.0,0.0,True
EDNRA,312.8797296792913,0.0,0.0,True
CHAD,312.8178778657293,0.0,0.0,True
DLG2,312.7851565279016,0.0,0.0,True
ITM2A,312.74494497334246,0.0,0.0,True
CPNE8,312.6627570289642,0.0,0.0,True
ID1,312.63157797746226,0.0,0.0,True
FUT6,312.57747395103365,0.0,0.0,True
MYO10,312.5727581258181,0.0,0.0,True
SGCB,312.5640988693031,0.0,0.0,True
UPP2,312.5225233473656,0.0,0.0,True
TMTC3,312.488935709658,0.0,0.0,True
CKS2,312.08701463194024,0.0,0.0,True
PCYT1A,312.0786151927653,0.0,0.0,True
NTN1,312.065257606699,0.0,0.0,True
CEMIP,312.04741365233457,0.0,0.0,True
POPDC2,312.0441384249844,0.0,0.0,True
ALDH6A1,312.031999801428,0.0,0.0,True
PLA2G3,312.021443697279,0.0,0.0,True
TNFSF9,312.0176255876839,0.0,0.0,True
SEC11C,312.0152384830979,0.0,0.0,True
ADGRD1,312.00933676900877,0.0,0.0,True
TMEM245,311.98930115357854,0.0,0.0,True
AIF1L,311.9606504413077,0.0,0.0,True
SOX6,311.866779572053,0.0,0.0,True
SCMH1,311.8555199935842,0.0,0.0,True
FBXL17,311.82338283234606,0.0,0.0,True
ANGPT2,311.8209749037862,0.0,0.0,True
FAM184A,311.81906306581465,0.0,0.0,True
ZNF506,311.72093141380003,0.0,0.0,True
HECA,311.7163582453115,0.0,0.0,True
ALDH3B1,311.6500490619567,0.0,0.0,True
CPEB4,311.606981228544,0.0,0.0,True
HOXA3,311.5863581796978,0.0,0.0,True
FBXL16,311.5133501414011,0.0,0.0,True
COLEC12,311.5115375912119,0.0,0.0,True
RHOU,311.42790770237417,0.0,0.0,True
ODF2L,311.4131014130495,0.0,0.0,True
GLCCI1,311.26695754082516,0.0,0.0,True
ADCY2,311.227287420407,0.0,0.0,True
DYSF,311.21861206647054,0.0,0.0,True
DSP,311.12668192328914,0.0,0.0,True
APOC1,311.09295155576007,0.0,0.0,True
CDC25B,310.9454431952934,0.0,0.0,True
CPVL,310.9239777797759,0.0,0.0,True
VAMP3,310.743594505517,0.0,0.0,True
FGFRL1,310.6495359546566,0.0,0.0,True
GNA14,310.60720247010306,0.0,0.0,True
FOSL2,310.41510853056286,0.0,0.0,True
SH3RF1,310.1071140869549,0.0,0.0,True
SESN1,309.96980479993596,0.0,0.0,True
MINDY2,309.9570630773124,0.0,0.0,True
SLC44A1,309.9565300278284,0.0,0.0,True
CAMK1,309.8420312774811,0.0,0.0,True
WNK4,309.78131862988863,0.0,0.0,True
GRIK5,309.7591788668401,0.0,0.0,True
TTC39A,309.55893945354813,0.0,0.0,True
HMOX1,309.3863811085171,0.0,0.0,True
GYPC,309.2699476660846,0.0,0.0,True
CELSR1,309.20028839924413,0.0,0.0,True
PHKA1,309.1430989982499,0.0,0.0,True
ACAD8,309.0113991919736,0.0,0.0,True
OTULINL,308.8923585873143,0.0,0.0,True
C16orf74,308.89111224793703,0.0,0.0,True
IPPK,308.825055826301,0.0,0.0,True
ARHGDIB,308.79081654756584,0.0,0.0,True
GPD2,308.74180636481793,0.0,0.0,True
FBXO25,308.73510503538483,0.0,0.0,True
KCTD15,308.71015801742584,0.0,0.0,True
LY75,308.5622208100589,0.0,0.0,True
GGT2P,308.51995161761783,0.0,0.0,True
SCIN,308.468862286411,0.0,0.0,True
NID2,308.42423553731294,0.0,0.0,True
DLL4,308.382873481123,0.0,0.0,True
DERA,308.2371034302131,0.0,0.0,True
NTRK3,308.225396691715,0.0,0.0,True
STX1A,308.2154286013851,0.0,0.0,True
SLURP1,308.0535908290974,0.0,0.0,True
TSPAN3,308.0188417925962,0.0,0.0,True
SLC37A1,307.96892003817567,0.0,0.0,True
PLEK2,307.9385642474306,0.0,0.0,True
RHPN1,307.93443704477295,0.0,0.0,True
ABHD14B,307.9294143692514,0.0,0.0,True
TMEM144,307.79035397483074,0.0,0.0,True
MMP14,307.7679588143094,0.0,0.0,True
PHLDB2,307.75795602749156,0.0,0.0,True
ZNF382,307.7240821861422,0.0,0.0,True
OGN,307.71663453968984,0.0,0.0,True
ENPP4,307.47742150305237,0.0,0.0,True
PLIN1,307.4738563505482,0.0,0.0,True
STOM,307.43869660663876,0.0,0.0,True
DUSP4,307.34839675502724,0.0,0.0,True
PFKFB1,307.27443138814346,0.0,0.0,True
TMED3,307.2544795770684,0.0,0.0,True
SHC2,307.2311723449029,0.0,0.0,True
INTS7,307.14507351295964,0.0,0.0,True
ISLR,307.1297256544692,0.0,0.0,True
DGKH,307.05885687469276,0.0,0.0,True
MID2,306.83351993520955,0.0,0.0,True
RNF145,306.83134802717507,0.0,0.0,True
GUCY1B1,306.82725203169036,0.0,0.0,True
RNASEL,306.81391874306007,0.0,0.0,True
CCDC74B,306.59561620328714,0.0,0.0,True
PHTF2,306.477254636228,0.0,0.0,True
MRPL2,306.46245835831695,0.0,0.0,True
GABBR2,306.4464217937958,0.0,0.0,True
ABI3BP,306.4375720590161,0.0,0.0,True
CCNJL,306.31136469013626,0.0,0.0,True
MGAT4A,306.27743414852125,0.0,0.0,True
MUC4,306.21448926211735,0.0,0.0,True
ADGRG7,306.1909810399136,0.0,0.0,True
ALDH4A1,306.17671939365215,0.0,0.0,True
SLC5A6,306.09061002938074,0.0,0.0,True
CDH7,306.0403564157477,0.0,0.0,True
GRM4,306.0382704583741,0.0,0.0,True
STK26,305.94154651822794,0.0,0.0,True
CWH43,305.928806876265,0.0,0.0,True
CASD1,305.858610314627,0.0,0.0,True
TMEM25,305.8258848687847,0.0,0.0,True
CACNB2,305.7454780425743,0.0,0.0,True
LGR5,305.72665529685383,0.0,0.0,True
CYB5R2,305.6686558858553,0.0,0.0,True
KDM5B,305.5421211437301,0.0,0.0,True
PIK3C2G,305.4570241970439,0.0,0.0,True
PLEKHA1,305.3743941121159,0.0,0.0,True
ENOX1,305.3707181566563,0.0,0.0,True
EMP1,305.3137884385043,0.0,0.0,True
MOB3C,305.2991588749982,0.0,0.0,True
MDH1B,305.2955328421408,0.0,0.0,True
SCD5,305.1901367039935,0.0,0.0,True
KCNE4,305.09638323462525,0.0,0.0,True
SPEF1,305.0826537106392,0.0,0.0,True
ARHGAP44,305.0761687578257,0.0,0.0,True
CCDC150,305.0128222278666,0.0,0.0,True
PDE1B,305.0045813401584,0.0,0.0,True
SLC16A1,304.86372524437854,0.0,0.0,True
EEIG1,304.8034865790767,0.0,0.0,True
TNFSF13,304.6368442097586,0.0,0.0,True
CCDC74A,304.5919731758188,0.0,0.0,True
SIAE,304.54486253421015,0.0,0.0,True
TMEM200A,304.43393050847607,0.0,0.0,True
MEOX2,304.39146408459027,0.0,0.0,True
LAMA3,304.3834369070601,0.0,0.0,True
PIAS1,304.38245908836467,0.0,0.0,True
SLC6A6,304.2885047813078,0.0,0.0,True
ACAP2,304.1960604710443,0.0,0.0,True
KLHDC9,304.1939099525849,0.0,0.0,True
RPS10P5,304.1140521884616,0.0,0.0,True
TEF,304.038928074069,0.0,0.0,True
BEND7,303.9891999229931,0.0,0.0,True
NPL,303.9784997698592,0.0,0.0,True
NOD2,303.8626269032279,0.0,0.0,True
NPR3,303.82089187037207,0.0,0.0,True
INPP4B,303.81644712452567,0.0,0.0,True
VCAN,303.79236506635704,0.0,0.0,True
TMEM97,303.79172737614994,0.0,0.0,True
EYA2,303.77486179535197,0.0,0.0,True
GDF7,303.7557239398201,0.0,0.0,True
DISP1,303.75467846616823,0.0,0.0,True
PDZRN4,303.64641593017274,0.0,0.0,True
INPP1,303.56570857449077,0.0,0.0,True
FOXJ2,303.5501789515345,0.0,0.0,True
DLC1,303.49582159468645,0.0,0.0,True
EBF3,303.3360650078193,0.0,0.0,True
SYNC,303.3142201237831,0.0,0.0,True
NIBAN2,303.2463140359125,0.0,0.0,True
EXOC6B,303.223430016952,0.0,0.0,True
DOCK6,303.181687426593,0.0,0.0,True
IGSF1,303.091176223532,0.0,0.0,True
AGMAT,302.9512407790558,0.0,0.0,True
GAS2,302.9014858822303,0.0,0.0,True
CCM2L,302.8986115268503,0.0,0.0,True
BARD1,302.83450156608285,0.0,0.0,True
SLC6A20,302.7048885413273,0.0,0.0,True
LIMK1,302.6642871087421,0.0,0.0,True
EXOC6,302.56565496377954,0.0,0.0,True
MARK1,302.55833527344674,0.0,0.0,True
CD36,302.52060299286524,0.0,0.0,True
PMS2P4,302.49926074321655,0.0,0.0,True
IL31RA,302.3845627336229,0.0,0.0,True
ARHGAP39,302.33420722936347,0.0,0.0,True
PPARGC1B,302.3148962801097,0.0,0.0,True
RHOBTB2,302.2733567348428,0.0,0.0,True
EPHA4,302.2055751676135,0.0,0.0,True
CLMN,302.1455396483471,0.0,0.0,True
ARSG,302.124840433843,0.0,0.0,True
CNN1,302.12016404107504,0.0,0.0,True
CYSLTR2,302.11225106035215,0.0,0.0,True
NEXMIF,302.11127484593896,0.0,0.0,True
PRG4,301.99972430158147,0.0,0.0,True
ANKRD13A,301.9907542371886,0.0,0.0,True
ACTL6A,301.9483130552842,0.0,0.0,True
RRAD,301.8776194871279,0.0,0.0,True
CITED2,301.8029234819858,0.0,0.0,True
SPOPL,301.75286428042045,0.0,0.0,True
ANKRD29,301.57594179955095,0.0,0.0,True
ADGRB2,301.5432093732954,0.0,0.0,True
RPS6KA4,301.4758781470284,0.0,0.0,True
PRDM2,301.4668794088709,0.0,0.0,True
EPHB6,301.38494301286323,0.0,0.0,True
TEX9,301.3473078163705,0.0,0.0,True
DEPDC7,301.31457871279395,0.0,0.0,True
MR1,301.2221317211856,0.0,0.0,True
GARNL3,301.13429645135994,0.0,0.0,True
MED13L,301.0715155888168,0.0,0.0,True
LPCAT1,301.05656214758955,0.0,0.0,True
NUDT10,300.8248644266138,0.0,0.0,True
ZC2HC1C,300.7960738791885,0.0,0.0,True
IKZF2,300.74304315266016,0.0,0.0,True
FOXP4,300.68107755364423,0.0,0.0,True
MGST1,300.674723227889,0.0,0.0,True
ECM2,300.66910855764803,0.0,0.0,True
LRIG3,300.6540848573372,0.0,0.0,True
CYP17A1,300.60382996767044,0.0,0.0,True
GDPD2,300.5836479723849,0.0,0.0,True
SERPINB8,300.4932030960062,0.0,0.0,True
ST6GALNAC2,300.3877739851475,0.0,0.0,True
TMED8,300.3659722916611,0.0,0.0,True
WDR47,300.3525040435596,0.0,0.0,True
VPS37B,300.3050961972324,0.0,0.0,True
SH2B3,300.28810972676393,0.0,0.0,True
WNT3A,300.28425015286734,0.0,0.0,True
PPP4R1,300.2460298459699,0.0,0.0,True
STRN,300.15542705949986,0.0,0.0,True
SERPINB12,300.1326686014381,0.0,0.0,True
CRYBA2,299.9991361473096,0.0,0.0,True
RERE,299.8792017877136,0.0,0.0,True
ABCA6,299.86560730753644,0.0,0.0,True
PAPOLG,299.80035062431523,0.0,0.0,True
CD300LG,299.74563610561614,0.0,0.0,True
SMPD3,299.60815846618874,0.0,0.0,True
EZH1,299.5044927718715,0.0,0.0,True
DNAJB9,299.5012220541649,0.0,0.0,True
DPYSL3,299.3808649475408,0.0,0.0,True
KCNK15,299.35270940481564,0.0,0.0,True
HSD3B7,299.31531067811807,0.0,0.0,True
TAL1,299.3027982646794,0.0,0.0,True
AKR1C6P,299.2852581013615,0.0,0.0,True
RGPD5,299.27412961963927,0.0,0.0,True
C8orf48,299.16210449805607,0.0,0.0,True
IL6R,298.97490312000434,0.0,0.0,True
OAT,298.9598657683856,0.0,0.0,True
COLGALT1,298.954369629295,0.0,0.0,True
MAZ,298.93434549917396,0.0,0.0,True
FBXL21P,298.9008262641945,0.0,0.0,True
NRG1,298.87170779536757,0.0,0.0,True
ZNF667-AS1,298.77006968666535,0.0,0.0,True
SH2D3A,298.6804700218362,0.0,0.0,True
OXER1,298.6253163558551,0.0,0.0,True
CABLES1,298.6187444428369,0.0,0.0,True
GLYATL2,298.5342666546114,0.0,0.0,True
SPP1,298.4434314285247,0.0,0.0,True
LAMP3,298.4231134674773,0.0,0.0,True
TRAF5,298.37034335887796,0.0,0.0,True
CALCOCO2,298.29073556306497,0.0,0.0,True
SLCO4A1,298.23193975230765,0.0,0.0,True
DACT2,298.18701859094426,0.0,0.0,True
KCTD10,298.0953392387505,0.0,0.0,True
MAP1LC3B,298.0606755685368,0.0,0.0,True
RAB8B,298.0412655470775,0.0,0.0,True
TREM1,298.02899574779354,0.0,0.0,True
AKR1B1,298.018260162141,0.0,0.0,True
OSMR,297.9996666350718,0.0,0.0,True
ARHGEF2,297.9845464011828,0.0,0.0,True
COBLL1,297.95628068209635,0.0,0.0,True
SERPINA12,297.87743826428596,0.0,0.0,True
HSPA12A,297.80542085132674,0.0,0.0,True
MGLL,297.6941981590162,0.0,0.0,True
NEDD4L,297.6393651026853,0.0,0.0,True
TMEM108,297.55940457715946,0.0,0.0,True
GADD45G,297.4814310887254,0.0,0.0,True
ADAM23,297.39773140094695,0.0,0.0,True
CA4,297.3455165073016,0.0,0.0,True
AGFG2,297.3399856802313,0.0,0.0,True
PCDH10,297.1954789949368,0.0,0.0,True
ATP7A,297.05723739848736,0.0,0.0,True
DGKI,297.05390121049305,0.0,0.0,True
MMP16,296.99372173792136,0.0,0.0,True
ICA1L,296.993246610453,0.0,0.0,True
STX6,296.97410222787306,0.0,0.0,True
FBN3,296.8824686381248,0.0,0.0,True
MAP3K7CL,296.87727661744265,0.0,0.0,True
TNFRSF21,296.8418943843064,0.0,0.0,True
MEDAG,296.83703743018646,0.0,0.0,True
MEIS1,296.74670878441236,0.0,0.0,True
GIT2,296.7166452699092,0.0,0.0,True
ST14,296.6703552743815,0.0,0.0,True
ETS1,296.656102841815,0.0,0.0,True
SLC5A1,296.53564979689514,0.0,0.0,True
GPM6A,296.4430883726503,0.0,0.0,True
SUSD6,296.42145536143573,0.0,0.0,True
GLRX2,296.3846977244078,0.0,0.0,True
TLR3,296.29658722310717,0.0,0.0,True
TXLNGY,296.2630018858172,0.0,0.0,True
CHSY1,296.23424501555724,0.0,0.0,True
CFL2,296.1833616942744,0.0,0.0,True
IRAG1,296.06095888824046,0.0,0.0,True
HTR7,295.9996935025825,0.0,0.0,True
USP9Y,295.95098055157393,0.0,0.0,True
ALDH2,295.8566581067982,0.0,0.0,True
RGS10,295.74181173482833,0.0,0.0,True
ZNF37CP,295.7383416645112,0.0,0.0,True
SYK,295.7375423978181,0.0,0.0,True
CCDC158,295.68246844716526,0.0,0.0,True
FZD7,295.68168342871263,0.0,0.0,True
NDUFA5,295.61015889739735,0.0,0.0,True
SLC44A2,295.5616369505672,0.0,0.0,True
EPS15,295.43659000006187,0.0,0.0,True
WNT9A,295.41977258451783,0.0,0.0,True
HPCAL4,295.3719895918418,0.0,0.0,True
RNF24,295.1904324164745,0.0,0.0,True
C8orf34,295.14660707100927,0.0,0.0,True
C3orf18,295.12334610943924,0.0,0.0,True
CENPH,295.089338250092,0.0,0.0,True
PLXND1,295.0851846533478,0.0,0.0,True
TRIM62,294.9608087663688,0.0,0.0,True
TRIM4,294.7794896549616,0.0,0.0,True
CFTR,294.7623591281608,0.0,0.0,True
EPB41L3,294.6720253142782,0.0,0.0,True
PIP5K1B,294.54053775823735,0.0,0.0,True
SSX8P,294.5258358788751,0.0,0.0,True
ESYT3,294.45324580359477,0.0,0.0,True
PDP1,294.44225639652217,0.0,0.0,True
PREX1,294.3808674907444,0.0,0.0,True
BAK1,294.3719629474993,0.0,0.0,True
HCFC2,294.3486362202593,0.0,0.0,True
GALR1,294.2845109241673,0.0,0.0,True
KNOP1,294.1802909032194,0.0,0.0,True
GYS2,294.16943475236036,0.0,0.0,True
CYP2E1,294.0878362117935,0.0,0.0,True
TBL1Y,294.07803691965114,0.0,0.0,True
A4GNT,293.9034897519717,0.0,0.0,True
CROT,293.8951457408135,0.0,0.0,True
SLC36A1,293.8708146040003,0.0,0.0,True
CDK19,293.82966286061355,0.0,0.0,True
DDX3Y,293.7923229295404,0.0,0.0,True
CALCOCO1,293.78821146976014,0.0,0.0,True
REN,293.7832693237782,0.0,0.0,True
RAPGEF5,293.74980078646223,0.0,0.0,True
MEGF10,293.73489895370375,0.0,0.0,True
YWHAB,293.71632722313825,0.0,0.0,True
LDHB,293.6079040510308,0.0,0.0,True
CLDND1,293.5605027784462,0.0,0.0,True
SEL1L3,293.45845131907583,0.0,0.0,True
PTPRJ,293.40286437957513,0.0,0.0,True
KLHL36,293.2838523923883,0.0,0.0,True
TMEM135,293.26328865384505,0.0,0.0,True
FAAH,293.19651122666244,0.0,0.0,True
DNAJB4,293.1395795452781,0.0,0.0,True
SMPD1,292.8987212369683,0.0,0.0,True
GINM1,292.89308030270496,0.0,0.0,True
SGSM1,292.8791162504533,0.0,0.0,True
PDCD10,292.8315260602442,0.0,0.0,True
SOX10,292.727567879772,0.0,0.0,True
GPA33,292.68125963888264,0.0,0.0,True
BRCA1,292.5387911458627,0.0,0.0,True
PLEKHH2,292.5108258149955,0.0,0.0,True
ANKRD22,292.47126601178377,0.0,0.0,True
SLC30A2,292.46105984197425,0.0,0.0,True
CARD6,292.44444588316964,0.0,0.0,True
HS3ST1,292.40888050942607,0.0,0.0,True
HIPK3,292.4002307334558,0.0,0.0,True
PPT1,292.35206577963646,0.0,0.0,True
ELOVL5,292.32368686972154,0.0,0.0,True
PTGFRN,292.3189937067623,0.0,0.0,True
MAG,292.23177936786846,0.0,0.0,True
LRCH1,292.23027197193136,0.0,0.0,True
MARVELD1,291.9335066153449,0.0,0.0,True
CCDC85A,291.8474038050302,0.0,0.0,True
MAGI1,291.78196924595704,0.0,0.0,True
N4BP2L1,291.7074111034566,0.0,0.0,True
DNAJB14,291.6986151935953,0.0,0.0,True
FXYD5,291.66753539024455,0.0,0.0,True
TULP1,291.6643890207955,0.0,0.0,True
PARD3B,291.5511145925313,0.0,0.0,True
GRAMD2B,291.459378998872,0.0,0.0,True
NIBAN1,291.34016907957664,0.0,0.0,True
ME3,291.19703560510726,0.0,0.0,True
IRAK2,291.1849388089137,0.0,0.0,True
MAP7D3,291.1518982082217,0.0,0.0,True
ANGPT1,291.09654424061586,0.0,0.0,True
MS4A12,290.99208194635236,0.0,0.0,True
HENMT1,290.9365438394969,0.0,0.0,True
PDGFRA,290.9314050619239,0.0,0.0,True
BDKRB1,290.91739705179594,0.0,0.0,True
ITIH5,290.80599325840507,0.0,0.0,True
ARMC9,290.8008237401584,0.0,0.0,True
TM6SF1,290.7683257339314,0.0,0.0,True
TSPAN2,290.6675691251326,0.0,0.0,True
KIAA0930,290.62125785546766,0.0,0.0,True
RNF13,290.6071744057763,0.0,0.0,True
PARD6B,290.2662053759437,0.0,0.0,True
ARAP2,290.13545355108505,0.0,0.0,True
MMS22L,290.1200916699715,0.0,0.0,True
CPO,289.9942146316105,0.0,0.0,True
RAP2C,289.8673192784408,0.0,0.0,True
LOX,289.832812454849,0.0,0.0,True
KCNG1,289.8223221154026,0.0,0.0,True
ADAMTSL3,289.7173958251911,0.0,0.0,True
GNL3L,289.6891738981953,0.0,0.0,True
CHST9,289.654766158276,0.0,0.0,True
CLN5,289.42924827655384,0.0,0.0,True
MS4A8,289.14019389972805,0.0,0.0,True
RRAGD,289.05562024852264,0.0,0.0,True
CD93,289.02442140029365,0.0,0.0,True
FAM13C,288.94684533357884,0.0,0.0,True
FTO,288.87929915428555,0.0,0.0,True
PIGX,288.8653841313616,0.0,0.0,True
TLL1,288.84059700082787,0.0,0.0,True
CFH,288.8225840143482,0.0,0.0,True
APBB1IP,288.8046865946261,0.0,0.0,True
LACTB2,288.7607157298565,0.0,0.0,True
SOCS2,288.7139694218134,0.0,0.0,True
DYNC2I1,288.6898047103699,0.0,0.0,True
THPO,288.6243968400347,0.0,0.0,True
GCC2,288.4818212430853,0.0,0.0,True
CD59,288.4689242404846,0.0,0.0,True
PPFIA4,288.3632125984525,0.0,0.0,True
LINS1,288.34671278915505,0.0,0.0,True
SASH1,288.2177892606327,0.0,0.0,True
IGDCC4,288.18916902532266,0.0,0.0,True
STARD13,288.1217793189704,0.0,0.0,True
MISP,288.07913429435,0.0,0.0,True
DHRS3,288.0401306132886,0.0,0.0,True
RALGPS1,288.0382577610622,0.0,0.0,True
PRDM5,287.9897644112286,0.0,0.0,True
RFTN1,287.8830408203715,0.0,0.0,True
PHKA2,287.84670414741277,0.0,0.0,True
FGF7,287.8218143269976,0.0,0.0,True
CEP126,287.6544215755156,0.0,0.0,True
AHNAK,287.6045691644617,0.0,0.0,True
EPHX1,287.53183031429364,0.0,0.0,True
LDHA,287.4623908968934,0.0,0.0,True
PDE8A,287.4527884627471,0.0,0.0,True
FNIP2,287.45057108648626,0.0,0.0,True
PPM1K,287.4463815975644,0.0,0.0,True
COMP,287.366319344112,0.0,0.0,True
RNF168,287.3536393735907,0.0,0.0,True
GGCT,287.2757189086315,0.0,0.0,True
HIRA,287.2476142255831,0.0,0.0,True
KIF26B,287.20852890354905,0.0,0.0,True
ADGRG6,287.05984402099267,0.0,0.0,True
GJA3,287.0446298216045,0.0,0.0,True
TSHZ3,287.02427672770074,0.0,0.0,True
ACTR3,287.00226165363205,0.0,0.0,True
CISH,286.908137449566,0.0,0.0,True
TRPC1,286.8219875097532,0.0,0.0,True
GPR153,286.7980709903686,0.0,0.0,True
MIA3,286.76408366989796,0.0,0.0,True
OAS3,286.74313082297806,0.0,0.0,True
GINS2,286.6848421095305,0.0,0.0,True
ZNF670-ZNF695,286.6739594848029,0.0,0.0,True
MINDY1,286.48774472479,0.0,0.0,True
NRP1,286.4639249964119,0.0,0.0,True
SLC16A6,286.45983260584234,0.0,0.0,True
PIH1D2,286.4221111697313,0.0,0.0,True
CSF3,286.39291303120996,0.0,0.0,True
FAM20A,286.38445062261314,0.0,0.0,True
DNM1,286.38064840065334,0.0,0.0,True
TEKT2,286.2643951871547,0.0,0.0,True
GINS4,286.16772123312734,0.0,0.0,True
FAHD2B,286.1555253005997,0.0,0.0,True
RNF146,286.10778243572,0.0,0.0,True
ZNF671,286.03202199481524,0.0,0.0,True
IL17RD,285.9789891842145,0.0,0.0,True
SEC16B,285.95871384114736,0.0,0.0,True
SDCCAG8,285.8605427433987,0.0,0.0,True
KCNK5,285.79387703090924,0.0,0.0,True
CHAF1B,285.68323944161483,0.0,0.0,True
NPM2,285.6458810850642,0.0,0.0,True
TEX11,285.61124511389727,0.0,0.0,True
AOC1,285.5208703516515,0.0,0.0,True
SLC6A11,285.5136126932663,0.0,0.0,True
SLC41A2,285.46488698368995,0.0,0.0,True
WDFY2,285.46336649519577,0.0,0.0,True
BUB3,285.2710486039209,0.0,0.0,True
RIT1,285.2028523496545,0.0,0.0,True
FGF11,285.19183065908703,0.0,0.0,True
CSTPP1,285.08695403808645,0.0,0.0,True
CHGA,285.0360957001613,0.0,0.0,True
ZNF92,284.9336959231702,0.0,0.0,True
TP73,284.91396764458835,0.0,0.0,True
NFIX,284.9091391624719,0.0,0.0,True
ETS2,284.88785674493806,0.0,0.0,True
NCOR1,284.85217042232523,0.0,0.0,True
TM7SF2,284.79870575111,0.0,0.0,True
KCNT2,284.7891112592364,0.0,0.0,True
FN1,284.7498682037251,0.0,0.0,True
CAPN2,284.73092032916975,0.0,0.0,True
SLC25A16,284.6960383238612,0.0,0.0,True
OXCT1,284.652269519241,0.0,0.0,True
ARL6IP5,284.6490084091814,0.0,0.0,True
POF1B,284.5991640735442,0.0,0.0,True
LRR1,284.55936237256753,0.0,0.0,True
C1GALT1,284.4552637286534,0.0,0.0,True
CNNM1,284.3612129696742,0.0,0.0,True
ZDHHC2,284.30942603194654,0.0,0.0,True
PIEZO1,284.2292232202294,0.0,0.0,True
FAM8A1,284.22167150209253,0.0,0.0,True
ASPN,284.1137986018918,0.0,0.0,True
DOP1B,284.10436179410203,0.0,0.0,True
TSPAN15,284.09880669004053,0.0,0.0,True
SYNJ2,284.0771109175935,0.0,0.0,True
H3-3A,284.0766465340597,0.0,0.0,True
DNALI1,283.96207644837006,0.0,0.0,True
CD109,283.77755984575134,0.0,0.0,True
RSPO2,283.7583380880885,0.0,0.0,True
KDM5D,283.74972939931865,0.0,0.0,True
SPARCL1,283.73543410669294,0.0,0.0,True
PCDH17,283.63928043592927,0.0,0.0,True
NHSL1,283.61472701207344,0.0,0.0,True
DCBLD1,283.5974628949805,0.0,0.0,True
WASF2,283.50723802979,0.0,0.0,True
TMEM169,283.4378220929514,0.0,0.0,True
TIAM1,283.415507101728,0.0,0.0,True
PCDH1,283.4043014876294,0.0,0.0,True
RIMKLB,283.31790643349694,0.0,0.0,True
HERPUD1,283.3074558363254,0.0,0.0,True
RHPN2,283.298169520137,0.0,0.0,True
CXCL6,283.2959458252104,0.0,0.0,True
SLC6A15,283.277691420426,0.0,0.0,True
JAM2,283.26471255903726,0.0,0.0,True
ZFHX2,283.2431951732061,0.0,0.0,True
RSPH3,283.22194447811245,0.0,0.0,True
BMP2K,283.1926031835911,0.0,0.0,True
SNCA,283.1740518616254,0.0,0.0,True
ZBTB46,283.1059565194389,0.0,0.0,True
RNF11,283.06860892994195,0.0,0.0,True
RASD2,283.0625834523546,0.0,0.0,True
VSIR,283.05784360390135,0.0,0.0,True
PREX2,282.9694486862463,0.0,0.0,True
PRKCI,282.890391584992,0.0,0.0,True
BICRAL,282.88838709155846,0.0,0.0,True
ADAM7,282.87935952653066,0.0,0.0,True
JAK2,282.8728816244621,0.0,0.0,True
SPAG9,282.85693491901,0.0,0.0,True
TMEM117,282.7273672291887,0.0,0.0,True
HDX,282.72253185013756,0.0,0.0,True
JAK1,282.6628805371986,0.0,0.0,True
HPCA,282.6228244540875,0.0,0.0,True
SYDE2,282.4901120880714,0.0,0.0,True
XDH,282.4741552186195,0.0,0.0,True
TRIM3,282.4730846152439,0.0,0.0,True
DOCK4,282.3307860192409,0.0,0.0,True
SLAIN1,282.2574764433956,0.0,0.0,True
SLC38A1,282.20883180963176,0.0,0.0,True
CSRP1,282.1730917966964,0.0,0.0,True
CDC7,282.15131160940234,0.0,0.0,True
SLC46A3,282.13987148222355,0.0,0.0,True
CALCRL,282.11258464589525,0.0,0.0,True
TGFB1,282.09144771183344,0.0,0.0,True
KCNK10,282.0192195032101,0.0,0.0,True
MEGF9,281.993955605292,0.0,0.0,True
IL1R2,281.98530848479066,0.0,0.0,True
GYG2,281.98113695276015,0.0,0.0,True
ST6GALNAC5,281.9582913362126,0.0,0.0,True
CAP1,281.9423641080022,0.0,0.0,True
PTPN21,281.9305520178997,0.0,0.0,True
DENND3,281.91533433197685,0.0,0.0,True
TGFBR2,281.90601244990927,0.0,0.0,True
CPS1,281.87934574337277,0.0,0.0,True
INPP5K,281.8292389059459,0.0,0.0,True
TACC1,281.80170333072715,0.0,0.0,True
CYP24A1,281.70914102345193,0.0,0.0,True
APOA4,281.6883568049668,0.0,0.0,True
RANBP1,281.60908395359934,0.0,0.0,True
TSC22D3,281.56540419692,0.0,0.0,True
SLC46A1,281.55471691979375,0.0,0.0,True
OLFM4,281.547972025348,0.0,0.0,True
RGS16,281.5409312567495,0.0,0.0,True
IGSF9B,281.4991078855425,0.0,0.0,True
DEGS1,281.41048377059894,0.0,0.0,True
RNF14,281.40843855705924,0.0,0.0,True
PPL,281.3499143851899,0.0,0.0,True
CCL20,281.3104391286099,0.0,0.0,True
MMP2,281.27191429649815,0.0,0.0,True
FATE1,281.24221792328143,0.0,0.0,True
SYCP3,281.1847744036621,0.0,0.0,True
SMAD3,281.14895399293727,0.0,0.0,True
SECISBP2L,281.0396524753952,0.0,0.0,True
P4HA3,281.02843016038986,0.0,0.0,True
PDK3,281.004843830578,0.0,0.0,True
APCDD1,281.0047881660226,0.0,0.0,True
USP15,280.8510222300228,0.0,0.0,True
MPP1,280.83006799993365,0.0,0.0,True
SOS2,280.66112266901195,0.0,0.0,True
NOX4,280.57058579507463,0.0,0.0,True
CMPK1,280.55386580361744,0.0,0.0,True
KMO,280.55162455173377,0.0,0.0,True
NCAPG2,280.50058715187265,0.0,0.0,True
NME2P1,280.4568512193716,0.0,0.0,True
SPRY1,280.45069025007354,0.0,0.0,True
SLC12A6,280.44808437598317,0.0,0.0,True
RPGRIP1L,280.4416341352634,0.0,0.0,True
MYOM1,280.4263538880194,0.0,0.0,True
HYDIN,280.40038982532457,0.0,0.0,True
SCN1B,280.38854361424563,0.0,0.0,True
GNG13,280.3603410740609,0.0,0.0,True
MPC1,280.3591791618837,0.0,0.0,True
SHD,280.3330290955281,0.0,0.0,True
COQ7,280.30929614401845,0.0,0.0,True
LYST,280.23214005929356,0.0,0.0,True
PPP2R2C,280.04711696805714,0.0,0.0,True
TLCD4,280.0138289390574,0.0,0.0,True
DPP8,280.0020202584546,0.0,0.0,True
SPTLC1,279.994955867891,0.0,0.0,True
TMEM50B,279.9613403473408,0.0,0.0,True
CFLAR,279.90795757903305,0.0,0.0,True
NUP188,279.9052289964062,0.0,0.0,True
ETNPPL,279.90043659774403,0.0,0.0,True
NDRG3,279.8769989914828,0.0,0.0,True
OSBPL1A,279.7908059436158,0.0,0.0,True
BBOF1,279.72258003570903,0.0,0.0,True
MYL3,279.7073297349592,0.0,0.0,True
PROSER1,279.60188794216003,0.0,0.0,True
TPM3,279.5876486107126,0.0,0.0,True
TBC1D32,279.5792697903833,0.0,0.0,True
BBS9,279.5402056097255,0.0,0.0,True
NEK6,279.4866501060982,0.0,0.0,True
SLK,279.32058697334446,0.0,0.0,True
CDKL5,279.30028070487964,0.0,0.0,True
PARP11,279.2369936320327,0.0,0.0,True
SH3D19,279.1385912203124,0.0,0.0,True
PLA2G4C,279.10969520694726,0.0,0.0,True
CASK,279.10040631536066,0.0,0.0,True
CNGA3,279.06982611089927,0.0,0.0,True
ENAH,279.04006990224053,0.0,0.0,True
TNNT1,279.03319111256724,0.0,0.0,True
ZNF532,278.9938489052407,0.0,0.0,True
UCK2,278.93887052561496,0.0,0.0,True
TLE4,278.8499415141322,0.0,0.0,True
RPS6KA5,278.84415608309723,0.0,0.0,True
ADAM2,278.84371949149556,0.0,0.0,True
FAM227B,278.8116645543659,0.0,0.0,True
SCN3B,278.7390416803229,0.0,0.0,True
ACKR3,278.71709879620227,0.0,0.0,True
HOXA6,278.70386862471037,0.0,0.0,True
PPP1R13L,278.6518066927271,0.0,0.0,True
EFNA2,278.62402940906486,0.0,0.0,True
CCDC28A,278.5997132165386,0.0,0.0,True
CARF,278.59815052260797,0.0,0.0,True
CCDC170,278.5883238380951,0.0,0.0,True
RUSC1,278.56982821106203,0.0,0.0,True
SYNJ1,278.5689984994436,0.0,0.0,True
DCAF10,278.5157322597962,0.0,0.0,True
EPHA5,278.4314620843902,0.0,0.0,True
TERT,278.2896913315131,0.0,0.0,True
ANKRD42,278.23109176738046,0.0,0.0,True
DZANK1,278.2305131547468,0.0,0.0,True
CORO1C,278.17338218427255,0.0,0.0,True
LSM12,278.1291613191352,0.0,0.0,True
LATS2,278.12282964208305,0.0,0.0,True
BARX1,278.1182176591959,0.0,0.0,True
PRR7,278.1070997889852,0.0,0.0,True
SFRP1,278.094704582095,0.0,0.0,True
PRSS16,278.0816287095866,0.0,0.0,True
GTF3C1,278.03798231337873,0.0,0.0,True
DNAJC27,278.0252548438981,0.0,0.0,True
AMPD3,277.84971433935135,0.0,0.0,True
ZNF281,277.8054294081019,0.0,0.0,True
ARID4A,277.8009230325047,0.0,0.0,True
MAP3K6,277.7408883443596,0.0,0.0,True
COX6B2,277.71939210921425,0.0,0.0,True
OPRK1,277.6586063318,0.0,0.0,True
PLEKHB2,277.6021540361618,0.0,0.0,True
TSPO2,277.57309678140734,0.0,0.0,True
NNMT,277.51961273130513,0.0,0.0,True
DCSTAMP,277.5148954871988,0.0,0.0,True
WWC3,277.50224377813,0.0,0.0,True
ECHDC2,277.33853173115335,0.0,0.0,True
ZNF701,277.29361714980155,0.0,0.0,True
ANGPTL1,277.2848008620083,0.0,0.0,True
GIMAP4,277.2825568505118,0.0,0.0,True
GAB3,277.2190808733136,0.0,0.0,True
IFT88,277.1636435560758,0.0,0.0,True
AKTIP,277.13562985549834,0.0,0.0,True
IGFBP7,277.10032674730206,0.0,0.0,True
TOPBP1,277.0923862235238,0.0,0.0,True
SERPINE1,277.074385001195,0.0,0.0,True
LEPROTL1,277.03672089838767,0.0,0.0,True
CRISPLD2,276.88193678168415,0.0,0.0,True
PLXDC1,276.8752038698441,0.0,0.0,True
LRP2BP,276.86889280425623,0.0,0.0,True
FBXO41,276.7823587318015,0.0,0.0,True
PROCR,276.7709789157335,0.0,0.0,True
SLC38A4,276.6871147454777,0.0,0.0,True
KCTD1,276.6521959098452,0.0,0.0,True
SLC16A9,276.6468208552889,0.0,0.0,True
RBFOX3,276.53918087373256,0.0,0.0,True
FRK,276.5390760643623,0.0,0.0,True
NADK2,276.5060746762327,0.0,0.0,True
USP31,276.50044768653953,0.0,0.0,True
DMRTA2,276.38807890865115,0.0,0.0,True
KHDC1,276.3417866969091,0.0,0.0,True
ECHDC3,276.2214780755881,0.0,0.0,True
CA11,276.1806263123169,0.0,0.0,True
PDK1,275.97967225690894,0.0,0.0,True
STON2,275.96737638543675,0.0,0.0,True
PICALM,275.9271382732332,0.0,0.0,True
SARDH,275.9147878946063,0.0,0.0,True
ZNF14,275.7907670570079,0.0,0.0,True
CRBN,275.74481574309294,0.0,0.0,True
E2F1,275.6907219309633,0.0,0.0,True
PCDH8,275.56916731369233,0.0,0.0,True
PHOSPHO2,275.560005939178,0.0,0.0,True
GPR137B,275.42986792562874,0.0,0.0,True
ADAM22,275.30758120024933,0.0,0.0,True
UNC93A,275.28224045122266,0.0,0.0,True
QSER1,275.2667046126061,0.0,0.0,True
FABP3,275.2593498547475,0.0,0.0,True
GALC,275.23950173683346,0.0,0.0,True
EPHA3,275.14910218923745,0.0,0.0,True
PLPP5,275.1325781928107,0.0,0.0,True
SAT2,275.0951692811076,0.0,0.0,True
FRY,275.0832201834421,0.0,0.0,True
TSPAN9,275.0441461957835,0.0,0.0,True
CHRDL1,274.9498629092456,0.0,0.0,True
DIP2B,274.8910933031682,0.0,0.0,True
ZC3H12A,274.8692652693809,0.0,0.0,True
KIAA1217,274.82716773215964,0.0,0.0,True
TEAD3,274.7783667580302,0.0,0.0,True
COX16,274.75010785415054,0.0,0.0,True
TRIM23,274.7319274056026,0.0,0.0,True
RAB18,274.7255473236735,0.0,0.0,True
MPP7,274.6843911574364,0.0,0.0,True
NHERF1,274.6498238044431,0.0,0.0,True
TMEM143,274.60996808225354,0.0,0.0,True
ENPP2,274.43439262953217,0.0,0.0,True
RAB21,274.2748115298991,0.0,0.0,True
MPV17L,274.1487994798082,0.0,0.0,True
ANKRD12,274.14872515503555,0.0,0.0,True
SH3GLB1,274.14655844703884,0.0,0.0,True
CABYR,274.1086980548211,0.0,0.0,True
CBR3,274.01466347284065,0.0,0.0,True
IGSF3,273.9972672533974,0.0,0.0,True
FBN1,273.95433468424216,0.0,0.0,True
ARHGAP27,273.95249802358313,0.0,0.0,True
RBPMS2,273.8214698110574,0.0,0.0,True
KCNN4,273.8101667507451,0.0,0.0,True
RHOJ,273.8059215069068,0.0,0.0,True
KCNN3,273.78489405188697,0.0,0.0,True
ERO1B,273.7218553944639,0.0,0.0,True
SLC4A11,273.6595547410919,0.0,0.0,True
ZMYND11,273.62285262889736,0.0,0.0,True
PLLP,273.61381339558613,0.0,0.0,True
SGK3,273.60793644130547,0.0,0.0,True
PIERCE1,273.5842947463792,0.0,0.0,True
SLCO1C1,273.5780922218354,0.0,0.0,True
NVL,273.4497316432902,0.0,0.0,True
SIDT2,273.4437784101894,0.0,0.0,True
SERPINB6,273.38680441898924,0.0,0.0,True
ZNF800,273.29821478491556,0.0,0.0,True
GPX8,273.2801796480944,0.0,0.0,True
SCUBE3,273.20836873103417,0.0,0.0,True
ZNF436,273.1693503881057,0.0,0.0,True
CDYL,273.06901887691305,0.0,0.0,True
FHOD1,273.02546226154345,0.0,0.0,True
GLB1L3,273.0219320456092,0.0,0.0,True
MOB1A,272.9851999228565,0.0,0.0,True
PRELID3A,272.95528455850814,0.0,0.0,True
CDK6,272.93679250260465,0.0,0.0,True
ELF5,272.88298106721004,0.0,0.0,True
GDF15,272.8088863530043,0.0,0.0,True
MOAP1,272.67481813549205,0.0,0.0,True
DCLRE1C,272.6620966747332,0.0,0.0,True
RPL32P21,272.6582314934778,0.0,0.0,True
NPY5R,272.63807021806645,0.0,0.0,True
USP12,272.5580013238524,0.0,0.0,True
CXCL14,272.54249161038854,0.0,0.0,True
ATP1A4,272.50253821019754,0.0,0.0,True
DOCK10,272.4822447600619,0.0,0.0,True
ADAMTS19,272.48103295760416,0.0,0.0,True
WFDC1,272.45681533266065,0.0,0.0,True
DRAM1,272.37912990084635,0.0,0.0,True
ANKH,272.36311241851615,0.0,0.0,True
BICD1,272.35403513365685,0.0,0.0,True
MYLIP,272.31830015493523,0.0,0.0,True
PRKAA1,272.20640899480276,0.0,0.0,True
EDN3,272.1615589218522,0.0,0.0,True
HOXA7,272.0887743762486,0.0,0.0,True
RAPGEF2,272.04039665424034,0.0,0.0,True
ANK3,272.0374719425192,0.0,0.0,True
KAT6B,272.01565590782116,0.0,0.0,True
C2,271.9171761781192,0.0,0.0,True
ZNF365,271.90635653455826,0.0,0.0,True
KAT2B,271.87882450164494,0.0,0.0,True
EZR,271.8787533619271,0.0,0.0,True
BLOC1S6,271.82360430702926,0.0,0.0,True
TAF3,271.7850984054777,0.0,0.0,True
IL36A,271.7455107754242,0.0,0.0,True
CCL26,271.69522676674904,0.0,0.0,True
CP,271.68312154606485,0.0,0.0,True
PALB2,271.60115182344236,0.0,0.0,True
TIPARP,271.53207676979423,0.0,0.0,True
HAPLN3,271.50570502439706,0.0,0.0,True
KATNAL1,271.5047549931301,0.0,0.0,True
HYCC2,271.5015806564471,0.0,0.0,True
STX11,271.46836775338517,0.0,0.0,True
FAM161B,271.29413476095556,0.0,0.0,True
DLX2,271.2397341872258,0.0,0.0,True
POLI,271.1412080565744,0.0,0.0,True
BIN1,271.06002193737805,0.0,0.0,True
PHF21B,270.95329597031,0.0,0.0,True
TIGD6,270.95092122957993,0.0,0.0,True
LYSMD2,270.8968228202579,0.0,0.0,True
CCNDBP1,270.8460270565724,0.0,0.0,True
LRRCC1,270.77293294006626,0.0,0.0,True
RAB9B,270.7543767957072,0.0,0.0,True
FGD4,270.74421346099945,0.0,0.0,True
DUSP15,270.71406559825806,0.0,0.0,True
ZNF302,270.6820345778864,0.0,0.0,True
RPL32P18,270.55949479724393,0.0,0.0,True
LDLRAP1,270.54573086007997,0.0,0.0,True
CHAC2,270.5315917092817,0.0,0.0,True
NCEH1,270.5147993977074,0.0,0.0,True
PRKG2,270.4974615762183,0.0,0.0,True
ARPP19,270.4713678098121,0.0,0.0,True
STK17A,270.4569762357332,0.0,0.0,True
KIF22,270.3908325319924,0.0,0.0,True
IL18,270.34694816873304,0.0,0.0,True
DGKD,270.3391011773184,0.0,0.0,True
PSRC1,270.33547623708836,0.0,0.0,True
TBC1D1,270.23228602453327,0.0,0.0,True
ANO4,270.1811704588218,0.0,0.0,True
ATRX,270.1469267580369,0.0,0.0,True
CLGN,270.1181118335573,0.0,0.0,True
CDKL1,270.0036589888296,0.0,0.0,True
TBC1D30,269.9515280518196,0.0,0.0,True
LRRC36,269.93954551308025,0.0,0.0,True
PRTG,269.90088267267214,0.0,0.0,True
EBF1,269.8451643429423,0.0,0.0,True
SAV1,269.8283649328226,0.0,0.0,True
MARK2,269.79548572698184,0.0,0.0,True
TNRC6C,269.6933038632254,0.0,0.0,True
MATN3,269.67869815200334,0.0,0.0,True
ACVR1,269.6696538696811,0.0,0.0,True
YEATS2,269.63254035419305,0.0,0.0,True
CHP2,269.6182048217672,0.0,0.0,True
MINDY3,269.6174686233519,0.0,0.0,True
ESYT2,269.581559327006,0.0,0.0,True
TANC1,269.55329040990665,0.0,0.0,True
IGFBP5,269.53496412409015,0.0,0.0,True
HS3ST3A1,269.50183964124676,0.0,0.0,True
STXBP1,269.4764896755597,0.0,0.0,True
PTPRS,269.4406811642118,0.0,0.0,True
PELI2,269.3665556470369,0.0,0.0,True
TLX2,269.3486843212853,0.0,0.0,True
MEAF6,269.2835754279258,0.0,0.0,True
VEZT,269.2300042022388,0.0,0.0,True
MTMR9,269.18051834022395,0.0,0.0,True
SPOCK1,269.05800612090434,0.0,0.0,True
LHFPL2,268.9958312447972,0.0,0.0,True
FMNL2,268.9326776102977,0.0,0.0,True
CTNNA2,268.8939896577065,0.0,0.0,True
VTCN1,268.8068183331626,0.0,0.0,True
CXCL12,268.7106958733556,0.0,0.0,True
AAK1,268.6903954568998,0.0,0.0,True
NLGN4Y,268.6433591796017,0.0,0.0,True
MORC3,268.622945164771,0.0,0.0,True
AXL,268.59074333990765,0.0,0.0,True
EVC,268.57959836867076,0.0,0.0,True
ITPKA,268.5299250319557,0.0,0.0,True
FBXO32,268.49690331710815,0.0,0.0,True
MTCL2,268.484704560739,0.0,0.0,True
ANPEP,268.4458602056511,0.0,0.0,True
CYP2U1,268.4455115174615,0.0,0.0,True
MLYCD,268.43413998571293,0.0,0.0,True
POU2AF2,268.4270784469554,0.0,0.0,True
HMGB1P5,268.39865541703927,0.0,0.0,True
VPS13D,268.39709258510226,0.0,0.0,True
GNPDA2,268.3877562990727,0.0,0.0,True
NFE2L2,268.3811011456816,0.0,0.0,True
SLC26A8,268.3536404960121,0.0,0.0,True
MIDEAS,268.2969756901127,0.0,0.0,True
UPK1A,268.27742754483825,0.0,0.0,True
GABRA6,268.2073054195882,0.0,0.0,True
DOCK8,268.1706060648316,0.0,0.0,True
NUP155,268.0993934918053,0.0,0.0,True
CPAMD8,268.07546188299204,0.0,0.0,True
CLIP1,267.99005090178593,0.0,0.0,True
NFIC,267.94823752401436,0.0,0.0,True
ELP2,267.9303932150085,0.0,0.0,True
STK4,267.8266606751935,0.0,0.0,True
ZSCAN1,267.8219202429496,0.0,0.0,True
AOPEP,267.8147962135389,0.0,0.0,True
DCLK1,267.7793130928146,0.0,0.0,True
GFRA3,267.72053298151724,0.0,0.0,True
CLCA3P,267.71386574024774,0.0,0.0,True
SH3BGRL3,267.7031349956196,0.0,0.0,True
CWF19L2,267.6588637957531,0.0,0.0,True
TNFRSF11B,267.64605256103385,0.0,0.0,True
HAVCR2,267.62685792532443,0.0,0.0,True
FZD6,267.6181846984685,0.0,0.0,True
TGFB3,267.60520485689653,0.0,0.0,True
KIF16B,267.5911680314173,0.0,0.0,True
BDH1,267.5855342827911,0.0,0.0,True
DSC2,267.4169422929991,0.0,0.0,True
GNA13,267.41174530299764,0.0,0.0,True
AEBP2,267.40404958811183,0.0,0.0,True
ZNF385B,267.3556371119805,0.0,0.0,True
CTTNBP2NL,267.31350713401076,0.0,0.0,True
ADAMTS2,267.30311566688385,0.0,0.0,True
PODXL2,267.2962882192453,0.0,0.0,True
DEFB1,267.1775811748452,0.0,0.0,True
CTU1,267.1419604807289,0.0,0.0,True
CLVS2,267.10085082278016,0.0,0.0,True
ZNF132,267.0940092269615,0.0,0.0,True
ZHX1,267.06011673239493,0.0,0.0,True
KIF9,267.0526197231749,0.0,0.0,True
LRRC1,267.0380645620489,0.0,0.0,True
FOXK1,267.00269069385735,0.0,0.0,True
ME1,266.9809804590897,0.0,0.0,True
DEF6,266.87096780280484,0.0,0.0,True
SCGB1A1,266.8213104705384,0.0,0.0,True
NINJ1,266.71089191954707,0.0,0.0,True
IGFBP3,266.657053207275,0.0,0.0,True
DLX4,266.6478701719169,0.0,0.0,True
ACADS,266.5627916929349,0.0,0.0,True
PROZ,266.46730267582234,0.0,0.0,True
MGARP,266.4556888078289,0.0,0.0,True
ABI2,266.37664914860636,0.0,0.0,True
UBA6,266.3612891806267,0.0,0.0,True
MAP7D1,266.3145741930262,0.0,0.0,True
CEACAM7,266.2362415362909,0.0,0.0,True
MCM6,266.18274359932593,0.0,0.0,True
GJA1,266.1448869789151,0.0,0.0,True
SCRG1,266.09557635610963,0.0,0.0,True
TMED4,266.06213416302154,0.0,0.0,True
ZNF213,266.02724084392213,0.0,0.0,True
GNL3,265.94382175730215,0.0,0.0,True
FYTTD1,265.8877468433177,0.0,0.0,True
LAMA1,265.8230552936391,0.0,0.0,True
GUCY2C,265.8061774133588,0.0,0.0,True
PDPK1,265.75063127117573,0.0,0.0,True
LZTFL1,265.64097744003595,0.0,0.0,True
UFSP2,265.53676949444025,0.0,0.0,True
PLP1,265.4779636753465,0.0,0.0,True
IFI27L2,265.46636367054936,0.0,0.0,True
ATP7B,265.42929276743837,0.0,0.0,True
ZNF208,265.40578456821385,0.0,0.0,True
SPATA7,265.3877891715938,0.0,0.0,True
DIRAS2,265.3848146296093,0.0,0.0,True
HYCC1,265.37731135607055,0.0,0.0,True
SENP8,265.36339419328425,0.0,0.0,True
UNC5B,265.1910016169856,0.0,0.0,True
FCN3,265.1406992993679,0.0,0.0,True
SAMD15,265.03896482441655,0.0,0.0,True
USP2,265.0304881376358,0.0,0.0,True
RNF185,264.84908410791024,0.0,0.0,True
HMGXB4,264.8238575422714,0.0,0.0,True
NCK2,264.8184728921036,0.0,0.0,True
SCARB2,264.8180431930541,0.0,0.0,True
TTF2,264.80182243448365,0.0,0.0,True
CCND3,264.79072252726485,0.0,0.0,True
FBXO3,264.7454994120963,0.0,0.0,True
NOL3,264.7327808341529,0.0,0.0,True
PHLPP2,264.6029339996917,0.0,0.0,True
SEC16A,264.559558913605,0.0,0.0,True
PKDCC,264.5466476607409,0.0,0.0,True
ZNF85,264.53710027264526,0.0,0.0,True
PABPC1,264.53608398190886,0.0,0.0,True
ADAP1,264.4982876874557,0.0,0.0,True
CETP,264.484549405947,0.0,0.0,True
PCDH19,264.46997420068465,0.0,0.0,True
NDUFB8,264.4031009776223,0.0,0.0,True
CASP14,264.3273046669725,0.0,0.0,True
SLC4A1,264.3008997946465,0.0,0.0,True
PHF1,264.1945224087942,0.0,0.0,True
WNT2B,264.09002728482193,0.0,0.0,True
MAPK8IP2,264.0449225030168,0.0,0.0,True
FGD3,264.02967526165656,0.0,0.0,True
SGMS2,264.01458363474705,0.0,0.0,True
CDK15,263.80965999229153,0.0,0.0,True
TRDMT1,263.7842485186226,0.0,0.0,True
ACVR1C,263.76676148679826,0.0,0.0,True
CEP85,263.6534305329233,0.0,0.0,True
BCAS4,263.6066055817795,0.0,0.0,True
TCTN3,263.5877893168937,0.0,0.0,True
C1QTNF6,263.58267302499,0.0,0.0,True
CYREN,263.5702783558279,0.0,0.0,True
MEF2A,263.4494977628141,0.0,0.0,True
SPARC,263.4179590047627,0.0,0.0,True
NLRP1,263.36636431655495,0.0,0.0,True
CHAF1A,263.33641394621566,0.0,0.0,True
ADGRL1,263.2868741369731,0.0,0.0,True
DCLK3,263.25944076816745,0.0,0.0,True
RBM47,263.2188250313975,0.0,0.0,True
TDRD1,263.19099145748083,0.0,0.0,True
PCNX2,263.18733823625723,0.0,0.0,True
ADAD2,263.1693235192116,0.0,0.0,True
PYGM,263.1492061933964,0.0,0.0,True
USHBP1,263.0290594617459,0.0,0.0,True
RASGRF2,263.02298963540085,0.0,0.0,True
NDC1,262.95946670740506,0.0,0.0,True
ANKRD24,262.94558102329916,0.0,0.0,True
GREB1L,262.85122858353714,0.0,0.0,True
MTFR1L,262.7981470472648,0.0,0.0,True
RUNDC3B,262.70983671150873,0.0,0.0,True
MARF1,262.6977782876316,0.0,0.0,True
SPATA9,262.69285743703887,0.0,0.0,True
SLC7A2,262.65143850877683,0.0,0.0,True
TMC6,262.6109460213849,0.0,0.0,True
KDM4B,262.59907535378534,0.0,0.0,True
FBXO5,262.58740138560717,0.0,0.0,True
ZC2HC1A,262.5546951198315,0.0,0.0,True
NDUFC2,262.4623742418352,0.0,0.0,True
STAMBPL1,262.4387452041002,0.0,0.0,True
SUSD3,262.3884626685163,0.0,0.0,True
CSE1L,262.38031451197173,0.0,0.0,True
DDR2,262.28515995984793,0.0,0.0,True
IL11RA,262.2746121479127,0.0,0.0,True
MTERF4,262.25157290603437,0.0,0.0,True
JPH4,262.24384443400714,0.0,0.0,True
FAM114A2,262.2282259709777,0.0,0.0,True
FGF1,262.17322401233986,0.0,0.0,True
AKAP9,262.1594367716127,0.0,0.0,True
THUMPD1,262.1238106978997,0.0,0.0,True
GFOD1,262.1203924284888,0.0,0.0,True
CACNA1I,262.0437965252335,0.0,0.0,True
MTMR2,262.03701656822443,0.0,0.0,True
IBSP,262.0192428169237,0.0,0.0,True
INCENP,261.98211332041166,0.0,0.0,True
SLC37A2,261.9504643438616,0.0,0.0,True
ZNFX1,261.8895125089101,0.0,0.0,True
GLT8D2,261.8836649806293,0.0,0.0,True
NEXN,261.8483785547095,0.0,0.0,True
WNT3,261.7419107950432,0.0,0.0,True
TNIP3,261.6277254473788,0.0,0.0,True
HEPH,261.59930751872685,0.0,0.0,True
ZFY,261.5586102660827,0.0,0.0,True
GLIS2,261.4833940278656,0.0,0.0,True
LMO7,261.3785963342001,0.0,0.0,True
ZER1,261.31981737413304,0.0,0.0,True
FLI1,261.2775457136025,0.0,0.0,True
CYLD,261.20814800633775,0.0,0.0,True
STEAP1B,261.14097137515836,0.0,0.0,True
SLCO5A1,261.0502845530709,0.0,0.0,True
CNNM4,260.94102978019424,0.0,0.0,True
FMO4,260.9019244310358,0.0,0.0,True
TNK2,260.89135646026415,0.0,0.0,True
MTERF2,260.8751209737461,0.0,0.0,True
SLC7A13,260.6904535026468,0.0,0.0,True
NHSL3,260.663009692333,0.0,0.0,True
GPR155,260.62967955981907,0.0,0.0,True
SSH2,260.62512253614125,0.0,0.0,True
MARCHF1,260.60589479421446,0.0,0.0,True
TNN,260.5891685725422,0.0,0.0,True
ADAMTS9,260.5522817023089,0.0,0.0,True
DAAM1,260.5408548097483,0.0,0.0,True
SASS6,260.5121520563616,0.0,0.0,True
ITGAV,260.4534918731279,0.0,0.0,True
CRNN,260.42121750769206,0.0,0.0,True
SENP1,260.35721332272595,0.0,0.0,True
LANCL3,260.35355296166097,0.0,0.0,True
DHRS2,260.3401806744473,0.0,0.0,True
ADK,260.3269899754498,0.0,0.0,True
CRACD,260.31096863620587,0.0,0.0,True
JPH1,260.30091252156654,0.0,0.0,True
VEGFC,260.2884704075338,0.0,0.0,True
CERCAM,260.2799843919263,0.0,0.0,True
SLC9A2,260.20358237401956,0.0,0.0,True
PI16,260.1891963146355,0.0,0.0,True
SEC14L4,260.13082699006674,0.0,0.0,True
NBEAL2,260.12600593227,0.0,0.0,True
CCNG1,260.1147847817102,0.0,0.0,True
RB1,260.11423302050713,0.0,0.0,True
DRC7,260.0814439761364,0.0,0.0,True
RRM2B,260.0606339662896,0.0,0.0,True
SHROOM1,260.03032703974156,0.0,0.0,True
FKBP5,260.02804503770653,0.0,0.0,True
TBC1D15,260.0243328322953,0.0,0.0,True
PRDM11,260.0025120157947,0.0,0.0,True
PLS1,259.9838306362799,0.0,0.0,True
GALNT18,259.928376554525,0.0,0.0,True
HSPA4L,259.85723409331945,0.0,0.0,True
DAB2IP,259.7803017428217,0.0,0.0,True
SH2D2A,259.68185969613756,0.0,0.0,True
HAPLN1,259.5865577729689,0.0,0.0,True
TMBIM1,259.57863605676704,0.0,0.0,True
EFCAB14,259.5608017818052,0.0,0.0,True
BEST3,259.5606557076442,0.0,0.0,True
CHST10,259.55847533692736,0.0,0.0,True
RAMP2,259.5527916077767,0.0,0.0,True
KDSR,259.4825851394393,0.0,0.0,True
DUSP6,259.4471561687978,0.0,0.0,True
IRAK3,259.43272122559205,0.0,0.0,True
KCNB1,259.4270416218631,0.0,0.0,True
RNF141,259.4094832677631,0.0,0.0,True
BZW1,259.3577166501185,0.0,0.0,True
TLNRD1,259.295389858797,0.0,0.0,True
CRTC3,259.16764850014016,0.0,0.0,True
C1orf74,259.1589321986461,0.0,0.0,True
NIPAL2,259.1353470029778,0.0,0.0,True
DSTN,259.0718958846724,0.0,0.0,True
LOXL1,259.00705058355254,0.0,0.0,True
TGFBRAP1,258.9322608126073,0.0,0.0,True
SCAPER,258.9236729171777,0.0,0.0,True
PPP1R12A,258.92138297096284,0.0,0.0,True
OSBPL8,258.827163472964,0.0,0.0,True
PLA2G4A,258.8126670711772,0.0,0.0,True
MAPRE1,258.74349944327844,0.0,0.0,True
ENO1,258.7348285534348,0.0,0.0,True
CTTNBP2,258.7223845217072,0.0,0.0,True
CTNNAL1,258.6950557727116,0.0,0.0,True
ZNF91,258.5492506534436,0.0,0.0,True
GAPVD1,258.54444448438585,0.0,0.0,True
KIT,258.522279782942,0.0,0.0,True
ISG20L2,258.5181845095099,0.0,0.0,True
LARP6,258.505652660474,0.0,0.0,True
GALM,258.4423820996047,0.0,0.0,True
KRT37,258.43719170591913,0.0,0.0,True
RALB,258.4187690371225,0.0,0.0,True
ILDR1,258.37479262717983,0.0,0.0,True
HRK,258.34995534749277,0.0,0.0,True
CCDC136,258.32385747389674,0.0,0.0,True
GMPS,258.31832609903404,0.0,0.0,True
ZC3H12C,258.3077270584817,0.0,0.0,True
STK10,258.2939986910187,0.0,0.0,True
MESP1,258.2893042516418,0.0,0.0,True
RMDN2,258.26388365291143,0.0,0.0,True
ASAP3,258.21993266845885,0.0,0.0,True
REPS1,258.16470576913594,0.0,0.0,True
PIK3CB,258.12994841620036,0.0,0.0,True
EEA1,258.052749823587,0.0,0.0,True
NIPAL1,258.0359589814312,0.0,0.0,True
GAB1,258.0230579186196,0.0,0.0,True
SEPTIN7,258.00997887037767,0.0,0.0,True
RIBC1,258.0078524893142,0.0,0.0,True
CLDN10,257.98041412019916,0.0,0.0,True
MRC2,257.97737205251576,0.0,0.0,True
BATF,257.9580130282021,0.0,0.0,True
PDLIM1,257.95780519061447,0.0,0.0,True
UBXN6,257.93135967983824,0.0,0.0,True
PRX,257.91783180017626,0.0,0.0,True
RAP1A,257.9117799374871,0.0,0.0,True
NOCT,257.7892263412339,0.0,0.0,True
KMT2A,257.68251530307106,0.0,0.0,True
RTN1,257.6296630180838,0.0,0.0,True
TGM5,257.6030469864296,0.0,0.0,True
MEMO1,257.5874940372782,0.0,0.0,True
CYFIP2,257.44921260481647,0.0,0.0,True
TERF2IP,257.4174112404872,0.0,0.0,True
HHIP,257.4010797247287,0.0,0.0,True
OLFML2B,257.3799262656743,0.0,0.0,True
PLAAT1,257.3792200506862,0.0,0.0,True
CD200,257.2707815004674,0.0,0.0,True
TPP1,257.21663748905854,0.0,0.0,True
ZDHHC1,257.1980324219545,0.0,0.0,True
CD58,257.19148420602147,0.0,0.0,True
HSD17B4,257.1149228177216,0.0,0.0,True
TSNAXIP1,257.0825798538206,0.0,0.0,True
MXI1,257.072519983323,0.0,0.0,True
MEIS3,257.05514115058,0.0,0.0,True
CEP170B,257.0373833215016,0.0,0.0,True
TLE2,256.98988201900437,0.0,0.0,True
YAF2,256.9758261366528,0.0,0.0,True
DNAJC1,256.9195999780606,0.0,0.0,True
SON,256.912440148051,0.0,0.0,True
RANGAP1,256.89246735033475,0.0,0.0,True
PRKCQ,256.88753145067534,0.0,0.0,True
IER5,256.85651570880077,0.0,0.0,True
RAG1,256.84496418438016,0.0,0.0,True
SCRN1,256.8321094782235,0.0,0.0,True
CLCN4,256.7872557863694,0.0,0.0,True
BRIX1,256.7332580318812,0.0,0.0,True
ULK2,256.70074346880256,0.0,0.0,True
ETV3,256.6859663543067,0.0,0.0,True
SDK2,256.6841593369786,0.0,0.0,True
EDN1,256.6448118000598,0.0,0.0,True
GNA11,256.6434884055158,0.0,0.0,True
DNAAF9,256.57674555158195,0.0,0.0,True
C18orf54,256.5360474685826,0.0,0.0,True
GGTLC2,256.5110793085206,0.0,0.0,True
PCNA,256.48897275432256,0.0,0.0,True
DNMT1,256.4721860275811,0.0,0.0,True
FMOD,256.4677994749089,0.0,0.0,True
CD99L2,256.44889281537763,0.0,0.0,True
GPC3,256.38602162324526,0.0,0.0,True
WWTR1,256.32742979853856,0.0,0.0,True
TRAF3IP2,256.30949728715683,0.0,0.0,True
HGFAC,256.2579597571862,0.0,0.0,True
CRYBG3,256.18466015715467,0.0,0.0,True
VIRMA,256.05903073616406,0.0,0.0,True
AKAP11,256.0488092854332,0.0,0.0,True
DENND4C,255.95612412422614,0.0,0.0,True
MMEL1,255.93995147922706,0.0,0.0,True
SNX13,255.9109681139426,0.0,0.0,True
PDZD2,255.9005089905484,0.0,0.0,True
FOXN3,255.74388477661836,0.0,0.0,True
ST6GAL1,255.72988856765036,0.0,0.0,True
ABCC9,255.69848838336523,0.0,0.0,True
RHOBTB1,255.6505886427693,0.0,0.0,True
PRKAR1A,255.64224731215305,0.0,0.0,True
ZDHHC8BP,255.6127992582451,0.0,0.0,True
ERG,255.6107785518979,0.0,0.0,True
ANKMY2,255.59899625122895,0.0,0.0,True
LOXL2,255.51630937417715,0.0,0.0,True
MPHOSPH6,255.51281829463264,0.0,0.0,True
RAE1,255.44275292804576,0.0,0.0,True
CCDC83,255.40439596577485,0.0,0.0,True
PIK3AP1,255.37573504752447,0.0,0.0,True
TCEAL4,255.31477621419674,0.0,0.0,True
RGS17,255.31359448323914,0.0,0.0,True
UBE3A,255.29109061066464,0.0,0.0,True
TPD52L1,255.2567825287273,0.0,0.0,True
DPP9,255.14732903602666,0.0,0.0,True
CBL,255.11170687532137,0.0,0.0,True
ATP2C1,254.92524844490933,0.0,0.0,True
AK8,254.8825943867079,0.0,0.0,True
STRBP,254.8704092381146,0.0,0.0,True
WDR35,254.81366532073,0.0,0.0,True
RABGAP1L,254.80447440387906,0.0,0.0,True
GSE1,254.78892884582478,0.0,0.0,True
GABRR1,254.7866413637511,0.0,0.0,True
RBMS1,254.78021545566085,0.0,0.0,True
OSBPL7,254.7527752506155,0.0,0.0,True
ZKSCAN1,254.69510381528204,0.0,0.0,True
AK1,254.67689537227125,0.0,0.0,True
TREH,254.64346525756295,0.0,0.0,True
URB2,254.6170797204065,0.0,0.0,True
FGFR1OP2,254.6081450175871,0.0,0.0,True
GTF2IRD1,254.58189332911508,0.0,0.0,True
MSLN,254.56875080847834,0.0,0.0,True
KCNMB1,254.56338952158464,0.0,0.0,True
MINK1,254.46291584630237,0.0,0.0,True
JADE2,254.4458122645132,0.0,0.0,True
SOD3,254.43801691601985,0.0,0.0,True
RNF149,254.34038681851828,0.0,0.0,True
FBXO7,254.29461549980735,0.0,0.0,True
RGS22,254.2346676323559,0.0,0.0,True
PLOD2,254.23331823152813,0.0,0.0,True
SEC62,254.18799748561514,0.0,0.0,True
ZFP64,254.17070892777073,0.0,0.0,True
SYT6,254.1623681315599,0.0,0.0,True
RLN2,254.15469373823728,0.0,0.0,True
ETFBKMT,254.14344073538285,0.0,0.0,True
PRSS23,254.0999553131505,0.0,0.0,True
NPHP4,254.0226052393929,0.0,0.0,True
MAST2,253.9476821132024,0.0,0.0,True
ADAM17,253.92076579116775,0.0,0.0,True
LPAR4,253.90722640787018,0.0,0.0,True
ACO1,253.90371243322974,0.0,0.0,True
HGF,253.85912613580288,0.0,0.0,True
AVPI1,253.80253721551256,0.0,0.0,True
SEMA3F,253.74464383037977,0.0,0.0,True
LFNG,253.7301943491219,0.0,0.0,True
RSBN1,253.72307279352486,0.0,0.0,True
CORO6,253.6953830219056,0.0,0.0,True
ARB2A,253.6824952824057,0.0,0.0,True
TBC1D2B,253.667661239328,0.0,0.0,True
CKB,253.62941857230285,0.0,0.0,True
CCDC82,253.50827993629096,0.0,0.0,True
CCP110,253.46961519050055,0.0,0.0,True
SLC19A2,253.43725394919443,0.0,0.0,True
KERA,253.36001496791545,0.0,0.0,True
VLDLR,253.35221446481236,0.0,0.0,True
PLCH1,253.303947183301,0.0,0.0,True
GOLGA4,253.27266955231204,0.0,0.0,True
SLCO2B1,253.2271316962141,0.0,0.0,True
IL37,253.128263938692,0.0,0.0,True
ARL8B,253.07701093240516,0.0,0.0,True
ARRDC3,253.0269454217849,0.0,0.0,True
OR4D6,253.0253118217834,0.0,0.0,True
WDR44,253.02391794490936,0.0,0.0,True
THRB,252.98538989516928,0.0,0.0,True
KYNU,252.95474147490773,0.0,0.0,True
FAIM2,252.94092217449878,0.0,0.0,True
PHF20,252.90781207862457,0.0,0.0,True
FLNB,252.88343812699108,0.0,0.0,True
ARL1,252.8449717898267,0.0,0.0,True
RASSF3,252.788071383155,0.0,0.0,True
HTR2C,252.76061020763288,0.0,0.0,True
PTPN12,252.71940014450277,0.0,0.0,True
SNTA1,252.69577746201145,0.0,0.0,True
PACRG,252.62575737000748,0.0,0.0,True
GDF6,252.55801670947292,0.0,0.0,True
RCOR1,252.54297307006235,0.0,0.0,True
CPED1,252.47217627164528,0.0,0.0,True
ZFP14,252.41655839773958,0.0,0.0,True
RECK,252.3085370856303,0.0,0.0,True
PLXNA2,252.23656564393994,0.0,0.0,True
MARCHF7,252.22608039985266,0.0,0.0,True
MIOS,252.16630805543565,0.0,0.0,True
INHBB,252.12952267322223,0.0,0.0,True
WNK1,252.1186638029481,0.0,0.0,True
IFT46,252.02506868678873,0.0,0.0,True
EFNA3,251.97091820055252,0.0,0.0,True
SMARCD2,251.94651581056993,0.0,0.0,True
SMOC2,251.85794875988913,0.0,0.0,True
AFP,251.73209509032637,0.0,0.0,True
CDR2,251.6947168872149,0.0,0.0,True
SMARCA2,251.6405174725097,0.0,0.0,True
PROSER3,251.6233815186455,0.0,0.0,True
TUB,251.56920572754072,0.0,0.0,True
HSPB8,251.56169494595025,0.0,0.0,True
TAF10,251.51982743006357,0.0,0.0,True
PREPL,251.47212917954548,0.0,0.0,True
MYC,251.45491035906153,0.0,0.0,True
DKC1,251.43477961785626,0.0,0.0,True
PNPLA3,251.3863185346733,0.0,0.0,True
COLEC11,251.38619931877258,0.0,0.0,True
CALCR,251.3748055742171,0.0,0.0,True
SLC2A5,251.3427807615091,0.0,0.0,True
NRP2,251.28050253235406,0.0,0.0,True
MPP3,251.23523432899432,0.0,0.0,True
RAB22A,251.20387140788685,0.0,0.0,True
CSNK1A1,251.19796869724883,0.0,0.0,True
JAM3,251.1850086562777,0.0,0.0,True
MEGF11,251.15240482962625,0.0,0.0,True
DNAL1,251.09306299069883,0.0,0.0,True
FHOD3,251.0395055040827,0.0,0.0,True
TUBA3D,251.0031933583667,0.0,0.0,True
HIBADH,250.98552018876356,0.0,0.0,True
THBS1,250.97339139497237,0.0,0.0,True
TDO2,250.9729995461639,0.0,0.0,True
DR1,250.96362943355072,0.0,0.0,True
GABARAPL2,250.89735927109083,0.0,0.0,True
ZEB1,250.8018629547895,0.0,0.0,True
ATP6V0A1,250.76844829743231,0.0,0.0,True
NAA50,250.76727845490612,0.0,0.0,True
TMEM254,250.75887283276828,0.0,0.0,True
GAL,250.75712476030506,0.0,0.0,True
MIS18BP1,250.73543586005354,0.0,0.0,True
FKBP4,250.72909855940807,0.0,0.0,True
P4HA2,250.70498307782825,0.0,0.0,True
WDFY3,250.69595864946655,0.0,0.0,True
PHC1,250.68007220594987,0.0,0.0,True
TTC39B,250.6576693391662,0.0,0.0,True
PGK1,250.61897246806797,0.0,0.0,True
STARD3NL,250.61162020219984,0.0,0.0,True
VSIG1,250.5933922539682,0.0,0.0,True
CNN2,250.577767017224,0.0,0.0,True
WDR76,250.5455078882773,0.0,0.0,True
MAPKAPK2,250.52315736721616,0.0,0.0,True
PRKCG,250.50202589823863,0.0,0.0,True
MCM8,250.49089028178136,0.0,0.0,True
PADI1,250.37542941540423,0.0,0.0,True
FAM167A,250.32922082603207,0.0,0.0,True
HABP4,250.32854862691082,0.0,0.0,True
TSPAN31,250.27586651270303,0.0,0.0,True
CCDC112,250.25310305557227,0.0,0.0,True
CCDC40,250.25295835350337,0.0,0.0,True
NKX2-3,250.21422039747338,0.0,0.0,True
GRB10,250.19908338410485,0.0,0.0,True
DTNA,250.13920292244026,0.0,0.0,True
PML,250.09976668081248,0.0,0.0,True
FGF9,250.0997064758285,0.0,0.0,True
IL15,250.08747546480737,0.0,0.0,True
UCHL3,249.99137209001992,0.0,0.0,True
MOCS2,249.93352415441603,0.0,0.0,True
JPH2,249.889856003375,0.0,0.0,True
CAB39,249.84971041910185,0.0,0.0,True
GPRC5B,249.84606903510246,0.0,0.0,True
TUBA1B,249.84208011916112,0.0,0.0,True
OSBPL6,249.83604265057065,0.0,0.0,True
FGF13,249.78655052407683,0.0,0.0,True
ELF1,249.76012578066255,0.0,0.0,True
LRRC4,249.6151916322606,0.0,0.0,True
DGKZ,249.58542454199167,0.0,0.0,True
RNFT2,249.55879948689824,0.0,0.0,True
PFN2,249.52878616238058,0.0,0.0,True
AREG,249.52182691616366,0.0,0.0,True
ZNF714,249.49334787063214,0.0,0.0,True
EDEM3,249.493118485638,0.0,0.0,True
PCYOX1L,249.46609185647466,0.0,0.0,True
SYT8,249.42916504516623,0.0,0.0,True
SAR1B,249.42383756972117,0.0,0.0,True
FAM81B,249.28465724380598,0.0,0.0,True
TMEM45B,249.24765028538584,0.0,0.0,True
CDK17,249.20652155257312,0.0,0.0,True
SNX24,249.14651072369895,0.0,0.0,True
ARID5B,249.12941273671126,0.0,0.0,True
PDK2,249.09069666691414,0.0,0.0,True
UTP23,249.07909542886262,0.0,0.0,True
SPTLC2,249.02143982431977,0.0,0.0,True
ARRDC2,248.97649818340045,0.0,0.0,True
ETV6,248.93271702498245,0.0,0.0,True
MS4A7,248.85840363363192,0.0,0.0,True
SLC19A3,248.84935233284125,0.0,0.0,True
CYP20A1,248.8362703601432,0.0,0.0,True
SPATA17,248.81002149283267,0.0,0.0,True
FAM151A,248.7727367622844,0.0,0.0,True
PBXIP1,248.73596126853315,0.0,0.0,True
MAN1A1,248.73366276756613,0.0,0.0,True
CFAP20DC,248.6846264648064,0.0,0.0,True
APOE,248.67575061003646,0.0,0.0,True
CNKSR3,248.64119015460003,0.0,0.0,True
FFAR2,248.63679618637073,0.0,0.0,True
CAST,248.62054029255592,0.0,0.0,True
SLC35D2,248.61047259169408,0.0,0.0,True
PRRG1,248.55669639471682,0.0,0.0,True
TMEM91,248.5387071453048,0.0,0.0,True
RAMP3,248.48989126569936,0.0,0.0,True
ANK2,248.39312515084808,0.0,0.0,True
PF4V1,248.3288863436398,0.0,0.0,True
PCNX4,248.26469108380226,0.0,0.0,True
PLPPR3,248.24223729394058,0.0,0.0,True
MIPOL1,248.22232958476445,0.0,0.0,True
EDIL3,248.20725701503991,0.0,0.0,True
GPNMB,248.18424947006784,0.0,0.0,True
TWSG1,248.1674044794433,0.0,0.0,True
NOS1,248.09407891642323,0.0,0.0,True
CCDC138,248.0819094547295,0.0,0.0,True
PDS5B,248.05087210764898,0.0,0.0,True
RASEF,247.99431131270475,0.0,0.0,True
COL26A1,247.9886357483559,0.0,0.0,True
WIPF1,247.9653233960256,0.0,0.0,True
CCRL2,247.9573679651907,0.0,0.0,True
USP44,247.95086492209325,0.0,0.0,True
RNASET2,247.93324733292033,0.0,0.0,True
TAGLN,247.93005746911805,0.0,0.0,True
CIB4,247.92987173897404,0.0,0.0,True
NGFR,247.918710542425,0.0,0.0,True
ACAN,247.88505843142607,0.0,0.0,True
ANKRD11,247.87574218347638,0.0,0.0,True
CALD1,247.85050005038016,0.0,0.0,True
FLVCR2,247.81382517437336,0.0,0.0,True
PNRC1,247.7625238501776,0.0,0.0,True
TBC1D12,247.75962053263186,0.0,0.0,True
CCSAP,247.7453568464828,0.0,0.0,True
FOXK2,247.70744049295095,0.0,0.0,True
LRRC32,247.6754806472508,0.0,0.0,True
SNRPA1P1,247.66535546768577,0.0,0.0,True
MGAT3,247.64147999898907,0.0,0.0,True
PSME4,247.59295455615427,0.0,0.0,True
GNAQ,247.57014204822957,0.0,0.0,True
PRRC2C,247.54408805990323,0.0,0.0,True
TUBA4A,247.51285043889024,0.0,0.0,True
HELB,247.5122668198443,0.0,0.0,True
MACF1,247.48797476585915,0.0,0.0,True
GPC4,247.4733834927438,0.0,0.0,True
ADAM19,247.42394758654694,0.0,0.0,True
CACNG1,247.33649290519926,0.0,0.0,True
SNX30,247.33192237324803,0.0,0.0,True
SLAMF9,247.2886548126759,0.0,0.0,True
SLMAP,247.2867766107145,0.0,0.0,True
SYT13,247.2322529901938,0.0,0.0,True
ITPKB,247.22796330020526,0.0,0.0,True
KCNJ2,247.20939426759847,0.0,0.0,True
NECAB3,247.1735827305858,0.0,0.0,True
BBS4,247.1558186664331,0.0,0.0,True
SERPINE2,247.08588421487391,0.0,0.0,True
SC5D,247.05159346361975,0.0,0.0,True
HMGCLL1,246.99659138094148,0.0,0.0,True
GSDME,246.990015923777,0.0,0.0,True
BBS2,246.96576952455845,0.0,0.0,True
TUFT1,246.94534846584554,0.0,0.0,True
DMTN,246.90488688518684,0.0,0.0,True
NUDT7,246.87937564723336,0.0,0.0,True
ZYG11B,246.8748071149382,0.0,0.0,True
LRATD1,246.79736161819747,0.0,0.0,True
NTN4,246.78288201673286,0.0,0.0,True
SLC43A3,246.7449033419593,0.0,0.0,True
GSPT1,246.64005162190784,0.0,0.0,True
MPRIP,246.6282584130867,0.0,0.0,True
ARHGAP10,246.61730062934114,0.0,0.0,True
ADCY7,246.59175809170299,0.0,0.0,True
ARHGAP21,246.56449222888213,0.0,0.0,True
TBC1D4,246.55481464049353,0.0,0.0,True
VDAC1P1,246.48478910974572,0.0,0.0,True
SPINK4,246.47995519174992,0.0,0.0,True
IL4R,246.45667065342852,0.0,0.0,True
CLK4,246.4396048866264,0.0,0.0,True
CALHM2,246.43022363284425,0.0,0.0,True
ATL2,246.42748162121762,0.0,0.0,True
TSC22D1,246.41319957665877,0.0,0.0,True
SH2D3C,246.4086321620681,0.0,0.0,True
GASK1A,246.3814448789503,0.0,0.0,True
BLZF1,246.32700032993597,0.0,0.0,True
IFT122,246.31245386441523,0.0,0.0,True
VRK1,246.30556171484216,0.0,0.0,True
PAFAH1B1,246.24321277165782,0.0,0.0,True
ADAMTS15,246.1717515543634,0.0,0.0,True
AMPH,246.1307631856736,0.0,0.0,True
ZNF835,246.12017662277086,0.0,0.0,True
RTN4,246.09690801864485,0.0,0.0,True
MON1B,246.04490524696843,0.0,0.0,True
CRTC1,245.96178786799317,0.0,0.0,True
PTPN18,245.9181097028963,0.0,0.0,True
HTATIP2,245.87385558793548,0.0,0.0,True
NUP205,245.85058738439056,0.0,0.0,True
THRA,245.8321933421228,0.0,0.0,True
REG3G,245.75843113448622,0.0,0.0,True
SDSL,245.69724310260287,0.0,0.0,True
PIK3CA,245.66106672021726,0.0,0.0,True
LNPEP,245.6235220681888,0.0,0.0,True
MYOM2,245.6197512535,0.0,0.0,True
TSPAN1,245.59690134728706,0.0,0.0,True
POU2F1,245.5631095186711,0.0,0.0,True
ITGA4,245.54998520268245,0.0,0.0,True
CYB5R4,245.44668731782932,0.0,0.0,True
SPMIP4,245.31706119682772,0.0,0.0,True
DUSP11,245.26067549738707,0.0,0.0,True
PLXNA3,245.246985417345,0.0,0.0,True
CATSPERB,245.24695097791425,0.0,0.0,True
PSMD11,245.24274208924447,0.0,0.0,True
RAET1E,245.22610852753598,0.0,0.0,True
SH3RF2,245.22264327511022,0.0,0.0,True
DDX21,245.1995361549076,0.0,0.0,True
FZD3,245.1607657640888,0.0,0.0,True
RPS6KC1,245.13854112748828,0.0,0.0,True
LATS1,245.05780642089184,0.0,0.0,True
UEVLD,245.01743698786234,0.0,0.0,True
ABHD2,244.9779090171336,0.0,0.0,True
CYP3A43,244.88817413172129,0.0,0.0,True
CRACR2A,244.8616187058894,0.0,0.0,True
TMEM204,244.80217526994582,0.0,0.0,True
INO80D,244.79368499330386,0.0,0.0,True
CCL24,244.78165594468896,0.0,0.0,True
PRKY,244.74886682309776,0.0,0.0,True
PDLIM3,244.7408125996729,0.0,0.0,True
SAMD8,244.7192364934172,0.0,0.0,True
ZMIZ1,244.71589174311796,0.0,0.0,True
CERK,244.7005064524322,0.0,0.0,True
RHBDF1,244.6703696979168,0.0,0.0,True
AHR,244.6264107681351,0.0,0.0,True
SPAG8,244.61757716802498,0.0,0.0,True
MTMR6,244.5807473062774,0.0,0.0,True
ERP27,244.52671857538593,0.0,0.0,True
TEX2,244.5218406204023,0.0,0.0,True
MAPK6,244.372351040778,0.0,0.0,True
LEPR,244.36411175714701,0.0,0.0,True
ZNF586,244.34600039345676,0.0,0.0,True
DNAJB6,244.1674834259775,0.0,0.0,True
ATP6V1G1,244.11417073182218,0.0,0.0,True
EGR2,244.0152799593501,0.0,0.0,True
CNRIP1,244.0124698249784,0.0,0.0,True
TMEM237,244.0072573826739,0.0,0.0,True
GNAS,243.97657366685343,0.0,0.0,True
MXRA8,243.95826161794704,0.0,0.0,True
VNN1,243.89469172462128,0.0,0.0,True
KCNH2,243.88826631247633,0.0,0.0,True
SPTBN1,243.87902034021013,0.0,0.0,True
PDSS1,243.87822841908238,0.0,0.0,True
CLIP2,243.87800770434353,0.0,0.0,True
TOR1AIP1,243.8713643731593,0.0,0.0,True
CDC27,243.87082945983718,0.0,0.0,True
XPA,243.86754526054918,0.0,0.0,True
SLFN13,243.71540292130095,0.0,0.0,True
SULT1E1,243.67928845314253,0.0,0.0,True
COPZ2,243.6584967476737,0.0,0.0,True
HSPB6,243.59483599442825,0.0,0.0,True
TIMM10B,243.57146121384795,0.0,0.0,True
DVL3,243.50610797256275,0.0,0.0,True
CREB1,243.4878058735675,0.0,0.0,True
SELENON,243.4877590978721,0.0,0.0,True
G6PC3,243.47973483710197,0.0,0.0,True
IFFO1,243.39869197992212,0.0,0.0,True
DMKN,243.38991888891042,0.0,0.0,True
HOXD9,243.3626365455805,0.0,0.0,True
SRPX,243.35311964032314,0.0,0.0,True
MAPK3,243.3483197364252,0.0,0.0,True
COX4I2,243.3453431827607,0.0,0.0,True
RNF125,243.30317641165573,0.0,0.0,True
PROM1,243.29351448521913,0.0,0.0,True
ANKRD50,243.28413133953964,0.0,0.0,True
PTH2R,243.25455735160082,0.0,0.0,True
SPINK7,243.2100206466829,0.0,0.0,True
EGF,243.2096630137267,0.0,0.0,True
GSC,243.18119710477268,0.0,0.0,True
LINC01587,243.16876361165765,0.0,0.0,True
GGPS1,243.16372505335138,0.0,0.0,True
RBM26,243.0982601737302,0.0,0.0,True
A4GALT,243.0748175015059,0.0,0.0,True
RAB34,243.0595530266178,0.0,0.0,True
TFF3,243.04584021368044,0.0,0.0,True
LRRC52,242.8796602805104,0.0,0.0,True
BTBD1,242.8462097665102,0.0,0.0,True
NDFIP2,242.75672590668958,0.0,0.0,True
SULF1,242.73844939188103,0.0,0.0,True
SLC38A2,242.73840536966568,0.0,0.0,True
TDRD5,242.69326503336654,0.0,0.0,True
SLC27A1,242.62292496823045,0.0,0.0,True
TLE6,242.62213556421608,0.0,0.0,True
CBLN1,242.5998950936303,0.0,0.0,True
SLC45A2,242.5410747504446,0.0,0.0,True
ELMO2,242.50642503303393,0.0,0.0,True
FRRS1,242.47265653726933,0.0,0.0,True
LNPK,242.45231813366863,0.0,0.0,True
SH3YL1,242.33303537634686,0.0,0.0,True
MPDZ,242.2751883526586,0.0,0.0,True
CASP1,242.26995890289317,0.0,0.0,True
EPB41L1,242.25732612070695,0.0,0.0,True
PGRMC2,242.25465892207444,0.0,0.0,True
TLR2,242.18025885873914,0.0,0.0,True
PXDNL,242.1673690512658,0.0,0.0,True
ADPRH,242.16400084735545,0.0,0.0,True
RBM18,242.15173378457777,0.0,0.0,True
PLGLB2,242.14141868413225,0.0,0.0,True
ARID1B,242.13847246128915,0.0,0.0,True
PPP1R21,242.12093499413402,0.0,0.0,True
PLAC8,242.05889313971934,0.0,0.0,True
OSTM1,242.0586269672622,0.0,0.0,True
HOXB3,242.02949651362368,0.0,0.0,True
IL19,242.02330631487447,0.0,0.0,True
C1QTNF7,242.01951306296203,0.0,0.0,True
TM4SF19,242.01135942122696,0.0,0.0,True
TSLP,242.01033881177256,0.0,0.0,True
RALA,242.00534841813234,0.0,0.0,True
TTC8,241.96083822702445,0.0,0.0,True
PRKAA2,241.95108310124058,0.0,0.0,True
POGLUT2,241.95034897210556,0.0,0.0,True
TIE1,241.88631516041733,0.0,0.0,True
EXOC1,241.85760495438856,0.0,0.0,True
ECM1,241.81581965797665,0.0,0.0,True
MEF2D,241.80337492190952,0.0,0.0,True
TLDC2,241.79653001157737,0.0,0.0,True
VRK2,241.74141340249392,0.0,0.0,True
NIPSNAP2,241.74122524655718,0.0,0.0,True
MND1,241.70455645205584,0.0,0.0,True
ACOXL,241.67332053400602,0.0,0.0,True
TDG,241.64937899537966,0.0,0.0,True
NDEL1,241.64575217587776,0.0,0.0,True
LGSN,241.63459168304485,0.0,0.0,True
WASHC4,241.59181132985424,0.0,0.0,True
PKNOX2,241.54708638098973,0.0,0.0,True
FRZB,241.51227886853394,0.0,0.0,True
SMC6,241.49006036043096,0.0,0.0,True
POLK,241.48650843162275,0.0,0.0,True
ZNF589,241.4370523068252,0.0,0.0,True
MYCBP2,241.43339104556708,0.0,0.0,True
PCOLCE2,241.42480879614976,0.0,0.0,True
IL1B,241.42366439960986,0.0,0.0,True
WNT4,241.30923115027318,0.0,0.0,True
KCNH3,241.30170486170744,0.0,0.0,True
BCLAF1,241.2699536556816,0.0,0.0,True
LDB3,241.2503948859638,0.0,0.0,True
GGT1,241.1966727928643,0.0,0.0,True
TRIM50,241.17651682360827,0.0,0.0,True
CC2D2A,241.17135028519655,0.0,0.0,True
ANKAR,241.13776921099054,0.0,0.0,True
SLCO1A2,241.125170482041,0.0,0.0,True
NUP50,241.1143905794487,0.0,0.0,True
PLEKHA3,241.01826443983333,0.0,0.0,True
CLEC1A,240.97299310485582,0.0,0.0,True
NAA15,240.95680957170228,0.0,0.0,True
EPHX3,240.9122374658456,0.0,0.0,True
PPP6C,240.9097822546132,0.0,0.0,True
SERP1,240.9092688403098,0.0,0.0,True
PHF20L1,240.90727870489155,0.0,0.0,True
CENPC,240.8347925705844,0.0,0.0,True
FAM135B,240.7621876867695,0.0,0.0,True
PRKAG2,240.75323614373823,0.0,0.0,True
CLDN17,240.62878482497584,0.0,0.0,True
TNFSF13B,240.61342667035615,0.0,0.0,True
VGLL1,240.56626537431526,0.0,0.0,True
TRIM68,240.53766471460554,0.0,0.0,True
NSMAF,240.52297884496016,0.0,0.0,True
ITGA11,240.44533209630998,0.0,0.0,True
MOCOS,240.44363546913138,0.0,0.0,True
SLU7,240.41246782956551,0.0,0.0,True
SLC25A45,240.37114043129958,0.0,0.0,True
MFSD1,240.3614544254468,0.0,0.0,True
FBXL19,240.34571246531414,0.0,0.0,True
MMP15,240.34206523781205,0.0,0.0,True
LRRC8A,240.3392689907707,0.0,0.0,True
LIX1,240.31782514987913,0.0,0.0,True
NDUFAF6,240.30779383672007,0.0,0.0,True
PTER,240.30035597231605,0.0,0.0,True
C2orf50,240.2925392949097,0.0,0.0,True
VCL,240.291023752394,0.0,0.0,True
TUBBP1,240.2838744770539,0.0,0.0,True
RASGEF1C,240.2497698422608,0.0,0.0,True
SMAD7,240.22009601272535,0.0,0.0,True
REM2,240.10559612061377,0.0,0.0,True
RCHY1,240.0928752927168,0.0,0.0,True
CMYA5,240.0799491312604,0.0,0.0,True
TSPAN33,240.06026895702723,0.0,0.0,True
SLC1A1,240.04435037448286,0.0,0.0,True
MROH8,240.0176341935361,0.0,0.0,True
VPS4B,239.96297215168528,0.0,0.0,True
PHIP,239.9284605168067,0.0,0.0,True
AKAP10,239.921713151191,0.0,0.0,True
OAS2,239.91356694327123,0.0,0.0,True
TBXA2R,239.90179076780873,0.0,0.0,True
CD5L,239.8269185735113,0.0,0.0,True
BBS5,239.7378831811749,0.0,0.0,True
DCTN5,239.70169897019878,0.0,0.0,True
LAMP5,239.68100891629715,0.0,0.0,True
SAMD4A,239.66732221027985,0.0,0.0,True
ASAP1,239.63628404948093,0.0,0.0,True
CADPS2,239.50959732839914,0.0,0.0,True
TRIM9,239.4827005889081,0.0,0.0,True
BOC,239.4268866251639,0.0,0.0,True
FAM107B,239.37612297605685,0.0,0.0,True
KRTCAP3,239.35681136861356,0.0,0.0,True
MAP3K9,239.35598439972475,0.0,0.0,True
GRPR,239.31151702311837,0.0,0.0,True
TPMT,239.29274247625008,0.0,0.0,True
SMAD6,239.16458942440877,0.0,0.0,True
ZBTB11,239.16290151639666,0.0,0.0,True
SENP2,239.154459409699,0.0,0.0,True
SH3BP2,239.10667546485942,0.0,0.0,True
ACTC1,238.92207588508703,0.0,0.0,True
OTULIN,238.89693365036726,0.0,0.0,True
SETDB2,238.87409421204435,0.0,0.0,True
ABL2,238.86621883586682,0.0,0.0,True
IL12RB2,238.82662157929892,0.0,0.0,True
NKX6-1,238.8244287908593,0.0,0.0,True
DYNC1I2,238.8058833812629,0.0,0.0,True
ADGRE2,238.79669878158055,0.0,0.0,True
RCOR3,238.76164626788585,0.0,0.0,True
SCAMP1,238.66018433369862,0.0,0.0,True
NEK1,238.6533574091329,0.0,0.0,True
CDH24,238.65151519914238,0.0,0.0,True
FOXJ1,238.64366922468255,0.0,0.0,True
RRM1,238.63051170869164,0.0,0.0,True
DIRAS3,238.5802157652748,0.0,0.0,True
PTPRA,238.57826539474357,0.0,0.0,True
AP4E1,238.54755994381952,0.0,0.0,True
TRPC4,238.54646163156264,0.0,0.0,True
ECPAS,238.47265104572062,0.0,0.0,True
SETX,238.47114722175274,0.0,0.0,True
FGFR1,238.45200482473885,0.0,0.0,True
TULP4,238.3846670743069,0.0,0.0,True
ATP8B1,238.3781701531183,0.0,0.0,True
DUSP9,238.35585204033978,0.0,0.0,True
TIMELESS,238.18325509966442,0.0,0.0,True
YIPF1,238.16395650274472,0.0,0.0,True
COX6C,238.15716398093264,0.0,0.0,True
TECTB,238.10771348022334,0.0,0.0,True
MPST,238.0951228794845,0.0,0.0,True
MPPED2,238.0802039023059,0.0,0.0,True
UPRT,237.98990363245184,0.0,0.0,True
MASTL,237.9742665612092,0.0,0.0,True
SEMA7A,237.97153511413384,0.0,0.0,True
ABI1,237.96893499784895,0.0,0.0,True
TSGA10,237.93434974962491,0.0,0.0,True
MTRR,237.9092255558458,0.0,0.0,True
BPIFB1,237.90903879660075,0.0,0.0,True
EPM2A,237.8921458894298,0.0,0.0,True
ZC3H12B,237.88305786065666,0.0,0.0,True
PAG1,237.85727994082785,0.0,0.0,True
COG5,237.7753130699152,0.0,0.0,True
STAM2,237.74873343893682,0.0,0.0,True
CPA3,237.7398931174741,0.0,0.0,True
GSN,237.73779914681302,0.0,0.0,True
CIMIP1,237.6874174257496,0.0,0.0,True
CNOT6L,237.67118638618277,0.0,0.0,True
FLVCR1,237.59639042034604,0.0,0.0,True
EXOC8,237.56589768057688,0.0,0.0,True
KCNJ13,237.55831871007823,0.0,0.0,True
KCNIP3,237.5306455357815,0.0,0.0,True
CASP2,237.51263071766397,0.0,0.0,True
ACAA1,237.3976752326992,0.0,0.0,True
NAF1,237.38070043556883,0.0,0.0,True
RUNX1T1,237.28841148291013,0.0,0.0,True
RUNX3,237.28419969399576,0.0,0.0,True
QPRT,237.27958905025847,0.0,0.0,True
TNIP1,237.24894320264139,0.0,0.0,True
SCPEP1,237.2276713498556,0.0,0.0,True
ACLY,237.20364003060186,0.0,0.0,True
FIGNL1,237.11750651537542,0.0,0.0,True
PCBD2,237.1153201923547,0.0,0.0,True
NAA25,237.1147691064657,0.0,0.0,True
IFNGR1,237.04709715839624,0.0,0.0,True
LRRC23,236.97598063736342,0.0,0.0,True
ARPC1B,236.9667513798552,0.0,0.0,True
CTF1,236.93518936419025,0.0,0.0,True
MAST4,236.9206691869196,0.0,0.0,True
PFKM,236.85573733357117,0.0,0.0,True
CACNB1,236.83250958373912,0.0,0.0,True
CDON,236.81735576295935,0.0,0.0,True
UNC13D,236.75061688818738,0.0,0.0,True
PSD3,236.72058296427338,0.0,0.0,True
SOX4,236.71061678180345,0.0,0.0,True
TSACC,236.6692398285414,0.0,0.0,True
PRMT2,236.65373700684165,0.0,0.0,True
ARFIP2,236.63970232921662,0.0,0.0,True
ATP6V1D,236.60957933647575,0.0,0.0,True
RNF38,236.56513936831828,0.0,0.0,True
CAPSL,236.53567568745058,0.0,0.0,True
MSI2,236.46905002682237,0.0,0.0,True
TEP1,236.44476623929447,0.0,0.0,True
MYLK,236.4394599334075,0.0,0.0,True
ACRBP,236.42499804666704,0.0,0.0,True
TBC1D19,236.41965935509467,0.0,0.0,True
SLC34A1,236.2813294784997,0.0,0.0,True
C7orf57,236.23726357787774,0.0,0.0,True
SENP5,236.219163637265,0.0,0.0,True
TPM1,236.20801386542843,0.0,0.0,True
SIGLEC8,236.20274102099754,0.0,0.0,True
SEL1L,236.1802582822995,0.0,0.0,True
RAB39B,236.15913331472845,0.0,0.0,True
CCN5,236.13969690287587,0.0,0.0,True
GLIS3,236.0907412508438,0.0,0.0,True
MCEE,236.07860016807797,0.0,0.0,True
PSMD5,236.02582446132809,0.0,0.0,True
THSD7A,235.98019532937283,0.0,0.0,True
ADD3,235.92407377422634,0.0,0.0,True
FYCO1,235.8895909051216,0.0,0.0,True
CDK20,235.8483807588781,0.0,0.0,True
NOVA1,235.81587793780585,0.0,0.0,True
PDE4A,235.81534473774954,0.0,0.0,True
AMELY,235.81210131631755,0.0,0.0,True
SLC35A3,235.7951260249591,0.0,0.0,True
ZBTB47,235.78842164588264,0.0,0.0,True
SLC52A1,235.7305450010734,0.0,0.0,True
KIAA0087,235.7258286956908,0.0,0.0,True
G2E3,235.71190998886703,0.0,0.0,True
KAT6A,235.70534096366168,0.0,0.0,True
ACSS1,235.68596963924082,0.0,0.0,True
LMF1,235.68485904072065,0.0,0.0,True
PIK3C2A,235.66070007052156,0.0,0.0,True
SHOC2,235.6553460013947,0.0,0.0,True
ACSF2,235.64263740557354,0.0,0.0,True
B3GALT2,235.6262207949384,0.0,0.0,True
GLO1,235.62518286488535,0.0,0.0,True
ZNF528,235.6246177068673,0.0,0.0,True
FBN2,235.60906945748442,0.0,0.0,True
EGLN1,235.59306448315985,0.0,0.0,True
FRMD8,235.58658214784072,0.0,0.0,True
PYGL,235.57258450788288,0.0,0.0,True
NAB2,235.56382327973552,0.0,0.0,True
RASA1,235.56038163335185,0.0,0.0,True
GPATCH11,235.5506762981034,0.0,0.0,True
ZNF137P,235.51617298299286,0.0,0.0,True
PIGR,235.50209206782867,0.0,0.0,True
ATMIN,235.4457917610459,0.0,0.0,True
AMMECR1,235.3707842777247,0.0,0.0,True
CAMTA2,235.36599936775846,0.0,0.0,True
RAB11A,235.3629726536294,0.0,0.0,True
RAP1GAP2,235.32947535965567,0.0,0.0,True
KAZALD1,235.2923751050489,0.0,0.0,True
SERINC5,235.26326390543082,0.0,0.0,True
ENG,235.26269906095254,0.0,0.0,True
IKZF5,235.25301624997468,0.0,0.0,True
CRISP3,235.21784177547653,0.0,0.0,True
ACVRL1,235.20545181262878,0.0,0.0,True
INSIG2,235.17243770120137,0.0,0.0,True
BEX2,235.15506717897117,0.0,0.0,True
XPR1,235.0625226898642,0.0,0.0,True
FUZ,235.06182373897923,0.0,0.0,True
ITPR2,235.01669025266273,0.0,0.0,True
ZCCHC24,234.98127105097433,0.0,0.0,True
APPL2,234.96722577924066,0.0,0.0,True
TAF1A,234.96459387185357,0.0,0.0,True
RALGPS2,234.897312494183,0.0,0.0,True
PITPNM1,234.85808049824394,0.0,0.0,True
SERPINF1,234.8342225072906,0.0,0.0,True
SLC9A7,234.7987828060776,0.0,0.0,True
ZNF614,234.78427776635857,0.0,0.0,True
ANKIB1,234.78060056505922,0.0,0.0,True
CSRNP2,234.77769794800795,0.0,0.0,True
ANO1,234.77491725496986,0.0,0.0,True
TMEM130,234.73353729907566,0.0,0.0,True
ZNF319,234.70034036018325,0.0,0.0,True
CCDC68,234.68528342712622,0.0,0.0,True
AHDC1,234.68475751957305,0.0,0.0,True
MOB4,234.6660100204381,0.0,0.0,True
LPAR6,234.66071958851023,0.0,0.0,True
ARID4B,234.6562814217132,0.0,0.0,True
CERT1,234.64579191938734,0.0,0.0,True
PRSS12,234.63671083934545,0.0,0.0,True
MS4A2,234.6245192767828,0.0,0.0,True
NT5C3A,234.5823912664807,0.0,0.0,True
ARL14EP,234.57285889152274,0.0,0.0,True
FAM120A,234.52582462156664,0.0,0.0,True
NEDD1,234.5146780482935,0.0,0.0,True
RNF144B,234.47502519732163,0.0,0.0,True
MYCL,234.45522081919646,0.0,0.0,True
PHACTR2,234.42952556515735,0.0,0.0,True
MTA2,234.4048425104789,0.0,0.0,True
DCUN1D5,234.36548714901429,0.0,0.0,True
SMARCD3,234.34980070667308,0.0,0.0,True
ZCCHC14,234.33465929520204,0.0,0.0,True
FBXO15,234.33139742193453,0.0,0.0,True
PUS7,234.2971244236504,0.0,0.0,True
HAUS8,234.2912795899005,0.0,0.0,True
ZNF484,234.2849820550854,0.0,0.0,True
NPTX2,234.26526280828838,0.0,0.0,True
PLXNC1,234.25164036019984,0.0,0.0,True
SEPTIN8,234.19054061758365,0.0,0.0,True
STMN1,234.16511915068057,0.0,0.0,True
ZC3H13,234.15118593971093,0.0,0.0,True
CACNA1C,234.1388757203812,0.0,0.0,True
EPHB2,234.123388797956,0.0,0.0,True
AKAP6,234.1068567035289,0.0,0.0,True
GABPA,234.07728484453793,0.0,0.0,True
SYNPR,234.065572876831,0.0,0.0,True
ARHGEF10,234.06329814262514,0.0,0.0,True
CAMSAP2,234.05387908725277,0.0,0.0,True
ARL11,234.0354166242979,0.0,0.0,True
NCOA1,234.0328462136363,0.0,0.0,True
KLHL18,233.9930907526636,0.0,0.0,True
BMERB1,233.95205387852664,0.0,0.0,True
SNAP91,233.9269305276204,0.0,0.0,True
MTHFS,233.92392278422074,0.0,0.0,True
DNAI1,233.9057018053094,0.0,0.0,True
USB1,233.89876615392944,0.0,0.0,True
LRRC31,233.8834056417375,0.0,0.0,True
ANKRD44,233.86633647241126,0.0,0.0,True
CELF2,233.8602059759545,0.0,0.0,True
DIS3,233.78181355813007,0.0,0.0,True
LXN,233.76810456684439,0.0,0.0,True
AP2B1,233.7455348630301,0.0,0.0,True
PPP2R5E,233.63913587578548,0.0,0.0,True
BCL11A,233.61124245583497,0.0,0.0,True
KCNJ8,233.5935056650291,0.0,0.0,True
ADGRA2,233.59240339807397,0.0,0.0,True
BST1,233.56189967533248,0.0,0.0,True
ABCG2,233.54550677796695,0.0,0.0,True
SLC35A1,233.53627908762272,0.0,0.0,True
PROK1,233.518446995393,0.0,0.0,True
TM9SF3,233.51336883829995,0.0,0.0,True
TMEM47,233.4992210864353,0.0,0.0,True
NIPSNAP3B,233.4874485899254,0.0,0.0,True
RRAGB,233.28103554717188,0.0,0.0,True
RNF170,233.27614594514108,0.0,0.0,True
LRRIQ1,233.26865560855185,0.0,0.0,True
TNFSF10,233.24617305730106,0.0,0.0,True
FNBP1L,233.17534306566483,0.0,0.0,True
P2RX7,233.16798490836453,0.0,0.0,True
NAB1,233.13577120159468,0.0,0.0,True
LPIN2,233.1023577949166,0.0,0.0,True
NHERF2,233.08721111663448,0.0,0.0,True
ZZEF1,233.0803157769961,0.0,0.0,True
KIF27,233.0734972057398,0.0,0.0,True
GPATCH2,233.05918354784876,0.0,0.0,True
AHCTF1,232.97628909584157,0.0,0.0,True
ELOVL4,232.94753749781404,0.0,0.0,True
IGFBP2,232.92217615104792,0.0,0.0,True
SLC26A1,232.9178962126146,0.0,0.0,True
STXBP3,232.88381955105046,0.0,0.0,True
BTBD10,232.85121127737347,0.0,0.0,True
EPSTI1,232.80097285082803,0.0,0.0,True
IL15RA,232.7814594256802,0.0,0.0,True
MPV17,232.77944697760282,0.0,0.0,True
PAFAH2,232.7437534076092,0.0,0.0,True
GOT1,232.72277174627158,0.0,0.0,True
SLPI,232.72008383209857,0.0,0.0,True
SLC7A7,232.71755652268394,0.0,0.0,True
ARHGAP28,232.70509253557879,0.0,0.0,True
ZNG1E,232.67503824868712,0.0,0.0,True
PTPN14,232.6609563056033,0.0,0.0,True
SLC4A7,232.63407387240485,0.0,0.0,True
CENPO,232.62981031321507,0.0,0.0,True
EEPD1,232.61954618973857,0.0,0.0,True
RICTOR,232.61761901255818,0.0,0.0,True
BICRA,232.61678985352128,0.0,0.0,True
AHI1,232.4637082000028,0.0,0.0,True
C3,232.44915539699215,0.0,0.0,True
USH2A,232.4468886497248,0.0,0.0,True
TOLLIP,232.44402132509703,0.0,0.0,True
ZBTB24,232.39754579721253,0.0,0.0,True
PTGIR,232.35572090990382,0.0,0.0,True
C1orf131,232.34671385461357,0.0,0.0,True
FOLH1B,232.26195050268976,0.0,0.0,True
RAD21,232.2377475268399,0.0,0.0,True
PIK3IP1,232.2164586383269,0.0,0.0,True
SLC12A4,232.17206211552718,0.0,0.0,True
ACOT7,232.10550389663754,0.0,0.0,True
POLA1,232.07743025181622,0.0,0.0,True
DSTYK,232.0399667876874,0.0,0.0,True
SLC7A6,232.0213295303974,0.0,0.0,True
FAM117B,231.97230570527267,0.0,0.0,True
CTDSPL,231.92732721318546,0.0,0.0,True
SLC66A3,231.9111536470709,0.0,0.0,True
TP53INP1,231.88948623242445,0.0,0.0,True
SORCS3,231.86931740538978,0.0,0.0,True
PRIM2,231.85897826293507,0.0,0.0,True
SCNN1A,231.8501329232146,0.0,0.0,True
NSRP1,231.83881631110182,0.0,0.0,True
OSGIN1,231.83303523216847,0.0,0.0,True
CEP350,231.82804941693556,0.0,0.0,True
FGL2,231.80367336014632,0.0,0.0,True
RABGAP1,231.79869282592776,0.0,0.0,True
TMF1,231.7961743445642,0.0,0.0,True
B3GALNT2,231.79499254696535,0.0,0.0,True
DTNB,231.76268262545736,0.0,0.0,True
GRIP1,231.69039121818054,0.0,0.0,True
AIG1,231.67864526442008,0.0,0.0,True
GDPD1,231.6779621808987,0.0,0.0,True
ALAD,231.65017881777723,0.0,0.0,True
DST,231.61765629345294,0.0,0.0,True
SAMD1,231.5657618582198,0.0,0.0,True
EFR3A,231.55791031028812,0.0,0.0,True
ITGA7,231.50895289777785,0.0,0.0,True
IGBP1,231.49817407965125,0.0,0.0,True
NUDT1,231.34861162068108,0.0,0.0,True
ANKRD36,231.31357265508436,0.0,0.0,True
NCS1,231.31266011217664,0.0,0.0,True
TRIM14,231.3123827429945,0.0,0.0,True
HERC1,231.30504723063146,0.0,0.0,True
DEPTOR,231.30324302405623,0.0,0.0,True
SERPINI1,231.27477046216808,0.0,0.0,True
SLC41A1,231.220766424213,0.0,0.0,True
REEP3,231.16754936992925,0.0,0.0,True
SLC35E1,231.1582470050743,0.0,0.0,True
ATP13A2,231.15818657301102,0.0,0.0,True
TMEM165,231.14218978357215,0.0,0.0,True
CACNA1G,231.07315722654025,0.0,0.0,True
CRIP3,231.03189005121783,0.0,0.0,True
KLF3,231.01537990923816,0.0,0.0,True
FARP1,230.94543871302207,0.0,0.0,True
CYP2W1,230.9433941942184,0.0,0.0,True
AQP9,230.9360447359451,0.0,0.0,True
ZNF577,230.9294042497435,0.0,0.0,True
TRIP10,230.90597848138862,0.0,0.0,True
MAMDC2,230.7856022460744,0.0,0.0,True
TMCO1,230.65703175823705,0.0,0.0,True
LSG1,230.6457359949069,0.0,0.0,True
PPP1R9B,230.60980130568842,0.0,0.0,True
ABCA2,230.60089376943108,0.0,0.0,True
TENT2,230.5971434088758,0.0,0.0,True
ZNF660,230.58651803597377,0.0,0.0,True
TMCO4,230.58420329201564,0.0,0.0,True
RILPL2,230.45500984370744,0.0,0.0,True
SLC20A1,230.42855774419797,0.0,0.0,True
MAL2,230.3958390536553,0.0,0.0,True
POU2F2,230.3682342510922,0.0,0.0,True
RIOK1,230.3530164786371,0.0,0.0,True
BDP1,230.34827256359858,0.0,0.0,True
ROCK1,230.34081465128722,0.0,0.0,True
PHF12,230.30463586832727,0.0,0.0,True
IDI1,230.2933213726854,0.0,0.0,True
TXLNB,230.24186937954755,0.0,0.0,True
NUMA1,230.22843041743187,0.0,0.0,True
FGD5,230.20138904384086,0.0,0.0,True
DELE1,230.20066132505363,0.0,0.0,True
NFATC2,230.1900629106517,0.0,0.0,True
CCNO,230.161520998112,0.0,0.0,True
ASIC1,230.15685393207164,0.0,0.0,True
FLNC,230.11775563161905,0.0,0.0,True
MFAP4,230.1067720857024,0.0,0.0,True
CD274,230.06257076159488,0.0,0.0,True
CDS2,230.061802877511,0.0,0.0,True
LAMB1,230.05891151222474,0.0,0.0,True
WDR54,230.04755044431005,0.0,0.0,True
ANAPC1,230.00839972267676,0.0,0.0,True
AFTPH,229.97576822402416,0.0,0.0,True
MVP,229.94875826281447,0.0,0.0,True
KLF10,229.94800554517244,0.0,0.0,True
CBARP,229.90674871243473,0.0,0.0,True
CBX4,229.8985838215972,0.0,0.0,True
KISS1R,229.87415537145566,0.0,0.0,True
WASHC3,229.83984330430312,0.0,0.0,True
FAM219A,229.83566728666008,0.0,0.0,True
BAG3,229.8207067446193,0.0,0.0,True
ELFN2,229.80829306838945,0.0,0.0,True
TFCP2L1,229.7780378348789,0.0,0.0,True
HSPA12B,229.74652681444243,0.0,0.0,True
CCSER2,229.63424232862218,0.0,0.0,True
C1orf162,229.62052213133384,0.0,0.0,True
GPR176,229.61322427465652,0.0,0.0,True
VAMP4,229.5998201801919,0.0,0.0,True
CARD8,229.59582689508971,0.0,0.0,True
SIPA1L3,229.5768646460506,0.0,0.0,True
PRELID3B,229.56565519712765,0.0,0.0,True
KIF13A,229.5166271889775,0.0,0.0,True
SLC25A4,229.51504261657686,0.0,0.0,True
CLBA1,229.49646912438325,0.0,0.0,True
ENTREP2,229.49599205081662,0.0,0.0,True
ATP12A,229.46678145811202,0.0,0.0,True
LOXHD1,229.43954384542423,0.0,0.0,True
CAMK2G,229.4352948793215,0.0,0.0,True
DPP6,229.42513446255427,0.0,0.0,True
ZSCAN12,229.40852774379252,0.0,0.0,True
SCD,229.4050416638912,0.0,0.0,True
SRRM1,229.40134406734634,0.0,0.0,True
CAPN15,229.39516977340114,0.0,0.0,True
PLA2G4D,229.36635982085622,0.0,0.0,True
SMC2,229.31561603553124,0.0,0.0,True
ABCA8,229.2928728191019,0.0,0.0,True
ZSWIM5,229.27277047537171,0.0,0.0,True
FAM177A1,229.26195249043104,0.0,0.0,True
RGL1,229.24483014534187,0.0,0.0,True
SARM1,229.19493330341143,0.0,0.0,True
LRRFIP1,229.17945666696966,0.0,0.0,True
SAP30L,229.16441243426152,0.0,0.0,True
ARFGEF2,229.1537547921723,0.0,0.0,True
SLAIN2,229.12167574828243,0.0,0.0,True
OLFM1,229.11329368257978,0.0,0.0,True
MYH14,229.11289475241446,0.0,0.0,True
CEP112,229.10336262308397,0.0,0.0,True
HMG20B,229.10273047188733,0.0,0.0,True
HAPLN2,229.08424019666137,0.0,0.0,True
JHY,229.07828731746503,0.0,0.0,True
HTR6,229.07337423405733,0.0,0.0,True
ABTB3,229.0547842749236,0.0,0.0,True
SPART-AS1,229.03754184037368,0.0,0.0,True
VILL,229.03544866680153,0.0,0.0,True
SMURF2,229.02087212742066,0.0,0.0,True
B9D1,228.97086509793456,0.0,0.0,True
ITGA10,228.93504211210993,0.0,0.0,True
GPLD1,228.92107931763513,0.0,0.0,True
TRIO,228.90283214193252,0.0,0.0,True
SCCPDH,228.8965756556761,0.0,0.0,True
FTSJ1,228.86961585916347,0.0,0.0,True
AP3B2,228.8578076185271,0.0,0.0,True
CD40,228.8358152828448,0.0,0.0,True
IVNS1ABP,228.81218008490208,0.0,0.0,True
CLEC3A,228.77513711200987,0.0,0.0,True
ABRAXAS1,228.72133522425514,0.0,0.0,True
CAMK2N1,228.72109104211413,0.0,0.0,True
RAC1,228.70623924981362,0.0,0.0,True
SCRN3,228.61604464371337,0.0,0.0,True
ARL5A,228.58836899486244,0.0,0.0,True
AP3S2,228.55158837141335,0.0,0.0,True
THSD1,228.5194438388232,0.0,0.0,True
MICAL2,228.40285255579522,0.0,0.0,True
DHRS12,228.37459555209335,0.0,0.0,True
INTS8,228.34053876306987,0.0,0.0,True
ABLIM2,228.31112486260977,0.0,0.0,True
ATP6V1B1,228.23036679948302,0.0,0.0,True
KIF3C,228.11613260722078,0.0,0.0,True
TDRD3,228.10101134829856,0.0,0.0,True
STXBP5,227.97683122816568,0.0,0.0,True
TTC13,227.92265714919668,0.0,0.0,True
NECAB1,227.90134516418735,0.0,0.0,True
MOB3B,227.87462688247047,0.0,0.0,True
SEC14L2,227.84244503310734,0.0,0.0,True
DNAH9,227.76231048471536,0.0,0.0,True
IFT22,227.75452583251922,0.0,0.0,True
DENND2D,227.7462347565308,0.0,0.0,True
SEMA3G,227.63075208991546,0.0,0.0,True
KIF26A,227.62771283633413,0.0,0.0,True
SNAPC1,227.59636672243298,0.0,0.0,True
NECAP1,227.5804964706206,0.0,0.0,True
VDAC2,227.52745339992464,0.0,0.0,True
SWAP70,227.47784169415672,0.0,0.0,True
RNF6,227.43199274839682,0.0,0.0,True
TTYH3,227.425518470671,0.0,0.0,True
LRRC4C,227.38821625977653,0.0,0.0,True
DZIP1,227.35095512418278,0.0,0.0,True
PPP2R5A,227.32046349283448,0.0,0.0,True
PRICKLE2,227.3153890136896,0.0,0.0,True
GABPB1,227.27792071805945,0.0,0.0,True
GMDS,227.2050394854928,0.0,0.0,True
IRAG2,227.19895150065292,0.0,0.0,True
VPS35L,227.14242161845416,0.0,0.0,True
AGO2,227.0906097905072,0.0,0.0,True
PCSK5,227.08126012922838,0.0,0.0,True
C4orf19,227.05931076386278,0.0,0.0,True
CARMIL1,226.98919254180782,0.0,0.0,True
ALDH1A2,226.9718234999399,0.0,0.0,True
DONSON,226.95900659311,0.0,0.0,True
TEX14,226.9496837517454,0.0,0.0,True
PLPPR1,226.929302730906,0.0,0.0,True
GGA2,226.8771129778745,0.0,0.0,True
KIAA1191,226.81639967378115,0.0,0.0,True
CCDC50,226.79366840630226,0.0,0.0,True
PPRC1,226.7791652020989,0.0,0.0,True
SANBR,226.62702538153476,0.0,0.0,True
MON2,226.61800793920833,0.0,0.0,True
AGPS,226.5952700265633,0.0,0.0,True
LDHD,226.57927421740348,0.0,0.0,True
TNFRSF11A,226.50409711898152,0.0,0.0,True
RNF126,226.4807175404827,0.0,0.0,True
ADAMTS4,226.46060135619433,0.0,0.0,True
PIK3CG,226.4476597555794,0.0,0.0,True
RAB7A,226.44570215898065,0.0,0.0,True
TRIM46,226.3960624147857,0.0,0.0,True
MYL9,226.38719630366984,0.0,0.0,True
PLK2,226.3776476850935,0.0,0.0,True
KIAA0319L,226.31635510415168,0.0,0.0,True
ARL6,226.3103482034612,0.0,0.0,True
ELAVL2,226.30596989725495,0.0,0.0,True
MRO,226.286572615061,0.0,0.0,True
SGCA,226.2816733454636,0.0,0.0,True
PAPSS1,226.28115529319456,0.0,0.0,True
PODXL,226.26306207886284,0.0,0.0,True
ABHD11,226.25635552650508,0.0,0.0,True
DDX39A,226.22790290688377,0.0,0.0,True
CCNH,226.19381495331265,0.0,0.0,True
WASHC5,226.19157607377915,0.0,0.0,True
PIM1,226.14176107550236,0.0,0.0,True
FAM171A2,226.1002835585337,0.0,0.0,True
DEPP1,226.09821275453976,0.0,0.0,True
RSF1,226.07484262695735,0.0,0.0,True
CAPZA1,226.0681264237978,0.0,0.0,True
MID1,225.9834808637294,0.0,0.0,True
TEKT5,225.96787270533167,0.0,0.0,True
LRCH2,225.9464524900721,0.0,0.0,True
HIF3A,225.92421015554305,0.0,0.0,True
PARN,225.9100872294406,0.0,0.0,True
EIF2S2,225.89871360922317,0.0,0.0,True
SCYL3,225.89259054157029,0.0,0.0,True
PITX2,225.87857940479557,0.0,0.0,True
MFSD14B,225.8731177207003,0.0,0.0,True
LMBRD2,225.87170335538954,0.0,0.0,True
DNMT3B,225.85605369289036,0.0,0.0,True
SEC63,225.8150157887348,0.0,0.0,True
VPS11,225.81095477981066,0.0,0.0,True
SREK1IP1,225.78656056525068,0.0,0.0,True
UBAP2,225.77337558053864,0.0,0.0,True
RLIM,225.76112322894286,0.0,0.0,True
PPP1R1C,225.7150588405842,0.0,0.0,True
KDM1A,225.67611932456765,0.0,0.0,True
RUBCN,225.67067874610575,0.0,0.0,True
RIMBP2,225.66397189153864,0.0,0.0,True
POT1,225.5880784881634,0.0,0.0,True
PRRG4,225.54398001211314,0.0,0.0,True
TTYH2,225.5432500032012,0.0,0.0,True
MUSK,225.52509043694866,0.0,0.0,True
FAR2,225.5193541383102,0.0,0.0,True
MED13,225.5056527574386,0.0,0.0,True
ATP6V1B2,225.50086753737318,0.0,0.0,True
CASP5,225.47454538598294,0.0,0.0,True
IQSEC1,225.43113725705487,0.0,0.0,True
QDPR,225.40260589485345,0.0,0.0,True
VIPR2,225.37745310463413,0.0,0.0,True
SH3BP4,225.37284334172898,0.0,0.0,True
PHLDA1,225.36768482048603,0.0,0.0,True
RAB11FIP3,225.32507352159323,0.0,0.0,True
TFF2,225.29030364533153,0.0,0.0,True
MAPK9,225.27144920037583,0.0,0.0,True
TASL,225.2179571942332,0.0,0.0,True
DCLRE1B,225.19997661593533,0.0,0.0,True
VASH1,225.1850702406016,0.0,0.0,True
ABRACL,225.12168832598,0.0,0.0,True
FABP2,225.1189560701983,0.0,0.0,True
PRDM4,225.1135799542417,0.0,0.0,True
NAT2,225.10706287647503,0.0,0.0,True
LIG3,225.08759312427486,0.0,0.0,True
UBE2Q2,225.08680513361548,0.0,0.0,True
ARAP3,225.0865373724802,0.0,0.0,True
YWHAH,225.08568565130273,0.0,0.0,True
PXN,224.988697269406,0.0,0.0,True
DCK,224.98758316082927,0.0,0.0,True
KCNK2,224.98034305530456,0.0,0.0,True
FBXO33,224.9740902850615,0.0,0.0,True
CFAP70,224.95608282146577,0.0,0.0,True
STXBP5L,224.9560419171056,0.0,0.0,True
NT5C1A,224.94444701041442,0.0,0.0,True
PRKAB1,224.86787251803523,0.0,0.0,True
CLIC5,224.7679783476825,0.0,0.0,True
NR4A1,224.7068338439558,0.0,0.0,True
PTPRG,224.6769041363087,0.0,0.0,True
LMNA,224.65292784365693,0.0,0.0,True
RBM15,224.643828818824,0.0,0.0,True
KMT2E,224.59661588622023,0.0,0.0,True
SLC35D1,224.5832995453853,0.0,0.0,True
BLCAP,224.57834471516173,0.0,0.0,True
RFC3,224.56787347738415,0.0,0.0,True
IFT56,224.5179912536713,0.0,0.0,True
VPS26C,224.49101140914664,0.0,0.0,True
PDGFB,224.42796294217874,0.0,0.0,True
KAT7,224.34770033353686,0.0,0.0,True
SERINC3,224.33626670112142,0.0,0.0,True
GOLPH3,224.29436222387545,0.0,0.0,True
RHOQ,224.29273459402086,0.0,0.0,True
TAB3,224.2903601919948,0.0,0.0,True
MAGEA4,224.26889646727685,0.0,0.0,True
KRT32,224.1976711781094,0.0,0.0,True
ZNF214,224.19662611736288,0.0,0.0,True
PYCARD,224.14593794069484,0.0,0.0,True
IQCE,224.12443869714056,0.0,0.0,True
PGM2L1,224.11162255512244,0.0,0.0,True
SLC30A7,224.06869075033512,0.0,0.0,True
VCF1,224.0530290819511,0.0,0.0,True
RASD1,224.03022952680152,0.0,0.0,True
POLB,223.99563409637793,0.0,0.0,True
IRAK1BP1,223.9501291788315,0.0,0.0,True
NDP,223.90429196981773,0.0,0.0,True
COL9A2,223.88706911030567,0.0,0.0,True
SLC25A37,223.86328339955483,0.0,0.0,True
IRX6,223.80402613779182,0.0,0.0,True
CHTF18,223.79936455347863,0.0,0.0,True
SLC23A2,223.7766441480563,0.0,0.0,True
DCT,223.74120810334603,0.0,0.0,True
TTC33,223.7211395782209,0.0,0.0,True
NLRP12,223.66970477921708,0.0,0.0,True
BNIP2,223.64427497413712,0.0,0.0,True
FBRSL1,223.64053294641934,0.0,0.0,True
ADAM33,223.63226967003158,0.0,0.0,True
SEPSECS,223.61889231856105,0.0,0.0,True
EXTL1,223.61500138801603,0.0,0.0,True
ARSB,223.60967347682498,0.0,0.0,True
CHRNB4,223.60829517171777,0.0,0.0,True
WDR7,223.59767523949824,0.0,0.0,True
NHP2P1,223.59239514384032,0.0,0.0,True
TTC7A,223.56404482742812,0.0,0.0,True
SEMA6A,223.4410033629802,0.0,0.0,True
ZBTB8A,223.43415213259945,0.0,0.0,True
MNT,223.3798455909528,0.0,0.0,True
TRIM11,223.3762605626701,0.0,0.0,True
SPAG17,223.35924255404512,0.0,0.0,True
MTMR1,223.35821624751648,0.0,0.0,True
ALDOC,223.3037284883259,0.0,0.0,True
RBP1,223.29839610777753,0.0,0.0,True
TCF3,223.2730022857231,0.0,0.0,True
SHLD2,223.25063044633276,0.0,0.0,True
CADM4,223.18916757721132,0.0,0.0,True
MSR1,223.18214221677698,0.0,0.0,True
GNPNAT1,223.17219231863857,0.0,0.0,True
RGS2,223.12309467810437,0.0,0.0,True
PMM2,223.10680921192167,0.0,0.0,True
SLC9A5,223.1008816813159,0.0,0.0,True
ACTA2,223.06128885776553,0.0,0.0,True
TMSB4Y,223.04209360883615,0.0,0.0,True
MACROH2A1,223.0209249721355,0.0,0.0,True
CRKL,223.00087176923077,0.0,0.0,True
WDR43,222.99854023682178,0.0,0.0,True
ACP6,222.96547591972885,0.0,0.0,True
MTDH,222.9102795936768,0.0,0.0,True
MCF2L2,222.89263581762887,0.0,0.0,True
FCGR2A,222.87176797988351,0.0,0.0,True
UBXN10,222.868692592631,0.0,0.0,True
RAD18,222.85823466126317,0.0,0.0,True
TTC28,222.79605303193551,0.0,0.0,True
SH3GL2,222.69467364299828,0.0,0.0,True
LAMA4,222.68479654358336,0.0,0.0,True
HDAC1,222.67534369225496,0.0,0.0,True
FAAP24,222.65452879392217,0.0,0.0,True
ZDHHC3,222.60346199825509,0.0,0.0,True
TTBK2,222.60214974816643,0.0,0.0,True
RETNLB,222.56248557159572,0.0,0.0,True
MLH1,222.54327203067245,0.0,0.0,True
ACTN4,222.51050602528753,0.0,0.0,True
KRT82,222.46989758373368,0.0,0.0,True
XRN1,222.44823651526153,0.0,0.0,True
CHI3L2,222.39683112777865,0.0,0.0,True
MTR,222.28488473477628,0.0,0.0,True
FGF2,222.26512063052044,0.0,0.0,True
RHOBTB3,222.24433965465647,0.0,0.0,True
LIPA,222.19823548405893,0.0,0.0,True
RPL21,222.12721330656336,0.0,0.0,True
AMOT,222.1205052572675,0.0,0.0,True
TGFBR3,222.1070536957786,0.0,0.0,True
TMED5,222.05950394938546,0.0,0.0,True
SPRTN,222.0422879003542,0.0,0.0,True
FBXO28,222.02711814806335,0.0,0.0,True
TMCC2,222.02540996698139,0.0,0.0,True
BMPR1A,221.95498857956352,0.0,0.0,True
IL17RC,221.92815183902133,0.0,0.0,True
PTGIS,221.91462299894008,0.0,0.0,True
UBA5,221.88601757677915,0.0,0.0,True
FRYL,221.879245186397,0.0,0.0,True
RBM25,221.86523306553596,0.0,0.0,True
ZNHIT6,221.85047555016058,0.0,0.0,True
CFAP97,221.8365566910668,0.0,0.0,True
NAMPT,221.80310669329165,0.0,0.0,True
NPAT,221.77330381712926,0.0,0.0,True
RIOK3,221.76384280276204,0.0,0.0,True
MPP2,221.71729219548735,0.0,0.0,True
TASOR2,221.67562698182036,0.0,0.0,True
INPP4A,221.67438971129744,0.0,0.0,True
STN1,221.65413871106253,0.0,0.0,True
TGOLN2,221.6271683355687,0.0,0.0,True
MAPK1,221.60264497264717,0.0,0.0,True
FAM13B,221.58685825133367,0.0,0.0,True
SDHA,221.5556621268352,0.0,0.0,True
ADSS2,221.52158283530542,0.0,0.0,True
GTF3C4,221.5060022881849,0.0,0.0,True
ARMT1,221.38753898845457,0.0,0.0,True
THOC2,221.3529569259957,0.0,0.0,True
FIG4,221.30567739363815,0.0,0.0,True
COX7A1,221.25787385598863,0.0,0.0,True
TBC1D23,221.25619662170007,0.0,0.0,True
FCRLB,221.243501826835,0.0,0.0,True
ABHD3,221.19800976857024,0.0,0.0,True
ACSS2,221.18404903090695,0.0,0.0,True
NFE2L3,221.15147943734473,0.0,0.0,True
TGM3,221.14854639056253,0.0,0.0,True
NSUN2,221.13190017411893,0.0,0.0,True
PPP3CC,221.11308338949596,0.0,0.0,True
CLEC2B,221.10808530913184,0.0,0.0,True
RHEBL1,221.02909130632125,0.0,0.0,True
HEATR5B,220.9804429132195,0.0,0.0,True
TBC1D31,220.96917051524744,0.0,0.0,True
PIK3C2B,220.93920530501478,0.0,0.0,True
FER,220.928383245846,0.0,0.0,True
CXCL2,220.92546033786198,0.0,0.0,True
ASB17,220.88375486237996,0.0,0.0,True
PLEKHG4B,220.86657657372209,0.0,0.0,True
IDH1,220.85968612587612,0.0,0.0,True
UBR1,220.8498304576723,0.0,0.0,True
EIF5A2,220.84595923101466,0.0,0.0,True
METTL16,220.83708675917617,0.0,0.0,True
EOGT,220.8332468218625,0.0,0.0,True
KPNA3,220.79899015723714,0.0,0.0,True
RFTN2,220.79809919045303,0.0,0.0,True
AAGAB,220.78307553720725,0.0,0.0,True
CNPPD1,220.77219444287152,0.0,0.0,True
MCAM,220.7614926872425,0.0,0.0,True
DARS1,220.6162139274161,0.0,0.0,True
PGM3,220.58117901166113,0.0,0.0,True
ARF6,220.49232016335364,0.0,0.0,True
TRAM2,220.48835032512685,0.0,0.0,True
NDRG4,220.39984739624353,0.0,0.0,True
LASP1,220.3911828111775,0.0,0.0,True
PURB,220.3908938452352,0.0,0.0,True
SEMA6D,220.3595293334202,0.0,0.0,True
TTLL5,220.3413945473519,0.0,0.0,True
RYK,220.31815528925415,0.0,0.0,True
VAX2,220.30927715764483,0.0,0.0,True
SP4,220.28478619162578,0.0,0.0,True
NAV2,220.2272841324499,0.0,0.0,True
NPC1L1,220.22371940223906,0.0,0.0,True
MDK,220.20618770884414,0.0,0.0,True
RHOF,220.19839580880026,0.0,0.0,True
PAX6,220.1892031263553,0.0,0.0,True
CLUAP1,220.18010798724595,0.0,0.0,True
KDM5A,220.17475691667622,0.0,0.0,True
UBR5,220.17460493953948,0.0,0.0,True
CPNE3,220.16079656578887,0.0,0.0,True
QSOX1,220.1413860548623,0.0,0.0,True
ZBED4,220.1303132988061,0.0,0.0,True
CCDC115,220.12385342723533,0.0,0.0,True
MGAT4B,220.12379885106253,0.0,0.0,True
PITPNM2,220.10274602557345,0.0,0.0,True
SLC25A40,219.92844162691108,0.0,0.0,True
GTF2A1,219.89313411664963,0.0,0.0,True
MRAP2,219.86112984762173,0.0,0.0,True
ADAM28,219.83488036143166,0.0,0.0,True
XPNPEP2,219.83437982474854,0.0,0.0,True
PACSIN3,219.7988204508325,0.0,0.0,True
API5,219.7797232137587,0.0,0.0,True
RAPGEF6,219.7718624346652,0.0,0.0,True
CTSA,219.6675723463444,0.0,0.0,True
MFHAS1,219.64990411636293,0.0,0.0,True
HELQ,219.59267532234196,0.0,0.0,True
SPA17,219.54413475090715,0.0,0.0,True
RBBP6,219.53629001001488,0.0,0.0,True
DAAM2,219.53113925077022,0.0,0.0,True
FRS2,219.49868512339356,0.0,0.0,True
BTNL9,219.49382679490162,0.0,0.0,True
MTRF1L,219.47022217473324,0.0,0.0,True
PLCH2,219.446959752465,0.0,0.0,True
RERGL,219.43629532313983,0.0,0.0,True
PLAGL1,219.41003246839307,0.0,0.0,True
DDIT4L,219.39234225710433,0.0,0.0,True
PANX2,219.32566710565035,0.0,0.0,True
GSTM5,219.31809874499712,0.0,0.0,True
ZFAND6,219.27956962495983,0.0,0.0,True
TPST2,219.26634281317496,0.0,0.0,True
IGFALS,219.2564136014456,0.0,0.0,True
BCL2L12,219.2523304759732,0.0,0.0,True
EPHA1,219.24573685501448,0.0,0.0,True
IL22RA2,219.23651034322626,0.0,0.0,True
SLC25A38,219.21811657932764,0.0,0.0,True
EFEMP1,219.20760387588925,0.0,0.0,True
ERLEC1,219.202690040279,0.0,0.0,True
CELSR3,219.15780607375342,0.0,0.0,True
RASA2,219.14072677399662,0.0,0.0,True
CSTB,219.13860892700353,0.0,0.0,True
WDR19,219.01635264677205,0.0,0.0,True
PPP1R16B,219.00935067771363,0.0,0.0,True
DOT1L,218.93786052821102,0.0,0.0,True
GCNT2,218.93101236383856,0.0,0.0,True
EXD2,218.92846286484277,0.0,0.0,True
SAP30,218.9282500466998,0.0,0.0,True
HEY2,218.9233231980233,0.0,0.0,True
ELF2,218.92002346282905,0.0,0.0,True
PSAT1,218.91958230318528,0.0,0.0,True
FKTN,218.9133719433638,0.0,0.0,True
HELZ2,218.8722279431125,0.0,0.0,True
LGALS8,218.8668363284332,0.0,0.0,True
ACTR2,218.85897843325768,0.0,0.0,True
AP1AR,218.8556013724686,0.0,0.0,True
TMX3,218.85553810563474,0.0,0.0,True
TRIM6,218.84534393206485,0.0,0.0,True
MCM5,218.83854838066168,0.0,0.0,True
PATL1,218.8130437569115,0.0,0.0,True
HHAT,218.74070437983298,0.0,0.0,True
RAI1,218.72611907297997,0.0,0.0,True
ASPHD2,218.7006793253246,0.0,0.0,True
GCG,218.68759154523374,0.0,0.0,True
PANK3,218.6743798437039,0.0,0.0,True
NOTCH2,218.6679814317078,0.0,0.0,True
CDC14B,218.65926701828977,0.0,0.0,True
TRIM2,218.64056967659414,0.0,0.0,True
OAS1,218.61756467026615,0.0,0.0,True
EDAR,218.57128491462612,0.0,0.0,True
CNTN3,218.57068080840006,0.0,0.0,True
TANK,218.5135230462409,0.0,0.0,True
DNAH11,218.472223906804,0.0,0.0,True
NAPEPLD,218.45861422961187,0.0,0.0,True
DCAF17,218.4490051171937,0.0,0.0,True
APPL1,218.40685439050046,0.0,0.0,True
USP8,218.40124794610577,0.0,0.0,True
TNFRSF12A,218.37581481170045,0.0,0.0,True
PHLDB1,218.37089020598756,0.0,0.0,True
ERICH1,218.3618285703099,0.0,0.0,True
ATP6V1G3,218.35915092961676,0.0,0.0,True
YWHAQ,218.35008676820635,0.0,0.0,True
ELK4,218.31548526009877,0.0,0.0,True
HAGH,218.31025725188113,0.0,0.0,True
SLC2A3,218.29773818724385,0.0,0.0,True
NPEPPS,218.2959064749076,0.0,0.0,True
KIAA1143,218.29420649434255,0.0,0.0,True
OSTF1,218.29198087780946,0.0,0.0,True
RCBTB1,218.29008930760207,0.0,0.0,True
HLCS,218.28587904216414,0.0,0.0,True
PDGFRB,218.26329766054226,0.0,0.0,True
LRRC58,218.24506055794262,0.0,0.0,True
MARCHF8,218.1829007954918,0.0,0.0,True
BTRC,218.16608354273797,0.0,0.0,True
MED23,218.14995507063284,0.0,0.0,True
UGCG,218.14501445451262,0.0,0.0,True
CDC42EP3,218.0897594361375,0.0,0.0,True
ASXL2,218.07591103107876,0.0,0.0,True
TTC19,218.0754388463712,0.0,0.0,True
BRINP3,218.06533445955176,0.0,0.0,True
MTPN,218.0406323121454,0.0,0.0,True
VNN3P,218.03248517965355,0.0,0.0,True
ISCA2,217.99642444018897,0.0,0.0,True
UTP4,217.9708979968588,0.0,0.0,True
PFKFB4,217.957183117208,0.0,0.0,True
TMEM168,217.95585741196663,0.0,0.0,True
PRKAB2,217.9283454210754,0.0,0.0,True
RAB3GAP2,217.92280416592368,0.0,0.0,True
CEP152,217.9024126861467,0.0,0.0,True
PPM1F,217.82013419205649,0.0,0.0,True
NFIA,217.7880043302995,0.0,0.0,True
LBR,217.73957545374748,0.0,0.0,True
MTHFD1L,217.72593370261376,0.0,0.0,True
AKAP12,217.61742973904657,0.0,0.0,True
SLC26A3,217.6118890652884,0.0,0.0,True
CRTAC1,217.5771190629972,0.0,0.0,True
GSK3B,217.56612212147726,0.0,0.0,True
SHISAL1,217.56580039611927,0.0,0.0,True
KIAA1614,217.55328913038431,0.0,0.0,True
HAUS2,217.53728625483467,0.0,0.0,True
CIMAP2,217.52411446373677,0.0,0.0,True
EIF2S1,217.51355894301633,0.0,0.0,True
PXDN,217.50436863523717,0.0,0.0,True
MT3,217.46879888014104,0.0,0.0,True
CAPN1,217.4481709798985,0.0,0.0,True
SPAST,217.3671818641172,0.0,0.0,True
BLTP1,217.317948366275,0.0,0.0,True
HMGCL,217.31302864275884,0.0,0.0,True
GART,217.26115250228526,0.0,0.0,True
ZNF189,217.1984950373534,0.0,0.0,True
WWC1,217.18362622477528,0.0,0.0,True
PMP2,217.1659889076571,0.0,0.0,True
SVOPL,217.13758026568965,0.0,0.0,True
S100PBP,217.13078031036144,0.0,0.0,True
TCFL5,217.09092793201782,0.0,0.0,True
SPEG,217.0169895888394,0.0,0.0,True
GPR61,217.01262021899282,0.0,0.0,True
PPP2CB,217.01053956236478,0.0,0.0,True
AK4,216.95900885573255,0.0,0.0,True
NEK7,216.9176084003974,0.0,0.0,True
STARD4,216.88189737667864,0.0,0.0,True
AGO3,216.8703259457712,0.0,0.0,True
F2RL3,216.8263035902958,0.0,0.0,True
ZNF697,216.74915388940957,0.0,0.0,True
ESD,216.71364040337613,0.0,0.0,True
MAT2B,216.6909010870982,0.0,0.0,True
SOBP,216.60084597323674,0.0,0.0,True
CTDSPL2,216.5913217052098,0.0,0.0,True
XPO4,216.5394698691497,0.0,0.0,True
ABLIM1,216.53488417855917,0.0,0.0,True
P3H3,216.52831006792331,0.0,0.0,True
BCL9,216.51858471938502,0.0,0.0,True
LYAR,216.49708108733935,0.0,0.0,True
BAZ2B,216.47180117530172,0.0,0.0,True
YKT6,216.47055317886225,0.0,0.0,True
OGDH,216.39617874576376,0.0,0.0,True
CMTM1,216.39138020838257,0.0,0.0,True
DDX24,216.3684897942575,0.0,0.0,True
CBLIF,216.36840421826352,0.0,0.0,True
SALL2,216.28471827835617,0.0,0.0,True
PPP1R14D,216.27771950108811,0.0,0.0,True
STAC2,216.2418695885461,0.0,0.0,True
ASH1L,216.2125377050097,0.0,0.0,True
ARFGEF1,216.2078482156317,0.0,0.0,True
TJP2,216.17388273211182,0.0,0.0,True
LMTK3,216.15574463729624,0.0,0.0,True
HRC,216.15289471119814,0.0,0.0,True
SYDE1,216.12636946330807,0.0,0.0,True
PTPN22,216.10702317342,0.0,0.0,True
ITFG2,216.09703747509784,0.0,0.0,True
HOMER3,216.0441561683083,0.0,0.0,True
CDH9,216.0345041854237,0.0,0.0,True
KIF3A,215.98945929091497,0.0,0.0,True
BRMS1L,215.97184355103602,0.0,0.0,True
AKNAD1,215.8768795991974,0.0,0.0,True
MAP4K5,215.87336910614616,0.0,0.0,True
PYGB,215.85728826915107,0.0,0.0,True
RNASE1,215.84507329783156,0.0,0.0,True
BEND6,215.83288840611453,0.0,0.0,True
PLEKHG6,215.80724946357853,0.0,0.0,True
QKI,215.79777738635812,0.0,0.0,True
ADAMTS5,215.77387683207962,0.0,0.0,True
ZDHHC5,215.76870560000268,0.0,0.0,True
MRAS,215.75789100846555,0.0,0.0,True
PAN3,215.75452007286802,0.0,0.0,True
BTG3,215.7543038867428,0.0,0.0,True
BEAN1,215.72430532043686,0.0,0.0,True
HSPH1,215.72039315718828,0.0,0.0,True
CDC42SE2,215.53930322055962,0.0,0.0,True
C22orf23,215.44945623190296,0.0,0.0,True
SCRN2,215.43408088999345,0.0,0.0,True
TFEB,215.42048579771964,0.0,0.0,True
PER2,215.3825650292394,0.0,0.0,True
GPR50,215.3023270386344,0.0,0.0,True
MMP9,215.29373109882334,0.0,0.0,True
MCM2,215.28758353878123,0.0,0.0,True
FOXO3,215.27459325618221,0.0,0.0,True
SLCO1B3,215.27159053127323,0.0,0.0,True
PALS1,215.24037003650184,0.0,0.0,True
TAF4,215.22921332680642,0.0,0.0,True
SEC23IP,215.22846813049088,0.0,0.0,True
TDP1,215.1381836774917,0.0,0.0,True
CHD1,215.13523175166256,0.0,0.0,True
TMEM255A,215.12828419450273,0.0,0.0,True
IDNK,215.11493513758495,0.0,0.0,True
FBP1,215.1144170791933,0.0,0.0,True
PCF11,215.09396426017636,0.0,0.0,True
GOLGA7B,215.02152437446105,0.0,0.0,True
SMCHD1,214.9755602078492,0.0,0.0,True
PANX1,214.95007227682697,0.0,0.0,True
TAF2,214.94418979475992,0.0,0.0,True
CYP1B1,214.94344510920962,0.0,0.0,True
GRP,214.86053901167932,0.0,0.0,True
FBXL18,214.83440706390752,0.0,0.0,True
CBFB,214.82431959047813,0.0,0.0,True
SENP6,214.8101035379183,0.0,0.0,True
NID1,214.785928816455,0.0,0.0,True
CHST5,214.7345121878885,0.0,0.0,True
POLR1G,214.67378370668564,0.0,0.0,True
LRRC9,214.66318797956225,0.0,0.0,True
REXO5,214.6454261931302,0.0,0.0,True
GNAI1,214.63005994675274,0.0,0.0,True
GAREM1,214.56296251148234,0.0,0.0,True
BMP5,214.55435337825958,0.0,0.0,True
KRAS,214.52767260650793,0.0,0.0,True
SMS,214.47069089660678,0.0,0.0,True
NECAB2,214.4677121610662,0.0,0.0,True
A1BG,214.4658394060035,0.0,0.0,True
VPS13B,214.46174813376354,0.0,0.0,True
SIRT3,214.44945741136704,0.0,0.0,True
DIP2C,214.4468194588152,0.0,0.0,True
CASS4,214.38172899661808,0.0,0.0,True
EEF1AKMT3,214.36806800890048,0.0,0.0,True
CILK1,214.3653562772837,0.0,0.0,True
TRAFD1,214.35264432410585,0.0,0.0,True
INTU,214.2738864406782,0.0,0.0,True
PPM1A,214.26959753390653,0.0,0.0,True
WWC2,214.26702255409043,0.0,0.0,True
RAB14,214.25615026658298,0.0,0.0,True
TTLL1,214.24916777650415,0.0,0.0,True
HACD1,214.23923143620124,0.0,0.0,True
BOLL,214.22802518101904,0.0,0.0,True
ZNF66,214.22744022788896,0.0,0.0,True
DTWD1,214.15098457533608,0.0,0.0,True
CDH8,214.14341508288274,0.0,0.0,True
FAM222A,214.14144436178714,0.0,0.0,True
TUSC3,214.09756693719774,0.0,0.0,True
MOGAT1,214.0548120719575,0.0,0.0,True
SMG1,214.05461730023848,0.0,0.0,True
ADAMTS6,214.054365713701,0.0,0.0,True
YY1AP1,214.02268867815872,0.0,0.0,True
ZFX,214.01922448879625,0.0,0.0,True
ATOSA,213.97351957573915,0.0,0.0,True
GLRX3,213.96608027923617,0.0,0.0,True
DDX59,213.94789193326739,0.0,0.0,True
ZNG1B,213.9119619834451,0.0,0.0,True
CTPS2,213.89482458784272,0.0,0.0,True
AGAP1,213.87255343930156,0.0,0.0,True
ALDH9A1,213.84762250591353,0.0,0.0,True
TMEM67,213.8354525571953,0.0,0.0,True
C21orf91,213.80205288748164,0.0,0.0,True
IL7,213.78039066797197,0.0,0.0,True
LYRM1,213.7362793530959,0.0,0.0,True
CBFA2T3,213.7349837768891,0.0,0.0,True
FSTL1,213.71763989846755,0.0,0.0,True
TRIM35,213.67169171666535,0.0,0.0,True
CAD,213.66730759098525,0.0,0.0,True
ABCE1,213.61330715575255,0.0,0.0,True
CCL22,213.59860710980809,0.0,0.0,True
GGCX,213.59529697850107,0.0,0.0,True
SPPL3,213.57175053622365,0.0,0.0,True
SBSPON,213.55859871352314,0.0,0.0,True
BRAF,213.55241203522064,0.0,0.0,True
ADAM15,213.53972739762398,0.0,0.0,True
LAPTM4B,213.50889583370682,0.0,0.0,True
GPR83,213.50684079922596,0.0,0.0,True
ST6GALNAC4,213.49592310449074,0.0,0.0,True
MGRN1,213.4043900342091,0.0,0.0,True
PNKD,213.40009062762255,0.0,0.0,True
TGS1,213.3819427707246,0.0,0.0,True
VWF,213.36749443079245,0.0,0.0,True
SPOP,213.35813076063235,0.0,0.0,True
UBN1,213.33382807580318,0.0,0.0,True
GPRC5D,213.26690733654115,0.0,0.0,True
GUCD1,213.24747938901396,0.0,0.0,True
ASAP2,213.24268660361656,0.0,0.0,True
TPI1,213.22536098501394,0.0,0.0,True
OPTN,213.22038707388853,0.0,0.0,True
CRMP1,213.13834897504893,0.0,0.0,True
SYNE2,213.11417832889737,0.0,0.0,True
POLD3,213.0930464011091,0.0,0.0,True
CATSPERG,213.04691946573124,0.0,0.0,True
MBD2,213.01675139288093,0.0,0.0,True
SRD5A1,213.01313915442407,0.0,0.0,True
CAND1,212.98537074861568,0.0,0.0,True
PTPDC1,212.9535973547781,0.0,0.0,True
IL1RL1,212.91514725211152,0.0,0.0,True
NCOA3,212.85573805613197,0.0,0.0,True
GTF2H1,212.85565274449186,0.0,0.0,True
WNT5A,212.79431180969706,0.0,0.0,True
TCF19,212.78330908962235,0.0,0.0,True
ADPRHL1,212.77403910600452,0.0,0.0,True
CMBL,212.7289575523414,0.0,0.0,True
HACD3,212.69107309318167,0.0,0.0,True
BCHE,212.66274466910843,0.0,0.0,True
PARP8,212.6469948869689,0.0,0.0,True
LMTK2,212.64338013431725,0.0,0.0,True
IQCD,212.55854178334837,0.0,0.0,True
UBE2G1,212.53009389994378,0.0,0.0,True
UBXN7,212.48533133310778,0.0,0.0,True
KLC4,212.45565749888857,0.0,0.0,True
RAVER2,212.38634067937454,0.0,0.0,True
EIF2A,212.37865930769405,0.0,0.0,True
BROX,212.32047956683274,0.0,0.0,True
ECE1,212.31841541793742,0.0,0.0,True
MSGN1,212.21635130288794,0.0,0.0,True
MYO16,212.2019138673262,0.0,0.0,True
GDE1,212.1684412337572,0.0,0.0,True
RBSN,212.14638722372763,0.0,0.0,True
ZAN,212.08397759975605,0.0,0.0,True
NFIB,212.07047827113422,0.0,0.0,True
DKK3,212.06651326998312,0.0,0.0,True
ACER3,212.05342708143394,0.0,0.0,True
ATP5MG,212.04117526823262,0.0,0.0,True
KNSTRN,211.99652023004165,0.0,0.0,True
NRBF2,211.99624044157784,0.0,0.0,True
SLC25A46,211.97670092539877,0.0,0.0,True
PLCD4,211.93559087151115,0.0,0.0,True
SMAP1,211.91979617347434,0.0,0.0,True
CCDC88A,211.89862875433334,0.0,0.0,True
TACC2,211.88407210894195,0.0,0.0,True
ALDOA,211.87292015784698,0.0,0.0,True
WASF3,211.85769553587116,0.0,0.0,True
LYPLA1,211.85344443939445,0.0,0.0,True
ADIPOR2,211.85108101057799,0.0,0.0,True
MNDA,211.81253573874605,0.0,0.0,True
KRT33A,211.7941808367639,0.0,0.0,True
SLC10A7,211.79221663929735,0.0,0.0,True
STAM,211.77103950681462,0.0,0.0,True
LDAH,211.75117827279675,0.0,0.0,True
ANKRD7,211.68735082275197,0.0,0.0,True
HOMER1,211.60060913870106,0.0,0.0,True
STBD1,211.59704606056079,0.0,0.0,True
TMEM59,211.57648330083572,0.0,0.0,True
GMIP,211.54811698358486,0.0,0.0,True
OTUD4,211.5377580584191,0.0,0.0,True
PPIF,211.52649511253156,0.0,0.0,True
SNX16,211.51463599327255,0.0,0.0,True
OASL,211.48231859376781,0.0,0.0,True
CDC14A,211.46393615792238,0.0,0.0,True
TAFA4,211.45961723486488,0.0,0.0,True
FHL2,211.45418528339695,0.0,0.0,True
DCUN1D1,211.41428014696945,0.0,0.0,True
MYO1B,211.40717960916197,0.0,0.0,True
CHL1,211.40287084646783,0.0,0.0,True
CTBS,211.37444900901016,0.0,0.0,True
CSTF2,211.34545395616135,0.0,0.0,True
CCDC6,211.30035770948962,0.0,0.0,True
MAP2,211.24356616545455,0.0,0.0,True
SLC6A2,211.24219028090047,0.0,0.0,True
RAPGEF1,211.23715187581567,0.0,0.0,True
KPNA6,211.22153318621864,0.0,0.0,True
NFATC1,211.21810471468302,0.0,0.0,True
RETSAT,211.1543192993206,0.0,0.0,True
TM2D1,211.1161654151223,0.0,0.0,True
ZSCAN20,211.11457795040877,0.0,0.0,True
TMEM106B,211.0878248262171,0.0,0.0,True
LRRC7,211.08591636642527,0.0,0.0,True
HAT1,211.05873865125326,0.0,0.0,True
FBXO8,211.03144103127136,0.0,0.0,True
OTUD4P1,211.00417609781263,0.0,0.0,True
ZFP36L2,210.9819845684606,0.0,0.0,True
EMP3,210.9610299847579,0.0,0.0,True
WDR41,210.91607546667424,0.0,0.0,True
ENOX2,210.89598974699157,0.0,0.0,True
RNF183,210.81183461848016,0.0,0.0,True
USP42,210.8090664152484,0.0,0.0,True
NRM,210.77665241182137,0.0,0.0,True
KCNC4,210.75474217198067,0.0,0.0,True
NUMBL,210.74454758276582,0.0,0.0,True
CUL4B,210.74300267889103,0.0,0.0,True
PIGH,210.7035982630437,0.0,0.0,True
USP53,210.65937990893113,0.0,0.0,True
EPC1,210.62639764176143,0.0,0.0,True
LLGL1,210.60785756363356,0.0,0.0,True
SFR1,210.5798937082561,0.0,0.0,True
NOTCH1,210.53167837909174,0.0,0.0,True
RAVER1,210.4920506446494,0.0,0.0,True
KATNIP,210.48746811654607,0.0,0.0,True
UFL1,210.47636055894776,0.0,0.0,True
PORCN,210.45643571659278,0.0,0.0,True
SLC45A1,210.41574039850926,0.0,0.0,True
DDX18,210.4154993175268,0.0,0.0,True
TWF1,210.40939443918836,0.0,0.0,True
ZFHX3,210.40832759584407,0.0,0.0,True
RIF1,210.39847301274975,0.0,0.0,True
NPC1,210.3959547105791,0.0,0.0,True
TAB2,210.38161903477905,0.0,0.0,True
WDPCP,210.37135896235768,0.0,0.0,True
ZNF106,210.33507343593791,0.0,0.0,True
PIAS3,210.3265853009333,0.0,0.0,True
ZDHHC7,210.27420051553202,0.0,0.0,True
CPNE5,210.2650584509806,0.0,0.0,True
DLG1,210.23186959254946,0.0,0.0,True
PEX19,210.21819573461653,0.0,0.0,True
STAR,210.2055350003322,0.0,0.0,True
MOCS1,210.19012203236065,0.0,0.0,True
NFKB1,210.17726909094836,0.0,0.0,True
GLRB,210.12357416503886,0.0,0.0,True
MED30,210.1211559547995,0.0,0.0,True
RASA4,210.11545699931335,0.0,0.0,True
SLC4A3,210.10636022246618,0.0,0.0,True
GOLGA1,210.10435229005074,0.0,0.0,True
POU6F2,210.09523751394227,0.0,0.0,True
HERC3,210.04725485492395,0.0,0.0,True
PEX12,210.0209997458205,0.0,0.0,True
SHC3,210.01645229034045,0.0,0.0,True
CD164,209.9807643306837,0.0,0.0,True
GIN1,209.95112518435207,0.0,0.0,True
BLTP3B,209.9482809062837,0.0,0.0,True
C4orf3,209.941948116714,0.0,0.0,True
RAB11FIP1,209.92294608700718,0.0,0.0,True
ZNF175,209.88718505908295,0.0,0.0,True
CD80,209.873091312736,0.0,0.0,True
EIF4E,209.85725925863275,0.0,0.0,True
TNKS1BP1,209.85354512128143,0.0,0.0,True
TMEM41A,209.8023906127616,0.0,0.0,True
CGRRF1,209.755100173161,0.0,0.0,True
LY96,209.7500445274778,0.0,0.0,True
SPTBN4,209.7401413908609,0.0,0.0,True
HSD17B14,209.67186199992827,0.0,0.0,True
AMIGO2,209.655028768193,0.0,0.0,True
FBXO30,209.60618097403997,0.0,0.0,True
USPL1,209.56839402897947,0.0,0.0,True
SNX12,209.45901297784306,0.0,0.0,True
EIF2AK2,209.33900021577762,0.0,0.0,True
CAPRIN1,209.27822815891295,0.0,0.0,True
THAP12,209.27596928715548,0.0,0.0,True
CLOCK,209.22147788409254,0.0,0.0,True
MAX,209.20849694153617,0.0,0.0,True
ZC3HAV1,209.2007841467387,0.0,0.0,True
FGFR3,209.18899361601,0.0,0.0,True
PADI2,209.1883805791119,0.0,0.0,True
NIT2,209.17936914677233,0.0,0.0,True
SLC10A3,209.15890295568687,0.0,0.0,True
PIGA,209.14347818169998,0.0,0.0,True
SLC44A3,209.10214543470028,0.0,0.0,True
SGPP1,209.09562837513855,0.0,0.0,True
G3BP2,209.0908309948698,0.0,0.0,True
PSME3,209.01773297961304,0.0,0.0,True
STX1B,209.01448477178124,0.0,0.0,True
ERMN,208.98237752830082,0.0,0.0,True
GPR65,208.96475494809943,0.0,0.0,True
MAP3K13,208.9573636677911,0.0,0.0,True
ARHGAP25,208.85419892102882,0.0,0.0,True
SLC5A4,208.78635673459212,0.0,0.0,True
LTBP1,208.78209690524022,0.0,0.0,True
TGFBR1,208.71813049692773,0.0,0.0,True
ABHD1,208.70608650287156,0.0,0.0,True
NEK10,208.70528983790547,0.0,0.0,True
GDF5,208.6875505535659,0.0,0.0,True
USP45,208.6675926046469,0.0,0.0,True
STX2,208.63325204259576,0.0,0.0,True
DIPK1B,208.62087655142335,0.0,0.0,True
NCK1,208.604415390097,0.0,0.0,True
DSG2,208.58777138138117,0.0,0.0,True
BTG2,208.56634040653051,0.0,0.0,True
IL13RA1,208.54159739227202,0.0,0.0,True
PLCL2,208.51505230500476,0.0,0.0,True
TRADD,208.5101136644043,0.0,0.0,True
PIP4P2,208.50703992858715,0.0,0.0,True
MCCC2,208.49700649063206,0.0,0.0,True
SDC4,208.48944129498733,0.0,0.0,True
FEM1C,208.43389981672385,0.0,0.0,True
GPAM,208.43348255138238,0.0,0.0,True
LGALSL,208.41479332507623,0.0,0.0,True
HCFC1R1,208.36331445814233,0.0,0.0,True
TMX1,208.34745109966485,0.0,0.0,True
IGSF11,208.3270473784087,0.0,0.0,True
CDKN2D,208.318395170428,0.0,0.0,True
TLX1,208.2938490915617,0.0,0.0,True
DMRT1,208.29316912821469,0.0,0.0,True
SLC7A11,208.2741571223946,0.0,0.0,True
CKAP4,208.26329633324963,0.0,0.0,True
IL17RE,208.24401906480102,0.0,0.0,True
EVA1C,208.22027927412344,0.0,0.0,True
EPS15L1,208.2112641355247,0.0,0.0,True
TFPI2,208.04409081448958,0.0,0.0,True
STK38,208.02294328042973,0.0,0.0,True
HACL1,207.96879304027956,0.0,0.0,True
ZFYVE1,207.9174797234494,0.0,0.0,True
BCL10,207.87632139324307,0.0,0.0,True
RBBP8,207.87357332603798,0.0,0.0,True
SPATA2,207.84759454661616,0.0,0.0,True
GABRP,207.84436174316866,0.0,0.0,True
FAM120B,207.83312547279104,0.0,0.0,True
RASSF8,207.83068036835314,0.0,0.0,True
PACC1,207.80041575805717,0.0,0.0,True
AP1S3,207.78632079088106,0.0,0.0,True
SBF2,207.78087665698175,0.0,0.0,True
CLIC6,207.7650276152635,0.0,0.0,True
PGGT1B,207.68197337355534,0.0,0.0,True
ADCY8,207.66053563549252,0.0,0.0,True
MBNL3,207.6569364772637,0.0,0.0,True
ARF3,207.65547137540247,0.0,0.0,True
ZNF207,207.61070619951144,0.0,0.0,True
LIMS2,207.59897923631385,0.0,0.0,True
RAB11FIP2,207.5671093988098,0.0,0.0,True
HECTD2,207.55992242179312,0.0,0.0,True
NMUR2,207.54761230469174,0.0,0.0,True
BMT2,207.54696667492217,0.0,0.0,True
GPR107,207.52915592797103,0.0,0.0,True
INA,207.4837866865601,0.0,0.0,True
RIC1,207.48337051989938,0.0,0.0,True
CAPN7,207.44802541428007,0.0,0.0,True
GLIPR1,207.40778271566765,0.0,0.0,True
STX3,207.37259571936727,0.0,0.0,True
HEYL,207.362146945009,0.0,0.0,True
GPATCH2L,207.31751067121874,0.0,0.0,True
PPIL4,207.2866014154613,0.0,0.0,True
SEC24A,207.1918032053338,0.0,0.0,True
GPR84,207.1567363834382,0.0,0.0,True
IPMK,207.11995964057482,0.0,0.0,True
NFASC,207.0739350676485,0.0,0.0,True
S100A1,206.9074971329992,0.0,0.0,True
FBLIM1,206.87386082575293,0.0,0.0,True
SVEP1,206.85609543040894,0.0,0.0,True
TRIM38,206.85059952237472,0.0,0.0,True
TMEM35A,206.83020298452206,0.0,0.0,True
CCDC18,206.828624175887,0.0,0.0,True
SATB2,206.80808809908012,0.0,0.0,True
SLC25A25,206.80693898461834,0.0,0.0,True
ZGRF1,206.8026910600282,0.0,0.0,True
PUS10,206.7801592363529,0.0,0.0,True
YIPF5,206.74581250169396,0.0,0.0,True
RAD1,206.74432089597406,0.0,0.0,True
TTLL4,206.7295247001297,0.0,0.0,True
NUP58,206.70121078698403,0.0,0.0,True
CD1D,206.6988812314334,0.0,0.0,True
KDM1B,206.66259210457667,0.0,0.0,True
FYB1,206.66222145645034,0.0,0.0,True
RAB10,206.65322309808084,0.0,0.0,True
FERRY3,206.6344214167692,0.0,0.0,True
GRIA4,206.61728134045046,0.0,0.0,True
FLAD1,206.58534196326863,0.0,0.0,True
TNNT3,206.53786809830282,0.0,0.0,True
SLC35A5,206.53637918212166,0.0,0.0,True
SEMA3A,206.52182699504073,0.0,0.0,True
SPDL1,206.50210897365568,0.0,0.0,True
SLC35F5,206.45863009255248,0.0,0.0,True
APPBP2,206.4553324662112,0.0,0.0,True
MS4A14,206.44340669542032,0.0,0.0,True
RTF1,206.43493742669176,0.0,0.0,True
ISCA1,206.40867543137102,0.0,0.0,True
FXYD6,206.4039701164812,0.0,0.0,True
HEATR1,206.373120990449,0.0,0.0,True
SV2C,206.36372818513388,0.0,0.0,True
TRPV4,206.31963217054195,0.0,0.0,True
GRK7,206.3054030040776,0.0,0.0,True
TRIM44,206.30136883981723,0.0,0.0,True
CRB1,206.2721103282845,0.0,0.0,True
THY1,206.22728522357576,0.0,0.0,True
ADCY4,206.2262826977336,0.0,0.0,True
TRIP11,206.21790694241096,0.0,0.0,True
POU2AF1,206.19175932191422,0.0,0.0,True
PPP3CB,206.1622298634477,0.0,0.0,True
RNF20,206.1127145553034,0.0,0.0,True
SUOX,206.09082845663795,0.0,0.0,True
CDKN1B,206.03341785030486,0.0,0.0,True
TRA2B,206.02064403644715,0.0,0.0,True
ADPGK,205.99627960597905,0.0,0.0,True
EDEM1,205.98908783216638,0.0,0.0,True
ABHD10,205.97808467974008,0.0,0.0,True
CAMK4,205.9579310678238,0.0,0.0,True
KLHL5,205.93756034838012,0.0,0.0,True
RNF130,205.91885614121867,0.0,0.0,True
CAPN11,205.90318875040666,0.0,0.0,True
DPM1,205.87967528114405,0.0,0.0,True
PARP4,205.80878440249305,0.0,0.0,True
NCOA7,205.7710312983432,0.0,0.0,True
ZNF367,205.76595881585126,0.0,0.0,True
SLC39A11,205.75134799141549,0.0,0.0,True
NRSN2,205.73952429695905,0.0,0.0,True
DLG4,205.71897118160302,0.0,0.0,True
DIAPH2,205.68075164185572,0.0,0.0,True
LACTB,205.67163302106204,0.0,0.0,True
EMSY,205.65207519503295,0.0,0.0,True
FUNDC2,205.64198925142762,0.0,0.0,True
ZNF606,205.61557527049214,0.0,0.0,True
MARCHF9,205.57824587010404,0.0,0.0,True
NAA35,205.5736750570335,0.0,0.0,True
TGFB1I1,205.53894346822128,0.0,0.0,True
INTS12,205.50026553309763,0.0,0.0,True
ODC1,205.48454124908847,0.0,0.0,True
RP2,205.47629172580122,0.0,0.0,True
BOD1L1,205.47253382791644,0.0,0.0,True
BBS7,205.46468594728444,0.0,0.0,True
USP30,205.4614690947378,0.0,0.0,True
LZTS3,205.4597689886891,0.0,0.0,True
ETFB,205.4514806517557,0.0,0.0,True
FAM76A,205.44718989584314,0.0,0.0,True
LONP2,205.44544742311328,0.0,0.0,True
WBP4,205.4175685128158,0.0,0.0,True
DLG5,205.40666665839885,0.0,0.0,True
HIVEP2,205.37103892157003,0.0,0.0,True
IRF5,205.3077017058434,0.0,0.0,True
BAMBI,205.2765627171005,0.0,0.0,True
RANBP2,205.272172041647,0.0,0.0,True
CNST,205.23397324909325,0.0,0.0,True
KIAA1328,205.18648959073565,0.0,0.0,True
CDK14,205.04285561657755,0.0,0.0,True
MTUS1,205.03359162730473,0.0,0.0,True
MEP1A,205.0293673050152,0.0,0.0,True
PIGM,205.00889370159007,0.0,0.0,True
TSPAN11,204.97054460067065,0.0,0.0,True
DGKG,204.9672017105948,0.0,0.0,True
SIRT1,204.9556272628983,0.0,0.0,True
RPL22,204.95217795645883,0.0,0.0,True
INTS2,204.95175342068643,0.0,0.0,True
USP13,204.92560760093377,0.0,0.0,True
GHRHR,204.91700780354475,0.0,0.0,True
LMCD1,204.91674007711615,0.0,0.0,True
VPS8,204.8842612590775,0.0,0.0,True
ATF1,204.85779615864016,0.0,0.0,True
PBX4,204.82808552758368,0.0,0.0,True
CCDC86,204.81846965640256,0.0,0.0,True
FBXO36,204.8138620647295,0.0,0.0,True
SPTSSA,204.78278078414576,0.0,0.0,True
DDB2,204.7724644221081,0.0,0.0,True
CCNT1,204.76113117134503,0.0,0.0,True
SNRPD1,204.71245276539588,0.0,0.0,True
CCN3,204.70501311995264,0.0,0.0,True
GPR89A,204.6626488440517,0.0,0.0,True
GABRB3,204.64160582433428,0.0,0.0,True
LRFN1,204.63781544524184,0.0,0.0,True
CEP170,204.63605673361442,0.0,0.0,True
TMEM263,204.63357801323994,0.0,0.0,True
ARHGEF9,204.59805857911144,0.0,0.0,True
CALM2,204.57352956839003,0.0,0.0,True
ZNF142,204.57151812233568,0.0,0.0,True
PLEKHG1,204.56859557943528,0.0,0.0,True
LEF1,204.5279190813436,0.0,0.0,True
CCT5,204.52189680122254,0.0,0.0,True
CACNA2D4,204.47576401036312,0.0,0.0,True
SEC14L1,204.4727653945237,0.0,0.0,True
CRNKL1,204.47226701171496,0.0,0.0,True
WNT10A,204.47206887822244,0.0,0.0,True
RHBG,204.4619071034184,0.0,0.0,True
MLLT10,204.45782211724193,0.0,0.0,True
TMEM164,204.45334777633514,0.0,0.0,True
MCF2L,204.4137424424402,0.0,0.0,True
SRCAP,204.40244413360708,0.0,0.0,True
LCP2,204.36890188785236,0.0,0.0,True
ATP6V0A4,204.35919155665573,0.0,0.0,True
TMEM92,204.3408997652122,0.0,0.0,True
SDK1,204.2763322447522,0.0,0.0,True
BAG5,204.26976149368184,0.0,0.0,True
ATM,204.26461755263333,0.0,0.0,True
DYRK2,204.2629884570197,0.0,0.0,True
RNF169,204.17228972948186,0.0,0.0,True
ST13,204.16734464878252,0.0,0.0,True
NBN,204.16080477801853,0.0,0.0,True
ISM1,204.1487632586472,0.0,0.0,True
CSNK2A1,204.13884478774898,0.0,0.0,True
EHBP1,204.11388220571004,0.0,0.0,True
C1orf56,204.10731068906807,0.0,0.0,True
ANGPT4,204.036853834772,0.0,0.0,True
CYP46A1,203.99527677727247,0.0,0.0,True
IGFBP4,203.92782718085212,0.0,0.0,True
ODF2,203.9236675778319,0.0,0.0,True
EHD3,203.9209476353494,0.0,0.0,True
COPS4,203.90402461475938,0.0,0.0,True
RAD23B,203.90076043683067,0.0,0.0,True
LRRTM2,203.89892152092943,0.0,0.0,True
CDC42,203.89446293091862,0.0,0.0,True
CACNA1F,203.87392113077863,0.0,0.0,True
MFN2,203.87138524446704,0.0,0.0,True
HACE1,203.87006951720727,0.0,0.0,True
DCAF13,203.85313111588383,0.0,0.0,True
FOXP2,203.8515496118803,0.0,0.0,True
TIGD7,203.8479843775872,0.0,0.0,True
DNAH6,203.8449094729749,0.0,0.0,True
FCHO1,203.82590046908015,0.0,0.0,True
ARHGAP12,203.82266304171935,0.0,0.0,True
RC3H2,203.81234503174392,0.0,0.0,True
POGK,203.78880211410512,0.0,0.0,True
PPP1R18,203.76153218084065,0.0,0.0,True
FKBP15,203.72395519475722,0.0,0.0,True
NPTN,203.71838171667676,0.0,0.0,True
MTMR7,203.69855139809226,0.0,0.0,True
ANKRD26,203.6910152792768,0.0,0.0,True
EIF4B,203.68184399403282,0.0,0.0,True
CKMT2,203.62952030855928,0.0,0.0,True
HPS5,203.61803184445955,0.0,0.0,True
PIWIL4,203.61106355024637,0.0,0.0,True
ASTE1,203.58083161632217,0.0,0.0,True
RAB3GAP1,203.57611940097215,0.0,0.0,True
TOP2B,203.54914630601823,0.0,0.0,True
JOSD1,203.48611267258397,0.0,0.0,True
ZNF264,203.43862359723553,0.0,0.0,True
VTI1B,203.42307164769244,0.0,0.0,True
EFHC1,203.3467853480665,0.0,0.0,True
GFPT2,203.32511638269477,0.0,0.0,True
AMOTL2,203.25527962859636,0.0,0.0,True
APOL5,203.2437922063002,0.0,0.0,True
PRRT2,203.23518241542908,0.0,0.0,True
SBF1,203.23484072760294,0.0,0.0,True
TMEM132B,203.22728491596226,0.0,0.0,True
SEC24D,203.19529958719716,0.0,0.0,True
EFCC1,203.17631108161248,0.0,0.0,True
PTPRO,203.16182774016423,0.0,0.0,True
CBR1,203.16101941912382,0.0,0.0,True
VPS36,203.14521888516146,0.0,0.0,True
TENT5A,203.1361706256208,0.0,0.0,True
SUV39H2,203.11468143414305,0.0,0.0,True
BTG1,203.09627843876012,0.0,0.0,True
ATP6V1A,203.0886573163661,0.0,0.0,True
NFATC4,203.07159103149633,0.0,0.0,True
IMPACT,203.0503048292145,0.0,0.0,True
FBXO27,203.0473291428292,0.0,0.0,True
ZNF75A,203.02940670074585,0.0,0.0,True
ASL,203.0240528271799,0.0,0.0,True
ADNP,203.0154101983923,0.0,0.0,True
ZNF12,202.97539508831386,0.0,0.0,True
C1R,202.9705407783701,0.0,0.0,True
GRAMD1B,202.969874828066,0.0,0.0,True
CNOT6,202.94696794285494,0.0,0.0,True
BAHD1,202.9027808739027,0.0,0.0,True
BIRC7,202.90245210825864,0.0,0.0,True
PLD2,202.844580564124,0.0,0.0,True
SRI,202.81893007309264,0.0,0.0,True
SNRNP40,202.8120029151771,0.0,0.0,True
MS4A15,202.81125645577285,0.0,0.0,True
WASL,202.79485779108526,0.0,0.0,True
CLUH,202.7437365080107,0.0,0.0,True
ZMYND19,202.72069922580658,0.0,0.0,True
ABHD18,202.685606711811,0.0,0.0,True
ADD1,202.67617551797233,0.0,0.0,True
CCDC91,202.64604228551192,0.0,0.0,True
TOMM70,202.61029278539863,0.0,0.0,True
SLC35E4,202.6036015867913,0.0,0.0,True
CACNA1B,202.5955873185255,0.0,0.0,True
LZTS1,202.59504435993162,0.0,0.0,True
THYN1,202.569724768382,0.0,0.0,True
CNOT4,202.55828228652487,0.0,0.0,True
CHMP2B,202.5406038422466,0.0,0.0,True
NRL,202.52218597466842,0.0,0.0,True
GPR161,202.51514466176624,0.0,0.0,True
CHKA,202.50291354445653,0.0,0.0,True
WDFY1,202.4730250123842,0.0,0.0,True
KIAA0586,202.42984737335226,0.0,0.0,True
LGALS3,202.4001388834416,0.0,0.0,True
ATP2A3,202.39941806614726,0.0,0.0,True
C16orf86,202.39272374455194,0.0,0.0,True
USP46,202.37278904837854,0.0,0.0,True
ETNK2,202.367431072817,0.0,0.0,True
MSANTD2,202.3415229202117,0.0,0.0,True
NSD3,202.33869427256812,0.0,0.0,True
MFGE8,202.33407805866483,0.0,0.0,True
ICAM2,202.279795296344,0.0,0.0,True
CPPED1,202.25665171112047,0.0,0.0,True
ZC3H7A,202.1686595603266,0.0,0.0,True
NOP56,202.1517504319324,0.0,0.0,True
EVI2A,202.138149720715,0.0,0.0,True
CSF2RB,202.06536355115858,0.0,0.0,True
PER3,202.02848228567217,0.0,0.0,True
ACTN1,202.02363884898676,0.0,0.0,True
STK35,202.02126680246784,0.0,0.0,True
LETMD1,201.99139820629256,0.0,0.0,True
ATP13A3,201.96448303741698,0.0,0.0,True
FERMT2,201.961053770239,0.0,0.0,True
TBX2,201.94705573743227,0.0,0.0,True
RLF,201.89860047868302,0.0,0.0,True
PKP4,201.88403991963793,0.0,0.0,True
SALL4,201.76725433441385,0.0,0.0,True
CD84,201.7626824938178,0.0,0.0,True
STK24,201.75260195853974,0.0,0.0,True
TRAF7,201.7504866117182,0.0,0.0,True
ALKBH8,201.74190168455738,0.0,0.0,True
DIDO1,201.7266937639714,0.0,0.0,True
DNAJC13,201.72463796917594,0.0,0.0,True
KCNA7,201.71391786177455,0.0,0.0,True
MYH16,201.69283592024752,0.0,0.0,True
DCP1B,201.68501961365422,0.0,0.0,True
UCHL5,201.65321206586236,0.0,0.0,True
EREG,201.64839736598657,0.0,0.0,True
POP1,201.6374780909803,0.0,0.0,True
SPINK2,201.58646427693438,0.0,0.0,True
CAMK2D,201.58499151557967,0.0,0.0,True
PBRM1,201.55878236600242,0.0,0.0,True
ETV1,201.5460847204996,0.0,0.0,True
CD63,201.54037057659684,0.0,0.0,True
RPL39L,201.5365299267809,0.0,0.0,True
EIF4EBP2,201.50833023342847,0.0,0.0,True
DCTN6,201.49087888141335,0.0,0.0,True
CSNK2A2,201.47938129275514,0.0,0.0,True
YPEL5,201.46121637255297,0.0,0.0,True
KIAA0513,201.4543568832569,0.0,0.0,True
NUDT12,201.45333082443375,0.0,0.0,True
TENT4A,201.4489120062408,0.0,0.0,True
PSMC1,201.42032850792634,0.0,0.0,True
PARP1,201.38446289488516,0.0,0.0,True
ILDR2,201.3838201547291,0.0,0.0,True
PRMT8,201.35642828391187,0.0,0.0,True
NCBP1,201.3542764832201,0.0,0.0,True
SSX5,201.3220810305706,0.0,0.0,True
FRG1BP,201.28651871146565,0.0,0.0,True
LPGAT1,201.25933705925607,0.0,0.0,True
CHRNA6,201.2559366193706,0.0,0.0,True
XPO1,201.21352888356031,0.0,0.0,True
SAMD14,201.15349083686274,0.0,0.0,True
RNASEH2B,201.1313411833508,0.0,0.0,True
GNPTAB,201.12580620018375,0.0,0.0,True
VRTN,201.08149893544618,0.0,0.0,True
SKP1,201.06274744805296,0.0,0.0,True
UBP1,201.0539939046404,0.0,0.0,True
TTL,201.0412637379903,0.0,0.0,True
CCDC191,200.96472458648148,0.0,0.0,True
POLR1F,200.93562808227736,0.0,0.0,True
DCTN4,200.88680411271594,0.0,0.0,True
TLK2,200.85793151474195,0.0,0.0,True
KCTD18,200.8561539590252,0.0,0.0,True
CABLES2,200.84574810245448,0.0,0.0,True
RS1,200.83071629731407,0.0,0.0,True
TLR4,200.81583670687334,0.0,0.0,True
NRK,200.80937389793453,0.0,0.0,True
PKN2,200.8002971574324,0.0,0.0,True
SH3GL3,200.79040379688254,0.0,0.0,True
TNFRSF10B,200.76268385528428,0.0,0.0,True
TNMD,200.6888400355554,0.0,0.0,True
SMC3,200.66980284132768,0.0,0.0,True
MAML1,200.63788935486437,0.0,0.0,True
GNAI3,200.62956595235198,0.0,0.0,True
NCDN,200.61376249425618,0.0,0.0,True
PPFIA2,200.61073251000533,0.0,0.0,True
ADCYAP1R1,200.5723758055341,0.0,0.0,True
ZNF510,200.56553781278384,0.0,0.0,True
SLC16A2,200.5308847794161,0.0,0.0,True
NMT2,200.5198940379006,0.0,0.0,True
CYP26B1,200.48898643917053,0.0,0.0,True
ARHGAP35,200.4823093158024,0.0,0.0,True
CHRDL2,200.47772349964416,0.0,0.0,True
TST,200.44628493799036,0.0,0.0,True
CGN,200.44059154238298,0.0,0.0,True
CHRAC1,200.42655308167744,0.0,0.0,True
BPIFB2,200.4195370272598,0.0,0.0,True
KLHL2,200.39916023974666,0.0,0.0,True
SUCO,200.3717211974453,0.0,0.0,True
LOXL3,200.35032975819135,0.0,0.0,True
DDX46,200.34743914132775,0.0,0.0,True
IL5RA,200.3343326636898,0.0,0.0,True
SELE,200.27512197698437,0.0,0.0,True
CASP3,200.17106843105972,0.0,0.0,True
IFT172,200.17021558863524,0.0,0.0,True
RNF111,200.14333464784076,0.0,0.0,True
FRMD4B,200.1358208369539,0.0,0.0,True
WSCD2,200.12726206942568,0.0,0.0,True
ZNF37A,200.12519523495843,0.0,0.0,True
KIF1A,200.10294053993087,0.0,0.0,True
RPL3L,200.09844648109004,0.0,0.0,True
SCP2,200.0865959448401,0.0,0.0,True
KCNA5,200.05848519701615,0.0,0.0,True
EXOC5,200.04609465454806,0.0,0.0,True
CHST3,200.0310298796066,0.0,0.0,True
H2BW1,199.9638396394092,0.0,0.0,True
ACTR10,199.90821500048008,0.0,0.0,True
CPOX,199.8899324937054,0.0,0.0,True
BVES,199.866440061657,0.0,0.0,True
ZNF148,199.84754678321934,0.0,0.0,True
REEP1,199.83930140324694,0.0,0.0,True
CYP27B1,199.8258198877228,0.0,0.0,True
THRAP3,199.7479817745111,0.0,0.0,True
SSH1,199.74689387653555,0.0,0.0,True
WDR31,199.74561402826498,0.0,0.0,True
NUP54,199.68789464571105,0.0,0.0,True
AFG2A,199.67396703153122,0.0,0.0,True
KLHL42,199.6389327771047,0.0,0.0,True
WDR75,199.59352321011892,0.0,0.0,True
GON4L,199.56987465817852,0.0,0.0,True
CCNP,199.47701846904084,0.0,0.0,True
PCDHB4,199.47345577488767,0.0,0.0,True
PAK1,199.4611972575218,0.0,0.0,True
DCHS1,199.44229765556594,0.0,0.0,True
ZNF304,199.44203329051095,0.0,0.0,True
P2RX3,199.3883962787681,0.0,0.0,True
SERP2,199.37522360439115,0.0,0.0,True
RC3H1,199.36207222803102,0.0,0.0,True
FCHSD2,199.34507714937146,0.0,0.0,True
ARMCX5,199.33596266170258,0.0,0.0,True
CDK13,199.2986043668115,0.0,0.0,True
CBX3,199.28049460399157,0.0,0.0,True
SPEN,199.27827963518558,0.0,0.0,True
TNC,199.25800835854255,0.0,0.0,True
HEBP2,199.18955900033933,0.0,0.0,True
ZNF599,199.18235915763557,0.0,0.0,True
GAS8,199.16730118261856,0.0,0.0,True
MEFV,199.16193914888163,0.0,0.0,True
NCBP2,199.1506754113252,0.0,0.0,True
PCNP,199.13748087667045,0.0,0.0,True
CREBBP,199.12426325275845,0.0,0.0,True
KDM2B,199.11567766943537,0.0,0.0,True
ALDH7A1,199.11542037401037,0.0,0.0,True
WIF1,199.09810853922124,0.0,0.0,True
STAG2,199.09351144501696,0.0,0.0,True
POLR3G,199.09073817834692,0.0,0.0,True
ZMYM4,199.0164402069211,0.0,0.0,True
ANKRD13C,199.00077688007195,0.0,0.0,True
ZNF112,198.99461368195549,0.0,0.0,True
PREP,198.9747159476885,0.0,0.0,True
POLR2I,198.9607247689273,0.0,0.0,True
C2CD5,198.95947729335649,0.0,0.0,True
CTH,198.93698849080323,0.0,0.0,True
SLC24A1,198.92389087034834,0.0,0.0,True
TNRC6B,198.89749908232378,0.0,0.0,True
SNX6,198.89039370229344,0.0,0.0,True
PHEX,198.86630506621054,0.0,0.0,True
NUCB2,198.80757803355735,0.0,0.0,True
IFNAR1,198.7940208126276,0.0,0.0,True
UBR7,198.7470435386456,0.0,0.0,True
RPS6KB1,198.7465446450608,0.0,0.0,True
NFAT5,198.73905664611095,0.0,0.0,True
PPAT,198.70079175677742,0.0,0.0,True
SIGMAR1,198.7002406446782,0.0,0.0,True
SYPL1,198.68422798113792,0.0,0.0,True
DCAF16,198.6624347987038,0.0,0.0,True
HAGHL,198.64489549793637,0.0,0.0,True
TMEM44,198.6252758809796,0.0,0.0,True
CHN2,198.56440818151466,0.0,0.0,True
TMEM128,198.50606835528563,0.0,0.0,True
PIK3C3,198.48439942019073,0.0,0.0,True
VEZF1,198.47336760003782,0.0,0.0,True
MAVS,198.462833751152,0.0,0.0,True
FUOM,198.44537485539854,0.0,0.0,True
TMEM100,198.43003531264347,0.0,0.0,True
PDE10A,198.41780400254308,0.0,0.0,True
AJUBA,198.40156169804104,0.0,0.0,True
SLC49A4,198.38109190657838,0.0,0.0,True
CNOT9,198.36734481105373,0.0,0.0,True
ST8SIA1,198.30238923255416,0.0,0.0,True
GSDMB,198.30223847071207,0.0,0.0,True
VAT1,198.27677907164394,0.0,0.0,True
SRPK2,198.24661505590205,0.0,0.0,True
SOAT1,198.2294832492593,0.0,0.0,True
KLHL4,198.20826214037618,0.0,0.0,True
HEY1,198.1851151342793,0.0,0.0,True
CCDC141,198.172489286229,0.0,0.0,True
WDR26,198.1678153810599,0.0,0.0,True
MMAA,198.14783457391815,0.0,0.0,True
VMA21,198.13839761405006,0.0,0.0,True
RNF2,198.12097852620525,0.0,0.0,True
GATAD2B,198.12064326661175,0.0,0.0,True
PTGER2,198.10313113023463,0.0,0.0,True
RND3,197.98696375915927,0.0,0.0,True
FLT3,197.94574186007446,0.0,0.0,True
DOP1A,197.86375115821843,0.0,0.0,True
RIPK1,197.8607991336595,0.0,0.0,True
SNPH,197.86071653002477,0.0,0.0,True
SYF2,197.8521052517293,0.0,0.0,True
BTBD7,197.8461301351727,0.0,0.0,True
GXYLT1,197.8087026189046,0.0,0.0,True
SRM,197.80224791406997,0.0,0.0,True
CGGBP1,197.7907463370826,0.0,0.0,True
VPS35,197.7839311823239,0.0,0.0,True
GPR63,197.77502494257106,0.0,0.0,True
AQR,197.73707084966287,0.0,0.0,True
KLF16,197.70736745900055,0.0,0.0,True
KIAA1549,197.6688487480331,0.0,0.0,True
VHL,197.66517221622678,0.0,0.0,True
BRINP1,197.6559048567351,0.0,0.0,True
GARRE1,197.65566658521223,0.0,0.0,True
YIPF4,197.59415046463593,0.0,0.0,True
OTOR,197.5848036327872,0.0,0.0,True
MPL,197.5840340591206,0.0,0.0,True
ZMYND8,197.55093547720864,0.0,0.0,True
KLHDC10,197.54371472344815,0.0,0.0,True
AK9,197.54005312752668,0.0,0.0,True
PRSS33,197.52926866823117,0.0,0.0,True
NME4,197.52296031593394,0.0,0.0,True
SKIL,197.46561673348435,0.0,0.0,True
DMAC2L,197.45591933688272,0.0,0.0,True
TNNI1,197.44586777722506,0.0,0.0,True
MORN3,197.4376618723548,0.0,0.0,True
NTNG1,197.41053196164285,0.0,0.0,True
GGT5,197.39321460995066,0.0,0.0,True
R3HDM1,197.38034471403162,0.0,0.0,True
SLC9B2,197.32936702280148,0.0,0.0,True
NUS1,197.29402031480635,0.0,0.0,True
ATRIP,197.27476079648045,0.0,0.0,True
CDK12,197.25487232928626,0.0,0.0,True
METTL14,197.23097688403288,0.0,0.0,True
GAB2,197.22737889277067,0.0,0.0,True
WDR20,197.12139757092882,0.0,0.0,True
DPH6,197.1112455458571,0.0,0.0,True
COG6,197.0896026766688,0.0,0.0,True
FTL,197.08938975251675,0.0,0.0,True
CADPS,197.08180367312843,0.0,0.0,True
CDC42EP1,197.0805851374247,0.0,0.0,True
FILIP1,197.0281433590973,0.0,0.0,True
CYB5R3,196.99035050944767,0.0,0.0,True
EVI5,196.93829085524823,0.0,0.0,True
PCSK7,196.9175855237489,0.0,0.0,True
DNAAF8,196.8567413114229,0.0,0.0,True
SUGT1,196.8504715542045,0.0,0.0,True
CLXN,196.84931997552167,0.0,0.0,True
CELF4,196.84552359702866,0.0,0.0,True
LANCL1,196.83760998601838,0.0,0.0,True
CPSF2,196.76860403996034,0.0,0.0,True
XPO7,196.76197061903426,0.0,0.0,True
USP16,196.74594643560152,0.0,0.0,True
AEBP1,196.74084180108684,0.0,0.0,True
NREP,196.73238758500517,0.0,0.0,True
B4GALT5,196.72668635015572,0.0,0.0,True
ARCN1,196.71539377027315,0.0,0.0,True
ITGA5,196.6961904811264,0.0,0.0,True
IKBKE-AS1,196.6943871361852,0.0,0.0,True
FBXL8,196.68625122669806,0.0,0.0,True
CD1A,196.66870452098755,0.0,0.0,True
RSPO3,196.64883205997214,0.0,0.0,True
PPIP5K2,196.63915495401028,0.0,0.0,True
DAP3,196.58289489174294,0.0,0.0,True
PCDHGA2,196.53032179969796,0.0,0.0,True
CPNE6,196.52482850076822,0.0,0.0,True
CCDC32,196.47699362188368,0.0,0.0,True
VWA5A,196.4757127894657,0.0,0.0,True
SNRPB,196.46386523263078,0.0,0.0,True
UBASH3B,196.42392334078903,0.0,0.0,True
HDDC2,196.4141172277524,0.0,0.0,True
DPCD,196.40418583594953,0.0,0.0,True
GRTP1,196.37532206711742,0.0,0.0,True
ATG16L1,196.34670687222211,0.0,0.0,True
NEMF,196.34299712362397,0.0,0.0,True
GEM,196.34193806590497,0.0,0.0,True
DYM,196.33939470588103,0.0,0.0,True
DNAAF1,196.31797451272027,0.0,0.0,True
SLC1A7,196.25239395898748,0.0,0.0,True
RARB,196.2492183283446,0.0,0.0,True
FUBP3,196.24785403655304,0.0,0.0,True
CEACAM1,196.22629886846386,0.0,0.0,True
FASTKD3,196.18955004773483,0.0,0.0,True
ODAD1,196.18826774740995,0.0,0.0,True
KRT84,196.1557414152253,0.0,0.0,True
GLUL,196.15436475406673,0.0,0.0,True
MAP3K12,196.1247949096939,0.0,0.0,True
WBP1L,196.11648724610689,0.0,0.0,True
HSD17B1,196.09679982858194,0.0,0.0,True
RMND1,196.0887216347458,0.0,0.0,True
ZNF226,196.0171514991892,0.0,0.0,True
MCL1,195.99762993973312,0.0,0.0,True
NUP153,195.98801120652362,0.0,0.0,True
EPYC,195.98784127103596,0.0,0.0,True
AMOTL1,195.98632896655005,0.0,0.0,True
N6AMT1,195.98051353485448,0.0,0.0,True
SINHCAF,195.9530835776511,0.0,0.0,True
BAZ2A,195.89321531122437,0.0,0.0,True
TSPAN7,195.88599461182244,0.0,0.0,True
FOXRED2,195.85626816369367,0.0,0.0,True
ENTREP3,195.77879446368095,0.0,0.0,True
SEPTIN11,195.77856474869884,0.0,0.0,True
TMEM62,195.77467406958047,0.0,0.0,True
SNRPA1,195.76808594379852,0.0,0.0,True
GRIA2,195.76495850525743,0.0,0.0,True
RNF217,195.74035451310053,0.0,0.0,True
CSF3R,195.69050250546138,0.0,0.0,True
CNOT2,195.6838942773093,0.0,0.0,True
RBMX,195.65487118716842,0.0,0.0,True
PHACTR1,195.63042878161153,0.0,0.0,True
LMO2,195.5782914916811,0.0,0.0,True
TIRAP,195.55167753880698,0.0,0.0,True
PUM2,195.52658077560878,0.0,0.0,True
NCF2,195.52543407113444,0.0,0.0,True
C1orf50,195.5093186130528,0.0,0.0,True
ZMYM6,195.49156389810977,0.0,0.0,True
C21orf58,195.48491789587504,0.0,0.0,True
TTC12,195.45413490289843,0.0,0.0,True
FDX1,195.44972309101345,0.0,0.0,True
ALG13,195.43099777233257,0.0,0.0,True
DHX40,195.40785739852046,0.0,0.0,True
GLCE,195.3937824329675,0.0,0.0,True
WDR48,195.3492849925097,0.0,0.0,True
ARHGAP15,195.32430669390726,0.0,0.0,True
CNKSR2,195.31987697870292,0.0,0.0,True
IL23R,195.31381575793995,0.0,0.0,True
SELENOI,195.2915322787172,0.0,0.0,True
PANK1,195.28700749953293,0.0,0.0,True
ELAPOR2,195.2556962580179,0.0,0.0,True
BLVRA,195.24454184961317,0.0,0.0,True
HECTD3,195.23551974429063,0.0,0.0,True
GDF11,195.2286321437345,0.0,0.0,True
UHMK1,195.22246674168713,0.0,0.0,True
KPNA1,195.19186421678396,0.0,0.0,True
ERBB3,195.17575544399665,0.0,0.0,True
ADCY1,195.13113489737373,0.0,0.0,True
MTIF3,195.12517464334894,0.0,0.0,True
CARM1,195.0756748327149,0.0,0.0,True
TIMP4,195.04154113076308,0.0,0.0,True
RHBDD1,195.03448308448736,0.0,0.0,True
NRXN2,195.02968797774847,0.0,0.0,True
STARD9,194.99130720558597,0.0,0.0,True
IKBKB,194.99006831581133,0.0,0.0,True
RPP40,194.96967417746546,0.0,0.0,True
SERPING1,194.94399209281082,0.0,0.0,True
FBLN2,194.94268950305616,0.0,0.0,True
EML2,194.94248789705352,0.0,0.0,True
GOLGA5,194.8966686592051,0.0,0.0,True
HNRNPR,194.88443427600868,0.0,0.0,True
HIF1A,194.87476625482958,0.0,0.0,True
ARHGAP22,194.8735682446038,0.0,0.0,True
TMBIM4,194.87337433677644,0.0,0.0,True
RBBP9,194.86605867554994,0.0,0.0,True
NEURL1,194.85574747132816,0.0,0.0,True
CRISPLD1,194.8350417768752,0.0,0.0,True
INTS6,194.8281684293549,0.0,0.0,True
TXNL1,194.81294181914993,0.0,0.0,True
NDST1,194.77630149076876,0.0,0.0,True
PAXIP1,194.75119228852583,0.0,0.0,True
ZNF283,194.74899805729592,0.0,0.0,True
ATG2B,194.70839347811727,0.0,0.0,True
PNPLA5,194.69569028667334,0.0,0.0,True
INO80,194.66332281647826,0.0,0.0,True
GOPC,194.6541816946695,0.0,0.0,True
DHX32,194.6095738162299,0.0,0.0,True
CCND1,194.53051012676403,0.0,0.0,True
TMEM181,194.51435893094703,0.0,0.0,True
CERS2,194.51429631531263,0.0,0.0,True
IPO11,194.50321171569382,0.0,0.0,True
DUSP5,194.49847742243088,0.0,0.0,True
TCP11L2,194.46564321538813,0.0,0.0,True
DNM2,194.40103607472932,0.0,0.0,True
CCDC80,194.38228776736133,0.0,0.0,True
HSF4,194.3600750610376,0.0,0.0,True
BBX,194.33574344489497,0.0,0.0,True
ADTRP,194.33212602162763,0.0,0.0,True
PITX3,194.30348871831234,0.0,0.0,True
JAZF1,194.2970713341029,0.0,0.0,True
ELMO1,194.2953132993426,0.0,0.0,True
MED12L,194.28359419428733,0.0,0.0,True
KLHL21,194.28057099402608,0.0,0.0,True
PIP4K2C,194.24390192303048,0.0,0.0,True
PSMB2,194.17351601022992,0.0,0.0,True
CDC73,194.16964500801265,0.0,0.0,True
STX17,194.14856685317628,0.0,0.0,True
UBR2,194.12795401545986,0.0,0.0,True
DERL1,194.12587445793187,0.0,0.0,True
SLC27A2,194.11534932583112,0.0,0.0,True
TMEM131L,194.0776918986373,0.0,0.0,True
KIF21B,194.03643121502216,0.0,0.0,True
HIGD1B,193.91190676377389,0.0,0.0,True
PLEKHG2,193.89754668503465,0.0,0.0,True
ARHGEF40,193.84951605149854,0.0,0.0,True
PUM1,193.84238108939888,0.0,0.0,True
ZNF280C,193.84156525316615,0.0,0.0,True
NOLC1,193.8335367295444,0.0,0.0,True
TXNDC11,193.8302864016937,0.0,0.0,True
NAGK,193.802815654245,0.0,0.0,True
PPP2R5C,193.75096165720606,0.0,0.0,True
ANKRD9,193.73085499489284,0.0,0.0,True
CHD6,193.72749667062453,0.0,0.0,True
LGALS12,193.7099138381618,0.0,0.0,True
RIC8B,193.67715240450644,0.0,0.0,True
EXPH5,193.67540761607418,0.0,0.0,True
RHOB,193.64426332676217,0.0,0.0,True
RAB2B,193.63205846988978,0.0,0.0,True
HNRNPLL,193.61825338715101,0.0,0.0,True
OLAH,193.60999639677084,0.0,0.0,True
TAF5L,193.536641691843,0.0,0.0,True
SPICE1,193.5060101764449,0.0,0.0,True
NMI,193.49576721251427,0.0,0.0,True
SLC29A1,193.49448009488717,0.0,0.0,True
TCF7L2,193.48253575767487,0.0,0.0,True
CARHSP1,193.4426597596749,0.0,0.0,True
PHKB,193.44228279263191,0.0,0.0,True
TCF20,193.39764968689346,0.0,0.0,True
MAPK4,193.3587978343692,0.0,0.0,True
MEOX1,193.32305343974892,0.0,0.0,True
VTA1,193.30557353059135,0.0,0.0,True
MXD4,193.2922500844122,0.0,0.0,True
ADCY10,193.2855263761524,0.0,0.0,True
PIGK,193.25776219229166,0.0,0.0,True
TBC1D20,193.2187468300791,0.0,0.0,True
ANK1,193.1834925367709,0.0,0.0,True
ACHE,193.17364010601023,0.0,0.0,True
ADAMTS3,193.1642100937287,0.0,0.0,True
CARNMT1,193.13214459523783,0.0,0.0,True
PEX7,193.1161212131927,0.0,0.0,True
MLEC,193.0907904135488,0.0,0.0,True
C11orf58,193.00873382042982,0.0,0.0,True
ASB2,192.99566808143626,0.0,0.0,True
SMIM43,192.99382028088735,0.0,0.0,True
RBM22,192.9880555962701,0.0,0.0,True
BCL2L13,192.97546153416405,0.0,0.0,True
ZNF704,192.96879249138192,0.0,0.0,True
MIS18A,192.96698219380733,0.0,0.0,True
LY86,192.96016783584844,0.0,0.0,True
HMCN1,192.94121728661563,0.0,0.0,True
SHKBP1,192.92132369760634,0.0,0.0,True
KMT2C,192.86593251098643,0.0,0.0,True
PTGFR,192.8574216381307,0.0,0.0,True
PUS7L,192.85513596138722,0.0,0.0,True
MFSD11,192.85449400110468,0.0,0.0,True
ALPK1,192.84931430461376,0.0,0.0,True
DDX31,192.8458747961215,0.0,0.0,True
LETM2,192.79149347275126,0.0,0.0,True
KLHL3,192.77811866646417,0.0,0.0,True
EPG5,192.75947795593348,0.0,0.0,True
MSH6,192.7340269254151,0.0,0.0,True
PHACTR3,192.718336622752,0.0,0.0,True
PRMT9,192.71513046964782,0.0,0.0,True
ZFYVE28,192.70214558895586,0.0,0.0,True
SYBU,192.66872076708512,0.0,0.0,True
TBC1D10A,192.66434446250574,0.0,0.0,True
PRDM13,192.65210263779957,0.0,0.0,True
APC,192.65126397764047,0.0,0.0,True
PHF10,192.63490255302574,0.0,0.0,True
CAMLG,192.61352165835342,0.0,0.0,True
PTBP1,192.589561897701,0.0,0.0,True
TTC21B,192.57567737344152,0.0,0.0,True
ARSD,192.56777138526058,0.0,0.0,True
NUP133,192.5522657516937,0.0,0.0,True
DIP2A,192.54911655818478,0.0,0.0,True
PDIA5,192.54639733285836,0.0,0.0,True
ANKRD40,192.51078089034013,0.0,0.0,True
TBXAS1,192.50060348726265,0.0,0.0,True
TNFRSF9,192.44828025778682,0.0,0.0,True
ADAMTS8,192.44014558948686,0.0,0.0,True
RCN2,192.42917517344708,0.0,0.0,True
SAMSN1,192.3912540482265,0.0,0.0,True
CCDC127,192.3789377876175,0.0,0.0,True
BCAT1,192.3755880177706,0.0,0.0,True
H2AZ1,192.37190581386264,0.0,0.0,True
RO60,192.36982620841323,0.0,0.0,True
LEO1,192.35164301838932,0.0,0.0,True
TGFBI,192.32148501185713,0.0,0.0,True
RPRD1B,192.27884632379218,0.0,0.0,True
SP2,192.24396661551455,0.0,0.0,True
ARID1A,192.24100118161402,0.0,0.0,True
LRRC43,192.21177846981018,0.0,0.0,True
SLC30A9,192.20642190093358,0.0,0.0,True
FAM20B,192.17712265667106,0.0,0.0,True
RGS8,192.14650845844864,0.0,0.0,True
ICAM1,192.13482729961862,0.0,0.0,True
UTP25,192.13303076884813,0.0,0.0,True
RNASEH2A,192.12809758166037,0.0,0.0,True
ZFP36,192.10956610294178,0.0,0.0,True
RPL14P1,192.10435519740304,0.0,0.0,True
LAMTOR3,192.0667675449402,0.0,0.0,True
ALKBH3,192.04406150347148,0.0,0.0,True
ALOX5,191.999850955978,0.0,0.0,True
CRABP1,191.99940373176835,0.0,0.0,True
MAPK14,191.9869106253917,0.0,0.0,True
SRGN,191.9833355380225,0.0,0.0,True
SLC35F4,191.96167427699174,0.0,0.0,True
SETBP1,191.9011602683096,0.0,0.0,True
IGSF21,191.89267017639608,0.0,0.0,True
NIP7,191.8570425516876,0.0,0.0,True
ALOX5AP,191.85379737373296,0.0,0.0,True
USP37,191.84759601887245,0.0,0.0,True
ANP32E,191.84042400975022,0.0,0.0,True
FRMD4A,191.75584310209425,0.0,0.0,True
ACSL6,191.74530535147906,0.0,0.0,True
TMPRSS3,191.69274077520765,0.0,0.0,True
RETREG2,191.6508293913076,0.0,0.0,True
EML1,191.6353427329762,0.0,0.0,True
DDHD2,191.6229672412477,0.0,0.0,True
AFF4,191.55857819818456,0.0,0.0,True
YPEL1,191.5454723808122,0.0,0.0,True
PF4,191.51527376228623,0.0,0.0,True
CD82,191.46002566411065,0.0,0.0,True
MIPEP,191.43489320806881,0.0,0.0,True
VEGFD,191.4298483076578,0.0,0.0,True
NLRC4,191.42640476222255,0.0,0.0,True
TNS3,191.4135576484686,0.0,0.0,True
NCKAP1,191.4047560245914,0.0,0.0,True
RHOT1,191.40432024680936,0.0,0.0,True
NIN,191.34472246493533,0.0,0.0,True
MFSD13A,191.27468956269334,0.0,0.0,True
LYZL1,191.2717314617158,0.0,0.0,True
TRAPPC10,191.25398025617991,0.0,0.0,True
ATP1A2,191.21081477458577,0.0,0.0,True
XRCC3,191.20514749175936,0.0,0.0,True
FAM171A1,191.18444541179838,0.0,0.0,True
UBR3,191.14601261108604,0.0,0.0,True
PTP4A1,191.14221720282146,0.0,0.0,True
SRD5A3,191.1367810925117,0.0,0.0,True
SYNDIG1,191.07277422090976,0.0,0.0,True
ARHGAP26,190.98443537166,0.0,0.0,True
ZFC3H1,190.9578961033079,0.0,0.0,True
DSN1,190.9484446546199,0.0,0.0,True
SUDS3,190.90608467276968,0.0,0.0,True
AMFR,190.8791538932744,0.0,0.0,True
CEP20,190.8363610043789,0.0,0.0,True
INPP5A,190.83523134205367,0.0,0.0,True
CERS5,190.8345332266856,0.0,0.0,True
CDK2AP1,190.8082758419946,0.0,0.0,True
TAOK1,190.79815213282345,0.0,0.0,True
MMP27,190.79574839681374,0.0,0.0,True
ADGRB3,190.7773650221653,0.0,0.0,True
POLN,190.75344435727663,0.0,0.0,True
TTC22,190.72344280338956,0.0,0.0,True
GRB14,190.7065050608919,0.0,0.0,True
IGF2BP1,190.69629708437427,0.0,0.0,True
RASAL2,190.6555016200673,0.0,0.0,True
VAPB,190.65019798353103,0.0,0.0,True
ST8SIA2,190.6186175351269,0.0,0.0,True
RBL2,190.6161873185855,0.0,0.0,True
MGME1,190.6058033849405,0.0,0.0,True
BPIFB9P,190.5295752653987,0.0,0.0,True
MAP2K4,190.52309478325662,0.0,0.0,True
AK7,190.51717379503265,0.0,0.0,True
HERPUD2,190.50430946669155,0.0,0.0,True
SYT16,190.50212897035766,0.0,0.0,True
CARD19,190.49152385824013,0.0,0.0,True
SDS,190.47731217428247,0.0,0.0,True
TNKS2,190.4381387411964,0.0,0.0,True
SEC24B,190.3324221501739,0.0,0.0,True
LHX6,190.3295871744336,0.0,0.0,True
ERMAP,190.32136859217823,0.0,0.0,True
PMS2,190.32081843623334,0.0,0.0,True
ZNF684,190.31221991718357,0.0,0.0,True
RPGRIP1,190.30692385998813,0.0,0.0,True
TMCO3,190.2791839109574,0.0,0.0,True
ZNF41,190.2542443853069,0.0,0.0,True
SMARCA5,190.25218683033464,0.0,0.0,True
GIT1,190.24296903518945,0.0,0.0,True
RAB5A,190.22529174869294,0.0,0.0,True
PLD4,190.2204493280035,0.0,0.0,True
KLHL26,190.21335659314022,0.0,0.0,True
SCHIP1,190.19719727281316,0.0,0.0,True
NACC1,190.1916881499251,0.0,0.0,True
EYA4,190.18981418979277,0.0,0.0,True
CBFA2T2,190.17185591346046,0.0,0.0,True
OVOL3,190.12040862090768,0.0,0.0,True
CS,190.1124862689244,0.0,0.0,True
PHF14,190.11172007224738,0.0,0.0,True
C15orf48,190.10469381176168,0.0,0.0,True
SCLT1,190.08776158180854,0.0,0.0,True
C15orf39,190.07988370463752,0.0,0.0,True
UBE2D3,190.07878610514305,0.0,0.0,True
CRLF1,190.03137254074844,0.0,0.0,True
CLCN3,190.02557574467585,0.0,0.0,True
PAK3,189.97325372432968,0.0,0.0,True
MFSD8,189.91637134873972,0.0,0.0,True
WRN,189.87925612804068,0.0,0.0,True
MSI1,189.85106219952053,0.0,0.0,True
TAF5,189.8503641652187,0.0,0.0,True
ACADVL,189.82698606493,0.0,0.0,True
RRN3,189.81194599565785,0.0,0.0,True
YY1,189.80451671147387,0.0,0.0,True
ICE2,189.7590559504032,0.0,0.0,True
FCGRT,189.73217503753884,0.0,0.0,True
MICU2,189.73116596164414,0.0,0.0,True
CFAP92,189.7223359332908,0.0,0.0,True
NMNAT2,189.70649670430646,0.0,0.0,True
SYTL4,189.69768302801018,0.0,0.0,True
TBRG1,189.69417574767448,0.0,0.0,True
MKX,189.5184706649908,0.0,0.0,True
GNA12,189.49084020373388,0.0,0.0,True
TTBK1,189.45568280109822,0.0,0.0,True
WASHC2A,189.45434919511615,0.0,0.0,True
CYP39A1,189.43831906602708,0.0,0.0,True
TMX4,189.43550454162664,0.0,0.0,True
NLRC5,189.4108693047732,0.0,0.0,True
ZNF22-AS1,189.37506218825538,0.0,0.0,True
RECQL,189.3610377653002,0.0,0.0,True
ARK2C,189.3568643720721,0.0,0.0,True
GNS,189.32438181913193,0.0,0.0,True
ADAMTSL4,189.2955076352669,0.0,0.0,True
NFE2L1,189.29321511019677,0.0,0.0,True
TAC3,189.27822887838528,0.0,0.0,True
G6PD,189.27819962578334,0.0,0.0,True
WTAP,189.26553287621988,0.0,0.0,True
CRK,189.26368776855412,0.0,0.0,True
BACH1,189.22658971344345,0.0,0.0,True
FBXW7,189.21807948639832,0.0,0.0,True
TMEM71,189.21022509498272,0.0,0.0,True
TBC1D5,189.17242193817324,0.0,0.0,True
SYNGR3,189.11071063739837,0.0,0.0,True
IDH3A,189.07068901304646,0.0,0.0,True
RGS18,189.0371501384517,0.0,0.0,True
SLC25A35,189.02554693944083,0.0,0.0,True
CFAP300,189.0249054678928,0.0,0.0,True
ASXL3,189.01482896755707,0.0,0.0,True
ADAR,188.99994773166048,0.0,0.0,True
ELL3,188.99670656385962,0.0,0.0,True
SYNGR2,188.98088993979434,0.0,0.0,True
ARK2N,188.92522167318438,0.0,0.0,True
REST,188.92035750818167,0.0,0.0,True
NUP98,188.90615455870747,0.0,0.0,True
HS3ST3B1,188.88277000284307,0.0,0.0,True
SP100,188.8784708865614,0.0,0.0,True
TBC1D24,188.8500932597399,0.0,0.0,True
RIPPLY1,188.80742191995625,0.0,0.0,True
MED15,188.8034140386144,0.0,0.0,True
PDPR,188.80084466663087,0.0,0.0,True
GTPBP1,188.7967108892,0.0,0.0,True
SLIT2,188.76487859086964,0.0,0.0,True
MED25,188.76369382161042,0.0,0.0,True
PNPLA8,188.75700364386424,0.0,0.0,True
APMAP,188.73092103164092,0.0,0.0,True
UBA2,188.70690568696546,0.0,0.0,True
TRMT6,188.66750490578653,0.0,0.0,True
EEF1AKMT1,188.64521632870964,0.0,0.0,True
CXCL13,188.6393160322413,0.0,0.0,True
KALRN,188.63332337810613,0.0,0.0,True
ARIH1,188.5797372925665,0.0,0.0,True
PCYOX1,188.56116695818835,0.0,0.0,True
OCRL,188.55757091769442,0.0,0.0,True
ARHGEF7,188.53160163033144,0.0,0.0,True
ATE1,188.49491835281088,0.0,0.0,True
UBE2B,188.4778496410236,0.0,0.0,True
ZNF641,188.43105404727868,0.0,0.0,True
DEK,188.42624683470444,0.0,0.0,True
CDV3,188.40080366804457,0.0,0.0,True
CLASP2,188.37170797517055,0.0,0.0,True
MED17,188.35539966225502,0.0,0.0,True
PRXL2C,188.33566976385234,0.0,0.0,True
GRPEL2,188.30313746018092,0.0,0.0,True
POPDC3,188.2968645857139,0.0,0.0,True
DNAH5,188.2801877417551,0.0,0.0,True
TEKT3,188.24308929678276,0.0,0.0,True
AP3M2,188.2287484653707,0.0,0.0,True
ARPC5L,188.22619796827956,0.0,0.0,True
MBOAT7,188.21396828622954,0.0,0.0,True
MAST3,188.1923291272698,0.0,0.0,True
ARHGAP5,188.18922580718325,0.0,0.0,True
GSTCD,188.1830584157447,0.0,0.0,True
CXCR4,188.17479773673298,0.0,0.0,True
TXLNG,188.16904180826845,0.0,0.0,True
TUBA1A,188.15007893935484,0.0,0.0,True
STC1,188.149865790781,0.0,0.0,True
PPDPF,188.11496481909512,0.0,0.0,True
POR,188.0922605712887,0.0,0.0,True
PCK2,188.0428013040667,0.0,0.0,True
INTS6L,188.04072714820006,0.0,0.0,True
FOSB,188.0380932481247,0.0,0.0,True
OLFML3,187.9918809523859,0.0,0.0,True
CMTM7,187.99114141693295,0.0,0.0,True
MRPL3,187.98585866526267,0.0,0.0,True
RAN,187.9165895794968,0.0,0.0,True
PPIG,187.90982962920785,0.0,0.0,True
MYSM1,187.87735436584316,0.0,0.0,True
GIPC1,187.86786142305255,0.0,0.0,True
NUFIP2,187.8666598822653,0.0,0.0,True
RAB35,187.86644281013778,0.0,0.0,True
CALU,187.85554272249624,0.0,0.0,True
USP43,187.82712651694217,0.0,0.0,True
NIPBL,187.8069797118055,0.0,0.0,True
CBR4,187.78948328034244,0.0,0.0,True
HES6,187.78508523869974,0.0,0.0,True
ACADM,187.7689297469972,0.0,0.0,True
KIFAP3,187.76856775030993,0.0,0.0,True
NOL6,187.72050049724947,0.0,0.0,True
ORC5,187.6867535227701,0.0,0.0,True
PCNX1,187.6861544265789,0.0,0.0,True
PHF19,187.55964098447046,0.0,0.0,True
UBE2A,187.5378279128092,0.0,0.0,True
KTN1,187.49057531651292,0.0,0.0,True
VPS50,187.44379896815582,0.0,0.0,True
CLHC1,187.42337743297873,0.0,0.0,True
SPAG7,187.40591124791118,0.0,0.0,True
ATP8B4,187.3905007390893,0.0,0.0,True
ELP4,187.3634682383776,0.0,0.0,True
RAB6B,187.36026289175763,0.0,0.0,True
SCFD1,187.35635636090194,0.0,0.0,True
IL2RA,187.3274409022701,0.0,0.0,True
IL21R,187.31611798449086,0.0,0.0,True
SLC9B1,187.30150923036973,0.0,0.0,True
NMRK1,187.28220998260014,0.0,0.0,True
NSD2,187.27459674346787,0.0,0.0,True
COMMD2,187.25152606786367,0.0,0.0,True
TNFAIP3,187.24457945753755,0.0,0.0,True
EP300,187.24030323342478,0.0,0.0,True
STRIP2,187.22222674940193,0.0,0.0,True
MBTPS2,187.20670902251425,0.0,0.0,True
PDZK1IP1,187.14775458955506,0.0,0.0,True
RLIG1,187.12702239869543,0.0,0.0,True
ELOA,187.08576826593546,0.0,0.0,True
ABL1,187.0792114765297,0.0,0.0,True
PON2,187.07153332946575,0.0,0.0,True
BSDC1,187.0202493126835,0.0,0.0,True
SERPINH1,187.00617184397402,0.0,0.0,True
EIF3J,186.99366173748433,0.0,0.0,True
TTC14,186.96675129907655,0.0,0.0,True
TMEM248,186.95038737183825,0.0,0.0,True
PDLIM2,186.94767568718243,0.0,0.0,True
TGM7,186.94094881468314,0.0,0.0,True
NTAN1,186.9050243764813,0.0,0.0,True
PAK1IP1,186.88734042809273,0.0,0.0,True
CACUL1,186.8723917268766,0.0,0.0,True
SBNO2,186.83469608054145,0.0,0.0,True
C9orf85,186.82479937718153,0.0,0.0,True
FREM1,186.7659990515198,0.0,0.0,True
SOX9,186.75030445344393,0.0,0.0,True
SH3TC1,186.73372028551753,0.0,0.0,True
ASB3,186.68911257856632,0.0,0.0,True
TANGO6,186.68682572543798,0.0,0.0,True
F11R,186.6289618108862,0.0,0.0,True
RNF43,186.62722106018364,0.0,0.0,True
BID,186.62240275095095,0.0,0.0,True
SLC30A6,186.59843609028607,0.0,0.0,True
TNFAIP1,186.5977398665366,0.0,0.0,True
IRF2BPL,186.55245562572009,0.0,0.0,True
DZIP1L,186.50643488720766,0.0,0.0,True
CENPV,186.4835240636228,0.0,0.0,True
GTPBP4,186.4701207170513,0.0,0.0,True
RPAP3,186.4203554889142,0.0,0.0,True
NOP58,186.3790784229613,0.0,0.0,True
LRRC56,186.37827127206526,0.0,0.0,True
CEP76,186.37729259124382,0.0,0.0,True
TAF1,186.37521671364598,0.0,0.0,True
TEX264,186.3722376568977,0.0,0.0,True
APBA2,186.31012141577963,0.0,0.0,True
MMUT,186.30966390592965,0.0,0.0,True
ADGRE5,186.29072239927913,0.0,0.0,True
CDADC1,186.25635434843966,0.0,0.0,True
GLT8D1,186.24562280325898,0.0,0.0,True
CD22,186.2316653290404,0.0,0.0,True
TYRP1,186.2237743684824,0.0,0.0,True
CYGB,186.21890158627275,0.0,0.0,True
OBI1,186.21497993644604,0.0,0.0,True
GALNT10,186.2125179747039,0.0,0.0,True
ICE1,186.19058285660722,0.0,0.0,True
SNX19,186.17543604895633,0.0,0.0,True
OMA1,186.13410492957885,0.0,0.0,True
OGG1,186.1160630567013,0.0,0.0,True
LRP12,186.1108911201663,0.0,0.0,True
TMOD3,186.06087578122376,0.0,0.0,True
SLC13A2,186.0576501934321,0.0,0.0,True
GAPDH,186.04039987757025,0.0,0.0,True
SFMBT1,186.03603775475324,0.0,0.0,True
CLSTN3,185.99756758870254,0.0,0.0,True
ADAMTS7,185.9611446119921,0.0,0.0,True
RYBP,185.9540319658965,0.0,0.0,True
CLEC16A,185.94228716372672,0.0,0.0,True
PTPN4,185.90733077398315,0.0,0.0,True
ZFHX4,185.89695249989876,0.0,0.0,True
FAM118A,185.8949546167612,0.0,0.0,True
THOC3,185.8903834072231,0.0,0.0,True
CHD5,185.8845745404608,0.0,0.0,True
AK3,185.88322016050412,0.0,0.0,True
RABL2A,185.86418761620416,0.0,0.0,True
PRKACG,185.84852132498236,0.0,0.0,True
ZNF549,185.84213595107093,0.0,0.0,True
ARMC8,185.82753774502746,0.0,0.0,True
MKLN1,185.81095117732426,0.0,0.0,True
DYNC1LI2,185.79674821862395,0.0,0.0,True
USP1,185.79178974215372,0.0,0.0,True
ZMYM5,185.72000398620074,0.0,0.0,True
TRIP12,185.6999211194825,0.0,0.0,True
C10orf95,185.69660269447135,0.0,0.0,True
PM20D1,185.67446707915127,0.0,0.0,True
LARP4,185.6409480154835,0.0,0.0,True
MAP3K4,185.54394504646774,0.0,0.0,True
RASL12,185.53975312652284,0.0,0.0,True
NUDT2,185.5294806344261,0.0,0.0,True
EML5,185.49388576123783,0.0,0.0,True
CDA,185.44233532012265,0.0,0.0,True
LILRA1,185.43065517663175,0.0,0.0,True
AVPR1A,185.42069608246237,0.0,0.0,True
FREM2,185.39537877485134,0.0,0.0,True
NPFFR1,185.37065588764983,0.0,0.0,True
PHF21A,185.35379596389444,0.0,0.0,True
MFAP3,185.29063198390844,0.0,0.0,True
LRRC3,185.26032265429257,0.0,0.0,True
COPS2,185.24935935761414,0.0,0.0,True
CSRNP1,185.24773864080916,0.0,0.0,True
LHPP,185.2214681559429,0.0,0.0,True
ZNF710,185.21773076715877,0.0,0.0,True
GBF1,185.2028978246884,0.0,0.0,True
GNE,185.1994347503264,0.0,0.0,True
MANBA,185.1875094423188,0.0,0.0,True
SH3GLB2,185.14805525654114,0.0,0.0,True
PEF1,185.13395551238392,0.0,0.0,True
CD46,185.1086421222511,0.0,0.0,True
RAC2,185.09503224496027,0.0,0.0,True
ERRFI1,185.06700815733947,0.0,0.0,True
NDRG2,185.06245529519776,0.0,0.0,True
U2SURP,185.0608330126452,0.0,0.0,True
NOL9,185.0603678903589,0.0,0.0,True
ZFR,185.0400221130597,0.0,0.0,True
ALOX12,185.00057243924485,0.0,0.0,True
KDM4C,184.89267075691734,0.0,0.0,True
NAGS,184.88765146486747,0.0,0.0,True
APOL4,184.8693830081394,0.0,0.0,True
IRF8,184.86057833462226,0.0,0.0,True
SORCS1,184.85342212131,0.0,0.0,True
DRAXIN,184.82642247972433,0.0,0.0,True
ING3,184.82012272739465,0.0,0.0,True
EIF4H,184.79661561807765,0.0,0.0,True
COQ9,184.7521112696747,0.0,0.0,True
TINF2,184.75174347036136,0.0,0.0,True
EMC3,184.71553953713942,0.0,0.0,True
PASK,184.68136479327197,0.0,0.0,True
EIF4G1,184.67904026385864,0.0,0.0,True
SRSF12,184.64548824568683,0.0,0.0,True
TBC1D22B,184.6367090897203,0.0,0.0,True
IMPA1,184.62701253389858,0.0,0.0,True
C20orf144,184.60659083074268,0.0,0.0,True
RPE65,184.5585984391552,0.0,0.0,True
UBQLN1,184.55383395866323,0.0,0.0,True
NRCAM,184.54842785037627,0.0,0.0,True
RBM41,184.54557267867594,0.0,0.0,True
TSPOAP1,184.5248802264465,0.0,0.0,True
ESRP2,184.49044272326705,0.0,0.0,True
PHF3,184.4738120240148,0.0,0.0,True
PALM,184.47278088876718,0.0,0.0,True
IFI27,184.4707720442155,0.0,0.0,True
PRR12,184.4526569634841,0.0,0.0,True
KCTD14,184.42661853081435,0.0,0.0,True
HSPA2,184.42312301033365,0.0,0.0,True
SMARCAD1,184.41082522336302,0.0,0.0,True
FNDC4,184.40518980492791,0.0,0.0,True
RFXAP,184.40291386574094,0.0,0.0,True
SLC30A5,184.3919294014856,0.0,0.0,True
SCYL2,184.36644599278293,0.0,0.0,True
OSBPL2,184.36170985093108,0.0,0.0,True
TMEM127,184.30757194457732,0.0,0.0,True
QPCT,184.22911681026463,0.0,0.0,True
CCDC15,184.20503126822535,0.0,0.0,True
NR2F6,184.1905915656535,0.0,0.0,True
CASP8AP2,184.1794285402749,0.0,0.0,True
FCRL4,184.13253117084258,0.0,0.0,True
MED21,184.09944482370392,0.0,0.0,True
EPRS1,184.0929638245312,0.0,0.0,True
AASS,184.0436185158046,0.0,0.0,True
STK36,184.03407547573244,0.0,0.0,True
ZMYM2,184.0298471903329,0.0,0.0,True
TBC1D16,184.0203069098119,0.0,0.0,True
ENTPD2,184.0188035122994,0.0,0.0,True
IL4I1,184.01869712134513,0.0,0.0,True
OCEL1,184.01825153219482,0.0,0.0,True
OXGR1,184.00981802571357,0.0,0.0,True
RABL3,184.00003423169179,0.0,0.0,True
RAB3IP,183.99841643727478,0.0,0.0,True
BIRC3,183.95762388390403,0.0,0.0,True
NKX3-2,183.95394347597338,0.0,0.0,True
ZNF639,183.95236778339225,0.0,0.0,True
FHIP2A,183.91698114778637,0.0,0.0,True
KIF1C,183.9037410041278,0.0,0.0,True
BBC3,183.89649981068428,0.0,0.0,True
DDX6,183.88624013998466,0.0,0.0,True
SOX5,183.88185060206965,0.0,0.0,True
RAP1GDS1,183.8324410155662,0.0,0.0,True
USP10,183.8004846340904,0.0,0.0,True
RPS17P5,183.7918371361503,0.0,0.0,True
GNPTG,183.77044268846515,0.0,0.0,True
ARSF,183.7648694675082,0.0,0.0,True
SYNGR1,183.69826301382145,0.0,0.0,True
PLTP,183.68223514651095,0.0,0.0,True
LYZ,183.66114802213127,0.0,0.0,True
CALML4,183.65234412311582,0.0,0.0,True
PYGO2,183.64224178298252,0.0,0.0,True
PPP1R13B,183.6403001559434,0.0,0.0,True
PARP16,183.6132998619851,0.0,0.0,True
BTK,183.61263628082307,0.0,0.0,True
HIVEP1,183.59228127091663,0.0,0.0,True
SKI,183.578914779624,0.0,0.0,True
CX3CL1,183.5627393540639,0.0,0.0,True
CAMSAP1,183.48959792089553,0.0,0.0,True
SCAF11,183.45660431435678,0.0,0.0,True
MRPS30,183.4150316200747,0.0,0.0,True
ASNS,183.3856183844246,0.0,0.0,True
DHX8,183.33103549858112,0.0,0.0,True
PLPP7,183.32888881412472,0.0,0.0,True
CBLN3,183.32200322607883,0.0,0.0,True
RPL13AP25,183.3051698659805,0.0,0.0,True
CCZ1B,183.28939067524286,0.0,0.0,True
NUDT21,183.2544484675192,0.0,0.0,True
GARS1,183.17336407486013,0.0,0.0,True
RIPOR3,183.1554231526335,0.0,0.0,True
ARL3,183.14592501342423,0.0,0.0,True
ACRV1,183.02891105011696,0.0,0.0,True
UROD,182.98815734317927,0.0,0.0,True
TPSG1,182.88931390304617,0.0,0.0,True
TMIGD3,182.88725932279374,0.0,0.0,True
ETV7,182.88687176376453,0.0,0.0,True
ADRA2A,182.88424765468483,0.0,0.0,True
LRP5L,182.8769739070482,0.0,0.0,True
SEC31A,182.86740654067196,0.0,0.0,True
ROCK2,182.86299602964894,0.0,0.0,True
ZNF780B,182.85776588739876,0.0,0.0,True
IGFBPL1,182.85685018620111,0.0,0.0,True
GYG1,182.82373810411352,0.0,0.0,True
CAPZB,182.8121253066436,0.0,0.0,True
ZNF862,182.80027516618986,0.0,0.0,True
HMBOX1,182.78184073195078,0.0,0.0,True
FBXO42,182.76298966121772,0.0,0.0,True
HP1BP3,182.76139721311174,0.0,0.0,True
UBE3C,182.75164977084458,0.0,0.0,True
RANBP9,182.70078864170486,0.0,0.0,True
DNAJB2,182.66271330202494,0.0,0.0,True
DBN1,182.60904232442016,0.0,0.0,True
FAT1,182.60356476071374,0.0,0.0,True
CDK2,182.59414530568176,0.0,0.0,True
AP2M1,182.57352818437016,0.0,0.0,True
MTHFD2L,182.53803934747324,0.0,0.0,True
LONRF1,182.5276882311856,0.0,0.0,True
DNAAF3,182.4433206109844,0.0,0.0,True
ZNF146,182.44190388204586,0.0,0.0,True
TES,182.42153551596954,0.0,0.0,True
EFNB2,182.41278458087046,0.0,0.0,True
FOXO1,182.39581580904638,0.0,0.0,True
PRRC1,182.38129817571934,0.0,0.0,True
ATXN7,182.3643082452009,0.0,0.0,True
PATZ1,182.33655721210158,0.0,0.0,True
MYNN,182.33046250084425,0.0,0.0,True
M1AP,182.31145129703765,0.0,0.0,True
KCTD20,182.30972033644977,0.0,0.0,True
NGF,182.29809496691593,0.0,0.0,True
ANKRD2,182.29115262329697,0.0,0.0,True
NTS,182.27179388443614,0.0,0.0,True
ESF1,182.26993725649228,0.0,0.0,True
HOXD3,182.26487429121002,0.0,0.0,True
TMEM205,182.24330539757202,0.0,0.0,True
NUMB,182.19364784615576,0.0,0.0,True
NOM1,182.1862274324674,0.0,0.0,True
CEACAM8,182.1793161105833,0.0,0.0,True
ZBTB1,182.11259035787813,0.0,0.0,True
KCNMA1,182.08887979534893,0.0,0.0,True
LAX1,182.07233323429574,0.0,0.0,True
CD86,182.05858161694016,0.0,0.0,True
HADHB,182.0528093901481,0.0,0.0,True
MED1,182.02004189035955,0.0,0.0,True
RRP1B,182.0198052105002,0.0,0.0,True
CNIH3,182.00912121022625,0.0,0.0,True
TCF12,182.00246565803704,0.0,0.0,True
CHRM3,181.98943752649754,0.0,0.0,True
DOK1,181.96478019570645,0.0,0.0,True
STIM1,181.96120990897444,0.0,0.0,True
XPO5,181.95301655938275,0.0,0.0,True
NR4A3,181.9457490852594,0.0,0.0,True
PDE4C,181.89317162276544,0.0,0.0,True
HFE,181.84936623976873,0.0,0.0,True
DNAI3,181.83915892665,0.0,0.0,True
RHOA,181.81994745181078,0.0,0.0,True
FRMD1,181.81478917942985,0.0,0.0,True
FKBP14,181.7315725835145,0.0,0.0,True
EEF2K,181.71007522372113,0.0,0.0,True
CLDN15,181.70187869200922,0.0,0.0,True
DNM1L,181.69188630005286,0.0,0.0,True
SSR3,181.67836694291304,0.0,0.0,True
HEMK1,181.66109654542092,0.0,0.0,True
TTF1,181.6608778284399,0.0,0.0,True
LAPTM4A,181.61203686571127,0.0,0.0,True
ROPN1L,181.59042539756885,0.0,0.0,True
HSPE1,181.575275247473,0.0,0.0,True
METTL25,181.55743046947978,0.0,0.0,True
H2BC11,181.5049241853166,0.0,0.0,True
KGD4,181.4928448922064,0.0,0.0,True
RPAP2,181.48919050923018,0.0,0.0,True
CCDC181,181.46210480081947,0.0,0.0,True
PNO1,181.4287791429501,0.0,0.0,True
MYH13,181.42350523367782,0.0,0.0,True
CEP89,181.41192244875742,0.0,0.0,True
OSR1,181.39118535646583,0.0,0.0,True
ENDOU,181.3616084178756,0.0,0.0,True
MARK3,181.36107706456502,0.0,0.0,True
UBE2D1,181.30277970391805,0.0,0.0,True
MTCH1,181.2937311322379,0.0,0.0,True
GRAP,181.27700150976048,0.0,0.0,True
TFE3,181.25473219364528,0.0,0.0,True
PYROXD2,181.22435951180373,0.0,0.0,True
FOLR3,181.15959715119868,0.0,0.0,True
WAC,181.14769306796103,0.0,0.0,True
EIF4G2,181.10667375488896,0.0,0.0,True
WDR4,181.08029215084156,0.0,0.0,True
PLAT,181.07591639760608,0.0,0.0,True
TTLL2,181.0621166765683,0.0,0.0,True
GRAMD4,181.05372244853842,0.0,0.0,True
UNC79,181.0498988936667,0.0,0.0,True
CIAO2A,181.0161752849881,0.0,0.0,True
GUCY2D,181.01025142776257,0.0,0.0,True
NUP93,180.99164287354657,0.0,0.0,True
DENR,180.9379130480297,0.0,0.0,True
AP5M1,180.919330082531,0.0,0.0,True
SPOCK2,180.8850975201604,0.0,0.0,True
DNAJC15,180.88504753017665,0.0,0.0,True
BYSL,180.8333916566338,0.0,0.0,True
PIGB,180.82679887312122,0.0,0.0,True
RIPOR1,180.78593881515843,0.0,0.0,True
ZNF385D,180.78192445655696,0.0,0.0,True
TAF1L,180.73628605324217,0.0,0.0,True
SPATA18,180.73249214413664,0.0,0.0,True
ABHD13,180.6641258504054,0.0,0.0,True
IL9R,180.6332113716977,0.0,0.0,True
TAGAP,180.58281969506373,0.0,0.0,True
WDR36,180.56960275985676,0.0,0.0,True
QTRT2,180.46366032098257,0.0,0.0,True
GFUS,180.45168629136046,0.0,0.0,True
TXNDC9,180.4263469797616,0.0,0.0,True
HCN4,180.41721963235204,0.0,0.0,True
EIF2AK4,180.4135210873229,0.0,0.0,True
SYNCRIP,180.3996988483269,0.0,0.0,True
FBXO21,180.3652749366893,0.0,0.0,True
ARHGEF10L,180.34930725280046,0.0,0.0,True
SRP9,180.3343189092937,0.0,0.0,True
VMP1,180.32263461218017,0.0,0.0,True
MTA3,180.31162786232863,0.0,0.0,True
TMEM69,180.28842791235053,0.0,0.0,True
HPS3,180.27434675508806,0.0,0.0,True
AACS,180.26846883619672,0.0,0.0,True
TNFSF11,180.24989968245245,0.0,0.0,True
SH3BP5,180.24898074651205,0.0,0.0,True
NEMP1,180.23591031319523,0.0,0.0,True
ATOSB,180.22048338855154,0.0,0.0,True
BCKDHB,180.20552738813188,0.0,0.0,True
FAM184B,180.16432777456188,0.0,0.0,True
VAPA,180.1609601925789,0.0,0.0,True
SUSD1,180.13640462375824,0.0,0.0,True
ATAD2B,180.13407358250777,0.0,0.0,True
FBXO43,180.11930215447018,0.0,0.0,True
LEFTY2,180.08323705985873,0.0,0.0,True
PPFIA1,180.07851334956226,0.0,0.0,True
EDRF1,180.0783662378288,0.0,0.0,True
WDTC1,180.03163591383614,0.0,0.0,True
RAB23,180.01855842774296,0.0,0.0,True
RFK,180.0176573154228,0.0,0.0,True
SCG5,179.91860944967246,0.0,0.0,True
ALDH3A2,179.90080697690524,0.0,0.0,True
USP4,179.89907362769958,0.0,0.0,True
GMCL1,179.88905476476603,0.0,0.0,True
CYTH3,179.88889324479655,0.0,0.0,True
RCAN1,179.88718937839135,0.0,0.0,True
TNFRSF10A,179.88622696613353,0.0,0.0,True
GMPR2,179.8832290136608,0.0,0.0,True
TNNT2,179.8337944524406,0.0,0.0,True
YTHDC1,179.8295926778795,0.0,0.0,True
FLG,179.82927615587434,0.0,0.0,True
ADIPOR1,179.8254158737305,0.0,0.0,True
MYH9,179.82131984161248,0.0,0.0,True
CBLL1,179.8052170698979,0.0,0.0,True
DNAL4,179.78629529045585,0.0,0.0,True
UNC5A,179.78589028015537,0.0,0.0,True
SAE1,179.76875470935514,0.0,0.0,True
ACBD5,179.7513809862158,0.0,0.0,True
PAQR3,179.7474171076249,0.0,0.0,True
PTPRR,179.74094838612325,0.0,0.0,True
KLHL20,179.74001411543614,0.0,0.0,True
SLC22A18,179.6982513176648,0.0,0.0,True
ARHGAP17,179.68710504846487,0.0,0.0,True
FCRL5,179.62990519996944,0.0,0.0,True
NPM3,179.61550377437985,0.0,0.0,True
SAYSD1,179.61512870045374,0.0,0.0,True
CUL5,179.5602432483576,0.0,0.0,True
RAI14,179.54847401402625,0.0,0.0,True
RELL2,179.53106915965094,0.0,0.0,True
HS1BP3,179.519534719949,0.0,0.0,True
MELTF,179.50087939993224,0.0,0.0,True
CHRD,179.49239515306223,0.0,0.0,True
CSDE1,179.43704603704538,0.0,0.0,True
SMG6,179.39316850537782,0.0,0.0,True
FAM124A,179.38858300490244,0.0,0.0,True
CD200R1,179.37380312134258,0.0,0.0,True
APOL3,179.32543198873034,0.0,0.0,True
LIPT1,179.3070294541515,0.0,0.0,True
HCCS,179.2823717405474,0.0,0.0,True
MIB1,179.26910387435288,0.0,0.0,True
PFKFB2,179.26233348736977,0.0,0.0,True
ZNF280D,179.24984175994493,0.0,0.0,True
RNASEK-C17orf49,179.23451140361618,0.0,0.0,True
COG2,179.22558258414873,0.0,0.0,True
SLC51A,179.1919847104762,0.0,0.0,True
BPIFA2,179.1914801986118,0.0,0.0,True
UPF2,179.17667915657398,0.0,0.0,True
MCM7,179.16649335724915,0.0,0.0,True
SP110,179.1624689178515,0.0,0.0,True
GPALPP1,179.16208734682834,0.0,0.0,True
SSTR5,179.15335504698368,0.0,0.0,True
MRGBP,179.12907518600684,0.0,0.0,True
VAMP1,179.10711861546503,0.0,0.0,True
TCOF1,179.09795024223064,0.0,0.0,True
ABCD3,179.09348967202064,0.0,0.0,True
TOX4,179.08627853212397,0.0,0.0,True
PPP4R4,179.05452078368992,0.0,0.0,True
TNFSF8,179.0477728495871,0.0,0.0,True
TTLL9,179.0426192846435,0.0,0.0,True
ZNF263,178.9988543824979,0.0,0.0,True
HDAC7,178.9776934758983,0.0,0.0,True
LRP11,178.97174808473173,0.0,0.0,True
GLG1,178.9559303738805,0.0,0.0,True
ATAT1,178.9510480631303,0.0,0.0,True
CHRNA3,178.94567612022095,0.0,0.0,True
UBE2I,178.92795068395495,0.0,0.0,True
SPRYD7,178.9197657733728,0.0,0.0,True
PIGQ,178.915106293581,0.0,0.0,True
COL2A1,178.8888711842977,0.0,0.0,True
TCERG1,178.8612425721182,0.0,0.0,True
TOR1B,178.8390221258346,0.0,0.0,True
PPP1R36,178.8277943446268,0.0,0.0,True
PAK5,178.7955574153342,0.0,0.0,True
BPHL,178.79364983708916,0.0,0.0,True
RFX3,178.7537527693531,0.0,0.0,True
INTS13,178.7415865254756,0.0,0.0,True
TMBIM6,178.7286686211149,0.0,0.0,True
NALF2,178.72709693260967,0.0,0.0,True
RAD17,178.70073117935132,0.0,0.0,True
ABCB10,178.69384469909795,0.0,0.0,True
RARA,178.6664731081901,0.0,0.0,True
TLCD1,178.65268657891465,0.0,0.0,True
C2orf49,178.65177032728567,0.0,0.0,True
SNX9,178.60122138253328,0.0,0.0,True
IBTK,178.5719476660809,0.0,0.0,True
NAT10,178.55074148223494,0.0,0.0,True
COG3,178.54051360173588,0.0,0.0,True
CASQ2,178.53633568534258,0.0,0.0,True
CCDC120,178.4975832163772,0.0,0.0,True
RHBDD2,178.4956271427404,0.0,0.0,True
GSTO1,178.43297752227346,0.0,0.0,True
ANO3,178.4159414321333,0.0,0.0,True
ST7L,178.4056652314433,0.0,0.0,True
MTFR1,178.38173261652744,0.0,0.0,True
FKBP9,178.37518805320352,0.0,0.0,True
TP53INP2,178.3715579838887,0.0,0.0,True
FNDC3A,178.36681115990945,0.0,0.0,True
ANKRD27,178.36375153675817,0.0,0.0,True
THEMIS2,178.36234526756783,0.0,0.0,True
PPP6R3,178.35892321148,0.0,0.0,True
NR1H3,178.34812505073913,0.0,0.0,True
SLC39A9,178.29851888644671,0.0,0.0,True
ACAT2,178.2573573809472,0.0,0.0,True
RNF19A,178.20574262886188,0.0,0.0,True
UFM1,178.18919709115178,0.0,0.0,True
VTI1A,178.1885317698128,0.0,0.0,True
HNRNPL,178.1718141924358,0.0,0.0,True
PNPT1,178.16091762911125,0.0,0.0,True
STPG1,178.1103214331728,0.0,0.0,True
TBX18,178.1026029121336,0.0,0.0,True
REC8,178.06905056163663,0.0,0.0,True
TBC1D14,177.9979599549501,0.0,0.0,True
KLHDC2,177.96483041336978,0.0,0.0,True
CORO2B,177.96142562218589,0.0,0.0,True
EPC2,177.95880955943815,0.0,0.0,True
ZNF706,177.94358887244334,0.0,0.0,True
ZC3HC1,177.91626136819576,0.0,0.0,True
TSPAN14,177.9057356397486,0.0,0.0,True
MAP3K21,177.89787540951482,0.0,0.0,True
AASDH,177.89117727466396,0.0,0.0,True
CREG1,177.87347282045405,0.0,0.0,True
SEMG1,177.86442985749235,0.0,0.0,True
GLIPR2,177.83709112801378,0.0,0.0,True
SLC4A1AP,177.81251834544668,0.0,0.0,True
CIR1,177.79406106973633,0.0,0.0,True
AVL9,177.79168496588593,0.0,0.0,True
GOLT1B,177.79074651834745,0.0,0.0,True
DCAF6,177.77084008430032,0.0,0.0,True
KRR1,177.7416591284102,0.0,0.0,True
ARPC5,177.74128447840417,0.0,0.0,True
ZFP30,177.72920371646606,0.0,0.0,True
LRRC46,177.70095461585893,0.0,0.0,True
VPS53,177.66676580581418,0.0,0.0,True
ZSWIM6,177.63728213987787,0.0,0.0,True
MMAB,177.61913632286974,0.0,0.0,True
GCLM,177.60360317939526,0.0,0.0,True
PPARD,177.56889904673676,0.0,0.0,True
CCDC93,177.5634912802112,0.0,0.0,True
EIF4A2,177.557340360752,0.0,0.0,True
TUBGCP3,177.54964030501702,0.0,0.0,True
PKP2,177.53520422215735,0.0,0.0,True
DESI2,177.49131249664097,0.0,0.0,True
TLCD3B,177.48847328592336,0.0,0.0,True
NSF,177.4267454214128,0.0,0.0,True
SORT1,177.3761146442147,0.0,0.0,True
EIF2B5,177.31824814327402,0.0,0.0,True
WARS1,177.31674954211948,0.0,0.0,True
RIGI,177.30945134181695,0.0,0.0,True
LUC7L2,177.3063391798979,0.0,0.0,True
ZC3H4,177.2909068715801,0.0,0.0,True
RASL11A,177.28187717092587,0.0,0.0,True
SPIDR,177.27997069166597,0.0,0.0,True
POLE3,177.24932097011626,0.0,0.0,True
LRTM2,177.23595909925595,0.0,0.0,True
DHX15,177.17427769349487,0.0,0.0,True
HUWE1,177.14489822797157,0.0,0.0,True
CHST7,177.098055043883,0.0,0.0,True
RIOK2,177.08426085156643,0.0,0.0,True
KHNYN,177.01768836943467,0.0,0.0,True
TP53BP1,176.9858165830659,0.0,0.0,True
NUP85,176.98516171134108,0.0,0.0,True
CDH19,176.94432854280217,0.0,0.0,True
TP53TG5,176.90561887471623,0.0,0.0,True
PABIR2,176.90179721599,0.0,0.0,True
PPP1R15B,176.8978910076871,0.0,0.0,True
MED10,176.88883009957044,0.0,0.0,True
CCNYL1,176.8804674954906,0.0,0.0,True
DECR1,176.84963936896594,0.0,0.0,True
KMT5B,176.83622435731817,0.0,0.0,True
VWDE,176.784648345355,0.0,0.0,True
ANKRA2,176.75092578496,0.0,0.0,True
TMEM19,176.74674815911456,0.0,0.0,True
CLPS,176.73360462053205,0.0,0.0,True
EHD4,176.68950124498238,0.0,0.0,True
XRCC4,176.62269515163223,0.0,0.0,True
ATXN7L1,176.60194444332427,0.0,0.0,True
ING4,176.5657467518388,0.0,0.0,True
DGLUCY,176.55322287594032,0.0,0.0,True
MESD,176.5476999969255,0.0,0.0,True
DICER1,176.52994282742634,0.0,0.0,True
FBXW2,176.49927198634163,0.0,0.0,True
SHPRH,176.47854934037846,0.0,0.0,True
NBPF3,176.47078566292834,0.0,0.0,True
NISCH,176.43950834435725,0.0,0.0,True
PARP3,176.43237140933576,0.0,0.0,True
HBS1L,176.4197782266866,0.0,0.0,True
PHF24,176.3697774712863,0.0,0.0,True
PDS5A,176.28252654282312,0.0,0.0,True
DBP,176.25095686246837,0.0,0.0,True
NQO2,176.21260337232934,0.0,0.0,True
DHX29,176.15941379761634,0.0,0.0,True
CDKN1A,176.08219703926682,0.0,0.0,True
ASB4,176.0757971949904,0.0,0.0,True
H2AC1,176.06926966916882,0.0,0.0,True
TRAF3,176.06285945006363,0.0,0.0,True
ATXN1,176.05752290701378,0.0,0.0,True
CRAT,176.04133812043614,0.0,0.0,True
SIL1,175.98211771263098,0.0,0.0,True
ABCC10,175.96479761720298,0.0,0.0,True
MORN1,175.90313302987624,0.0,0.0,True
TIGAR,175.8944271866659,0.0,0.0,True
ALOX15,175.8940867660294,0.0,0.0,True
GTPBP10,175.8836967479284,0.0,0.0,True
FH,175.87245713358283,0.0,0.0,True
NEO1,175.82959782776803,0.0,0.0,True
SNX14,175.82813071571528,0.0,0.0,True
CEP72,175.81464890453992,0.0,0.0,True
PCM1,175.78139136397365,0.0,0.0,True
TASOR,175.75645364469264,0.0,0.0,True
GOSR1,175.7509629928344,0.0,0.0,True
UBQLN4,175.68279345732887,0.0,0.0,True
ARMH3,175.67825197042222,0.0,0.0,True
PI4K2A,175.66767942268962,0.0,0.0,True
ITFG1,175.62140580789472,0.0,0.0,True
LARGE2,175.58798347529356,0.0,0.0,True
CHD8,175.58664908936905,0.0,0.0,True
TEC,175.58521537199348,0.0,0.0,True
METAP1,175.53741342630465,0.0,0.0,True
MRE11,175.4910924892969,0.0,0.0,True
OCIAD2,175.4525088036609,0.0,0.0,True
JTB,175.43940115739073,0.0,0.0,True
ASPG,175.4376068724377,0.0,0.0,True
ZFAND1,175.39957423059946,0.0,0.0,True
HPGD,175.3894250988261,0.0,0.0,True
COMMD10,175.38866951218645,0.0,0.0,True
UBE2Z,175.3692966769086,0.0,0.0,True
MADD,175.36405070095682,0.0,0.0,True
PIGV,175.35542328494637,0.0,0.0,True
CMTM5,175.33725628058542,0.0,0.0,True
MAK,175.3066259048997,0.0,0.0,True
SLC25A5,175.2890085719477,0.0,0.0,True
INIP,175.27290178747995,0.0,0.0,True
SEC23A,175.27221255485642,0.0,0.0,True
CCT6B,175.24729312083502,0.0,0.0,True
MCPH1,175.2468988741127,0.0,0.0,True
NIFK,175.24469983878842,0.0,0.0,True
ZSWIM4,175.20950612221802,0.0,0.0,True
SRF,175.16944765934662,0.0,0.0,True
NKD1,175.13703684093565,0.0,0.0,True
SLC22A8,175.07152187420482,0.0,0.0,True
EPN2,175.04587272289922,0.0,0.0,True
MYH15,175.04231413480818,0.0,0.0,True
SPAG1,175.03330249947766,0.0,0.0,True
FCGR1A,175.021275314438,0.0,0.0,True
SNRNP27,175.00412042354264,0.0,0.0,True
MTMR12,174.9742038383735,0.0,0.0,True
DOK5,174.9658463048512,0.0,0.0,True
HDAC4,174.95193375592123,0.0,0.0,True
WAPL,174.93085319916463,0.0,0.0,True
AP3B1,174.91679839291382,0.0,0.0,True
CISD1,174.87018740266166,0.0,0.0,True
SPG11,174.83871731109386,0.0,0.0,True
NUP37,174.8153476504414,0.0,0.0,True
NRGN,174.79258880579994,0.0,0.0,True
MISP3,174.7908776104845,0.0,0.0,True
CNTNAP5,174.78576196087838,0.0,0.0,True
F2RL1,174.759264001655,0.0,0.0,True
TMEM98,174.75299241258284,0.0,0.0,True
GTF3C2,174.73386019403983,0.0,0.0,True
ZNF326,174.72231332476053,0.0,0.0,True
CEPT1,174.7022608114969,0.0,0.0,True
PLEKHM2,174.6840775342651,0.0,0.0,True
MMP19,174.68015369831087,0.0,0.0,True
ATXN3,174.65577528232558,0.0,0.0,True
DBR1,174.6490844255199,0.0,0.0,True
ORC2,174.6379495410024,0.0,0.0,True
SNX29P1,174.6259531710729,0.0,0.0,True
ETF1,174.62220223572257,0.0,0.0,True
PRCP,174.60026648726293,0.0,0.0,True
CTCF,174.59960960404774,0.0,0.0,True
ZNF20,174.58669206121348,0.0,0.0,True
PACSIN1,174.52541804303928,0.0,0.0,True
GDAP1,174.5098524331059,0.0,0.0,True
ZNF629,174.50407728608462,0.0,0.0,True
WIZ,174.4935486219822,0.0,0.0,True
FBXL13,174.49086987020416,0.0,0.0,True
ZNF117,174.47872617703874,0.0,0.0,True
CDC37L1,174.47128793218897,0.0,0.0,True
XIAP,174.4600159594208,0.0,0.0,True
TBCK,174.41184223380705,0.0,0.0,True
AZIN1,174.407975686098,0.0,0.0,True
EFTUD2,174.395287301459,0.0,0.0,True
EEF1A1,174.37843013766533,0.0,0.0,True
PCBD1,174.37457112854938,0.0,0.0,True
MGST3,174.35178162694228,0.0,0.0,True
VPS4A,174.34738799771208,0.0,0.0,True
PRKAR2A,174.3376960006427,0.0,0.0,True
SBNO1,174.30475736333074,0.0,0.0,True
CPXM1,174.29620911556708,0.0,0.0,True
SOX8,174.24479434057457,0.0,0.0,True
PCDHB10,174.2081412147168,0.0,0.0,True
HSPG2,174.19391199967748,0.0,0.0,True
PCYT1B,174.1847705621881,0.0,0.0,True
TMEM183A,174.17156989143695,0.0,0.0,True
USP14,174.1511676696586,0.0,0.0,True
CLCC1,174.10186292121787,0.0,0.0,True
COL6A1,174.08776703766154,0.0,0.0,True
WEE1,174.06284228220244,0.0,0.0,True
CDCA7L,174.0571180782758,0.0,0.0,True
TRNT1,174.04825202699377,0.0,0.0,True
PARP6,174.04565336740228,0.0,0.0,True
PIGS,174.01464156956467,0.0,0.0,True
UBE2W,174.01258847154455,0.0,0.0,True
ACTB,174.00456397508412,0.0,0.0,True
SPIN1,173.98811096837278,0.0,0.0,True
H19,173.95918275672847,0.0,0.0,True
PINK1,173.92553328832292,0.0,0.0,True
CEBPG,173.91887902884437,0.0,0.0,True
USP20,173.90910767254096,0.0,0.0,True
B4GALT3,173.89527473477062,0.0,0.0,True
KIAA1755,173.8640867760493,0.0,0.0,True
SDE2,173.85566654371712,0.0,0.0,True
DOCK2,173.85298646385732,0.0,0.0,True
GRK4,173.8502596840336,0.0,0.0,True
THADA,173.84786527666935,0.0,0.0,True
CCAR1,173.84034398019563,0.0,0.0,True
PCDHB15,173.80894864728688,0.0,0.0,True
CES5A,173.79327024727115,0.0,0.0,True
ALAS1,173.79052145975922,0.0,0.0,True
ABCB9,173.75474841293843,0.0,0.0,True
MRPS25,173.73057376911123,0.0,0.0,True
SMPD4,173.71535089272768,0.0,0.0,True
TSR2,173.71461324487436,0.0,0.0,True
NFIL3,173.68653348738607,0.0,0.0,True
WDR13,173.66838867511245,0.0,0.0,True
ZNF776,173.66189093584845,0.0,0.0,True
UBE2D4,173.6432987932063,0.0,0.0,True
LNX2,173.64301010077958,0.0,0.0,True
ZNF496,173.62343599934968,0.0,0.0,True
FBLN7,173.60607049069873,0.0,0.0,True
ABCA1,173.57304707623226,0.0,0.0,True
FOXP3,173.53940366659344,0.0,0.0,True
TAF1B,173.4751232606657,0.0,0.0,True
MPHOSPH10,173.44926524286518,0.0,0.0,True
NOL10,173.44693215202875,0.0,0.0,True
CCDC146,173.44571029751023,0.0,0.0,True
VPS13C,173.4142481076223,0.0,0.0,True
ATG4C,173.40705573175669,0.0,0.0,True
DET1,173.3677600582561,0.0,0.0,True
GPR85,173.3664600885685,0.0,0.0,True
SPPL2A,173.34007771126622,0.0,0.0,True
PHF11,173.3218487226976,0.0,0.0,True
MCM9,173.3124863320898,0.0,0.0,True
PIK3R5,173.26456840591183,0.0,0.0,True
GTPBP8,173.26429261356847,0.0,0.0,True
KRT33B,173.26204029726554,0.0,0.0,True
BLOC1S1,173.23820693382697,0.0,0.0,True
ZBTB7B,173.21526719399972,0.0,0.0,True
FBP2,173.2149080339841,0.0,0.0,True
PDCD2L,173.2068234482475,0.0,0.0,True
WSB1,173.19770124323503,0.0,0.0,True
HBP1,173.1920441966109,0.0,0.0,True
BRD4,173.1475464704713,0.0,0.0,True
SNX7,173.1436658010938,0.0,0.0,True
HDGF,173.1428405941544,0.0,0.0,True
RAB15,173.13086041493185,0.0,0.0,True
BRPF3,173.12520425433823,0.0,0.0,True
CASR,173.11080093696373,0.0,0.0,True
ARFIP1,173.0675553888734,0.0,0.0,True
NOS2,173.02082643750634,0.0,0.0,True
ABRAXAS2,173.0035456496662,0.0,0.0,True
PITHD1,172.99134015796392,0.0,0.0,True
USP48,172.94902546767432,0.0,0.0,True
NTAQ1,172.94143724596807,0.0,0.0,True
MOSPD2,172.91024810717056,0.0,0.0,True
KBTBD7,172.86463936983017,0.0,0.0,True
IL1RL2,172.8602854942625,0.0,0.0,True
STAG3L4,172.82606372582615,0.0,0.0,True
ZCRB1,172.82308311906502,0.0,0.0,True
PHF13,172.8207604488893,0.0,0.0,True
SNHG16,172.80769362491228,0.0,0.0,True
TRPM2,172.71981022802072,0.0,0.0,True
ZFAND2B,172.68370657058978,0.0,0.0,True
PEMT,172.67879373121713,0.0,0.0,True
ATP9A,172.6737685919765,0.0,0.0,True
AFF2,172.6526929398056,0.0,0.0,True
POC1B,172.63040246776526,0.0,0.0,True
TMEM61,172.62560307947356,0.0,0.0,True
ZBTB25,172.59232382421754,0.0,0.0,True
CLDN11,172.58947052244326,0.0,0.0,True
ZNF574,172.56527048069736,0.0,0.0,True
LIN7C,172.53632929549784,0.0,0.0,True
MRPS10,172.51367661232473,0.0,0.0,True
BEST2,172.50754756307333,0.0,0.0,True
WNT5B,172.49781734988215,0.0,0.0,True
SLA,172.47068365897604,0.0,0.0,True
PRODH,172.4309548064467,0.0,0.0,True
THAP1,172.3908333629315,0.0,0.0,True
ADGRF2P,172.3599773146825,0.0,0.0,True
PPM1L,172.31215729370732,0.0,0.0,True
DMP1,172.2852812074303,0.0,0.0,True
SH3GL1,172.27606985093348,0.0,0.0,True
NEU2,172.2529890426543,0.0,0.0,True
HVCN1,172.24518621341062,0.0,0.0,True
NXT1,172.24099445234836,0.0,0.0,True
FAM124B,172.22461946938412,0.0,0.0,True
POLD1,172.20029641767175,0.0,0.0,True
PSEN2,172.1967501095008,0.0,0.0,True
TBCCD1,172.16387860448654,0.0,0.0,True
DNAJB5,172.16290415694942,0.0,0.0,True
SYT4,172.15667191924916,0.0,0.0,True
ETNK1,172.1363116503469,0.0,0.0,True
PSG8,172.1185587489932,0.0,0.0,True
BIRC6,172.1130272441014,0.0,0.0,True
GNAT1,172.1127684564807,0.0,0.0,True
CXCL5,172.09997481928622,0.0,0.0,True
C5orf22,172.08458579157718,0.0,0.0,True
PRKACB,172.0810068699546,0.0,0.0,True
GID4,172.07485482609806,0.0,0.0,True
TMSB10,171.97239816526337,0.0,0.0,True
FAM210B,171.9438684441975,0.0,0.0,True
TMTC1,171.91467557298506,0.0,0.0,True
KANSL1,171.9009620832298,0.0,0.0,True
KCNA1,171.87682421711017,0.0,0.0,True
LRRFIP2,171.8425405836263,0.0,0.0,True
TFG,171.833447694841,0.0,0.0,True
CEP128,171.82078396025574,0.0,0.0,True
MED7,171.80860609532652,0.0,0.0,True
ZNF227,171.76518270532748,0.0,0.0,True
FANCL,171.6980188957631,0.0,0.0,True
PALS2,171.69078054039494,0.0,0.0,True
BFAR,171.6805231374206,0.0,0.0,True
TPCN2,171.6388025526131,0.0,0.0,True
CORIN,171.63075269275302,0.0,0.0,True
SLC39A13,171.6280509172716,0.0,0.0,True
UMPS,171.61453898196555,0.0,0.0,True
PTCHD1,171.60773980368023,0.0,0.0,True
RAB29,171.60764447447903,0.0,0.0,True
FXYD4,171.5802170334001,0.0,0.0,True
FAF2,171.56737664488548,0.0,0.0,True
UBE3B,171.55587524334337,0.0,0.0,True
PABIR3,171.55025452246235,0.0,0.0,True
CCNK,171.53819291099452,0.0,0.0,True
TRIM45,171.51309962463736,0.0,0.0,True
PALLD,171.50816043614847,0.0,0.0,True
ANO2,171.49082744897575,0.0,0.0,True
CACNA1A,171.47635974450432,0.0,0.0,True
CYP19A1,171.43145872238534,0.0,0.0,True
HOXC12,171.37194055989715,0.0,0.0,True
DNAJC6,171.32613519723995,0.0,0.0,True
TBPL1,171.2890575318596,0.0,0.0,True
EYA1,171.26622738915015,0.0,0.0,True
ENDOG,171.26594727067058,0.0,0.0,True
EXOC2,171.26049587722622,0.0,0.0,True
GTDC1,171.25243018197133,0.0,0.0,True
CRHR2,171.2475598109672,0.0,0.0,True
SESN3,171.2400148174679,0.0,0.0,True
TIPIN,171.22384996235817,0.0,0.0,True
SACS,171.18448708463202,0.0,0.0,True
MAPK8IP1,171.18146558339413,0.0,0.0,True
ABITRAM,171.14039268853793,0.0,0.0,True
PRDM6,171.12610746801437,0.0,0.0,True
STK3,171.0619989431486,0.0,0.0,True
MED27,171.05789444835554,0.0,0.0,True
TOB1,171.00648488032658,0.0,0.0,True
HMGCS1,170.9832503551577,0.0,0.0,True
ZFYVE16,170.9773967103605,0.0,0.0,True
DOCK1,170.96102891745127,0.0,0.0,True
FAM199X,170.9068200875543,0.0,0.0,True
BTF3L4,170.89885936051496,0.0,0.0,True
DNAJC5,170.89823723423075,0.0,0.0,True
FBRS,170.88444683394724,0.0,0.0,True
SUMF1,170.8741871433706,0.0,0.0,True
MSMO1,170.8739869622172,0.0,0.0,True
CYBB,170.8679597769834,0.0,0.0,True
ATG3,170.861144984282,0.0,0.0,True
CPT1A,170.8370763594172,0.0,0.0,True
PLCE1,170.81970347227244,0.0,0.0,True
DDX11,170.81374933142388,0.0,0.0,True
MCM3,170.77307028201537,0.0,0.0,True
TMEM131,170.76198955328567,0.0,0.0,True
ARRDC4,170.74785063571204,0.0,0.0,True
CNTRL,170.74542681793938,0.0,0.0,True
ZNF331,170.72714729978193,0.0,0.0,True
ZSCAN32,170.62713378923112,0.0,0.0,True
SNAP29,170.62473354440525,0.0,0.0,True
CHN1,170.6050768161219,0.0,0.0,True
STAP1,170.5874937901322,0.0,0.0,True
ATP8A2,170.5292446541623,0.0,0.0,True
COCH,170.52514461261683,0.0,0.0,True
GTF2E1,170.51069292538102,0.0,0.0,True
ATP9B,170.49634013082436,0.0,0.0,True
GZMB,170.48009362886873,0.0,0.0,True
LRFN2,170.399426859218,0.0,0.0,True
ZNF592,170.3689439007288,0.0,0.0,True
GALNT1,170.31434189356708,0.0,0.0,True
ACSL4,170.31301099569777,0.0,0.0,True
CASP8,170.30255967292138,0.0,0.0,True
SUPT20H,170.25190677859825,0.0,0.0,True
ITPRID2,170.21870853632788,0.0,0.0,True
HORMAD1,170.21756566734746,0.0,0.0,True
ALMS1P1,170.20751049285695,0.0,0.0,True
SHF,170.193169237697,0.0,0.0,True
COPG2,170.19199352481834,0.0,0.0,True
SIK3,170.12785275317907,0.0,0.0,True
GPBP1,170.11212058143815,0.0,0.0,True
SLC15A1,170.1090862917274,0.0,0.0,True
CFAP157,170.10645905603423,0.0,0.0,True
GALK1,170.08660576913394,0.0,0.0,True
VPS26A,170.04949256737726,0.0,0.0,True
ENPP6,170.0245258824837,0.0,0.0,True
ODR4,169.99371264318683,0.0,0.0,True
FBXL4,169.91256179143633,0.0,0.0,True
EVI5L,169.8716008895305,0.0,0.0,True
USP33,169.8512872209398,0.0,0.0,True
PAICS,169.80697965666138,0.0,0.0,True
ERC1,169.79509908578171,0.0,0.0,True
RAP1GAP,169.79291858528822,0.0,0.0,True
TMEM236,169.77080235956666,0.0,0.0,True
ANGPTL2,169.7519854268989,0.0,0.0,True
PTPRC,169.7498613777674,0.0,0.0,True
TTC17,169.7431103084164,0.0,0.0,True
IFT52,169.73661925569914,0.0,0.0,True
CDH22,169.73230832229592,0.0,0.0,True
SUFU,169.64579108204418,0.0,0.0,True
GOLPH3L,169.6284882172602,0.0,0.0,True
SLTM,169.62162567184203,0.0,0.0,True
KLK14,169.55306599520355,0.0,0.0,True
CAP2,169.54162598940025,0.0,0.0,True
CTDSP1,169.52187599751315,0.0,0.0,True
NNT,169.50694884926915,0.0,0.0,True
VWA5B1,169.49823743337078,0.0,0.0,True
AP4S1,169.49688743823216,0.0,0.0,True
NKX6-3,169.44249785770558,0.0,0.0,True
HDAC11,169.4311548436531,0.0,0.0,True
UBAP2L,169.41384837509722,0.0,0.0,True
HEATR6,169.3771086169649,0.0,0.0,True
RBAK,169.35180864227382,0.0,0.0,True
TPRG1L,169.3470190821672,0.0,0.0,True
SLC9A3,169.32144927740129,0.0,0.0,True
FAM86GP,169.2956948080176,0.0,0.0,True
CTSS,169.2372313627661,0.0,0.0,True
MEIS2,169.2148363589462,0.0,0.0,True
WHAMM,169.2135763456853,0.0,0.0,True
OGT,169.19004250395952,0.0,0.0,True
CHRFAM7A,169.14363301661686,0.0,0.0,True
GNB3,169.14274326059905,0.0,0.0,True
FNDC5,169.13342401582833,0.0,0.0,True
PYY,169.1288407869215,0.0,0.0,True
HSDL2,169.12807494873095,0.0,0.0,True
BCAR1,169.07761465944986,0.0,0.0,True
RNGTT,169.03905981771234,0.0,0.0,True
ZNF644,169.0090026787792,0.0,0.0,True
ZNF174,168.984624111156,0.0,0.0,True
POLR3K,168.97699886202918,0.0,0.0,True
ACE,168.97018720252416,0.0,0.0,True
SYTL5,168.9587312762011,0.0,0.0,True
FBXO11,168.9569981235778,0.0,0.0,True
EIF5,168.9086774193004,0.0,0.0,True
CRAMP1,168.89988164353016,0.0,0.0,True
DGKE,168.88855136786785,0.0,0.0,True
NCAM1,168.8600529236149,0.0,0.0,True
CBX5,168.85107187918987,0.0,0.0,True
CRH,168.84678561371,0.0,0.0,True
GABRE,168.84323134558682,0.0,0.0,True
ANKS1A,168.8394539120576,0.0,0.0,True
CFAP263,168.80196593695686,0.0,0.0,True
SLC12A7,168.79767459871746,0.0,0.0,True
KMT2D,168.78602688439625,0.0,0.0,True
LTK,168.73746622848725,0.0,0.0,True
SLC25A34,168.72982878456563,0.0,0.0,True
IRF4,168.7292692943341,0.0,0.0,True
C1orf216,168.70384682399455,0.0,0.0,True
DYRK1A,168.68731014509387,0.0,0.0,True
VPS41,168.6834677542151,0.0,0.0,True
ZNF230,168.65915344044424,0.0,0.0,True
PIM2,168.646745114423,0.0,0.0,True
PCMT1,168.64244192183938,0.0,0.0,True
AFG1L,168.59695747837065,0.0,0.0,True
SET,168.58088952173495,0.0,0.0,True
KLF12,168.55645400281273,0.0,0.0,True
ARMH4,168.52526306647835,0.0,0.0,True
FAM151B,168.5196872800071,0.0,0.0,True
TUBE1,168.48429043210237,0.0,0.0,True
DAGLA,168.4801753185014,0.0,0.0,True
KDM3B,168.46014467864526,0.0,0.0,True
EIF4A3,168.4536623395143,0.0,0.0,True
XPNPEP1,168.44557847107757,0.0,0.0,True
POLR1A,168.4424046985557,0.0,0.0,True
ISM2,168.43925458548662,0.0,0.0,True
LILRB1,168.40913045020022,0.0,0.0,True
MGAT5,168.39680186278505,0.0,0.0,True
GRIA1,168.3738343726017,0.0,0.0,True
PSMD7,168.37014425149542,0.0,0.0,True
ZCWPW1,168.36254394787053,0.0,0.0,True
GRHPR,168.35989241564153,0.0,0.0,True
WTIP,168.3508453473697,0.0,0.0,True
ANKRD17,168.32712191739182,0.0,0.0,True
NUDCD1,168.29810459322516,0.0,0.0,True
RGS12,168.2970085845697,0.0,0.0,True
PEX3,168.28957370981894,0.0,0.0,True
COL9A1,168.28517622096663,0.0,0.0,True
IFT80,168.2762733154045,0.0,0.0,True
ENSA,168.25299609609147,0.0,0.0,True
GMFG,168.2453106199301,0.0,0.0,True
SCUBE1,168.22427081521684,0.0,0.0,True
OSGIN2,168.22193501383347,0.0,0.0,True
NUP210L,168.2021618919382,0.0,0.0,True
KIF2A,168.19548831390009,0.0,0.0,True
ZNF646,168.1853254167624,0.0,0.0,True
CLNK,168.1763953874065,0.0,0.0,True
MED29,168.1640898061244,0.0,0.0,True
BRPF1,168.15723142611097,0.0,0.0,True
ATP6V1E1,168.1437348853471,0.0,0.0,True
MRPL47,168.12656468922995,0.0,0.0,True
CCN1,168.1124219196252,0.0,0.0,True
RRAGC,168.0761681687615,0.0,0.0,True
XRN2,168.0688611590769,0.0,0.0,True
CKM,168.0371042174988,0.0,0.0,True
LTA4H,167.995672148414,0.0,0.0,True
ADAM10,167.99438789699394,0.0,0.0,True
POGLUT1,167.92934726295877,0.0,0.0,True
UTP14A,167.92055228649087,0.0,0.0,True
CCDC171,167.91203803555618,0.0,0.0,True
FAM168A,167.88580953491294,0.0,0.0,True
USO1,167.88228917940302,0.0,0.0,True
DDX25,167.86951797158378,0.0,0.0,True
CPSF6,167.86500733426055,0.0,0.0,True
MAU2,167.84569348312013,0.0,0.0,True
AP1G1,167.84482043804624,0.0,0.0,True
CACFD1,167.84472071201958,0.0,0.0,True
SLC37A3,167.8360140808842,0.0,0.0,True
DOK3,167.82605651489493,0.0,0.0,True
DARS2,167.82119897404343,0.0,0.0,True
C6orf52,167.80747115660083,0.0,0.0,True
UBLCP1,167.7953822636159,0.0,0.0,True
TFAP4,167.7790539739748,0.0,0.0,True
SLAMF7,167.7686627178147,0.0,0.0,True
SLC45A4,167.73169014297017,0.0,0.0,True
CENPQ,167.66532493343277,0.0,0.0,True
CD33,167.65708375498636,0.0,0.0,True
FARSB,167.6404351781527,0.0,0.0,True
SREK1,167.60604095683985,0.0,0.0,True
FBXW11,167.56850946539566,0.0,0.0,True
TMEM59L,167.54141486266298,0.0,0.0,True
SPMAP2,167.53769303712747,0.0,0.0,True
GOLGA2,167.51591085972458,0.0,0.0,True
SYT10,167.5104991487865,0.0,0.0,True
CEP68,167.508759546959,0.0,0.0,True
FBXO38,167.50690285236817,0.0,0.0,True
ALKBH1,167.43822605083082,0.0,0.0,True
ZNF821,167.4240719712193,0.0,0.0,True
TIMP2,167.40934759652538,0.0,0.0,True
CYB561D2,167.39688964164245,0.0,0.0,True
EML4,167.30411549890596,0.0,0.0,True
BIN2,167.290351069663,0.0,0.0,True
TMEM184C,167.28729667273583,0.0,0.0,True
DYDC2,167.26195684935576,0.0,0.0,True
SGIP1,167.23842715711157,0.0,0.0,True
GMNN,167.23161949551832,0.0,0.0,True
NMRK2,167.23030261069982,0.0,0.0,True
ANXA5,167.22112687979117,0.0,0.0,True
SLITRK3,167.2024937342905,0.0,0.0,True
YLPM1,167.19792242982308,0.0,0.0,True
OBSCN,167.1977330836749,0.0,0.0,True
SAXO1,167.16813221164824,0.0,0.0,True
TSSK4,167.1616350399456,0.0,0.0,True
PRPF4,167.13601911853843,0.0,0.0,True
TSC1,167.1128186442961,0.0,0.0,True
ZNF451,167.09540177421965,0.0,0.0,True
MAP2K5,167.0613377987602,0.0,0.0,True
PRXL2B,167.0580318263196,0.0,0.0,True
DEF8,166.982961882227,0.0,0.0,True
ALDH5A1,166.97655300594212,0.0,0.0,True
PEX10,166.95272860380638,0.0,0.0,True
ATN1,166.94802250568836,0.0,0.0,True
CRELD1,166.94039014783496,0.0,0.0,True
KANSL3,166.94024452017374,0.0,0.0,True
CEP78,166.92110592309132,0.0,0.0,True
GBP1,166.84086622836645,0.0,0.0,True
ZNF391,166.79412777053258,0.0,0.0,True
STAMBP,166.7635871634164,0.0,0.0,True
POLG,166.7584663659485,0.0,0.0,True
ZNF143,166.74573475713214,0.0,0.0,True
VASH2,166.7310921014103,0.0,0.0,True
FKBP10,166.71478973067303,0.0,0.0,True
MARVELD2,166.71008750553446,0.0,0.0,True
LHX8,166.6904599492319,0.0,0.0,True
MTMR3,166.68955877005823,0.0,0.0,True
PIBF1,166.68833880904333,0.0,0.0,True
IMPG1,166.67846309124332,0.0,0.0,True
ALMS1,166.6603408497894,0.0,0.0,True
MORC2,166.65828445893138,0.0,0.0,True
AAMDC,166.63049229126952,0.0,0.0,True
CLDN12,166.62574411684741,0.0,0.0,True
EGR1,166.61216568788296,0.0,0.0,True
MBTPS1,166.6106844759531,0.0,0.0,True
KDM8,166.60946606271924,0.0,0.0,True
GCFC2,166.56462743634017,0.0,0.0,True
SLC11A1,166.53386903087926,0.0,0.0,True
STOML3,166.52893704820067,0.0,0.0,True
RGP1,166.5018483614682,0.0,0.0,True
DOLPP1,166.499021177046,0.0,0.0,True
C1orf159,166.48746944209674,0.0,0.0,True
ACP4,166.47650988125673,0.0,0.0,True
AOAH,166.44543768167418,0.0,0.0,True
SLC7A6OS,166.43104546209614,0.0,0.0,True
CD38,166.39205486088815,0.0,0.0,True
MS4A6A,166.38946697057494,0.0,0.0,True
EIF5B,166.38622110404094,0.0,0.0,True
RRAS,166.36964791126806,0.0,0.0,True
TMEM30A,166.35117594281175,0.0,0.0,True
NYAP2,166.34486524991556,0.0,0.0,True
OR2B6,166.33785713522357,0.0,0.0,True
NUP160,166.33498931193128,0.0,0.0,True
E2F5,166.31963861031477,0.0,0.0,True
TMEM53,166.31408707435256,0.0,0.0,True
CIZ1,166.31124018623117,0.0,0.0,True
MAGOHB,166.2989153916263,0.0,0.0,True
PRRG3,166.2911467292043,0.0,0.0,True
ZNF317,166.25687162662655,0.0,0.0,True
ATG12,166.25349350085668,0.0,0.0,True
LINC01931,166.25344121163457,0.0,0.0,True
SMNDC1,166.2429147940823,0.0,0.0,True
PAMR1,166.24033902501532,0.0,0.0,True
IQCN,166.2137604276528,0.0,0.0,True
TMEM161B,166.21208321331764,0.0,0.0,True
SPATA33,166.17021091303118,0.0,0.0,True
TNFRSF13C,166.16646846340515,0.0,0.0,True
GPCPD1,166.16331270536537,0.0,0.0,True
PLEKHA8,166.14372980131373,0.0,0.0,True
ZFYVE26,166.12029058935406,0.0,0.0,True
LY6E,166.10260474810096,0.0,0.0,True
DHDH,166.07957221639938,0.0,0.0,True
KDM3A,166.07625394632728,0.0,0.0,True
KHDRBS1,166.045489109462,0.0,0.0,True
HOXA2,166.0401162407205,0.0,0.0,True
ATP6V0D2,166.01791097848488,0.0,0.0,True
URI1,165.99656684765057,0.0,0.0,True
CNPY4,165.98204011005447,0.0,0.0,True
FAS,165.97830855893082,0.0,0.0,True
CACHD1,165.96294191242407,0.0,0.0,True
LHX2,165.95820983344638,0.0,0.0,True
AGO1,165.95011485868258,0.0,0.0,True
TLN1,165.92902171376207,0.0,0.0,True
DACT1,165.91407938995224,0.0,0.0,True
RASSF2,165.88401759908626,0.0,0.0,True
SS18L2,165.8831063748899,0.0,0.0,True
TREM2,165.87870252722405,0.0,0.0,True
CLCN6,165.8758006216857,0.0,0.0,True
SPATA19,165.85820769159753,0.0,0.0,True
ANXA11,165.8303606257218,0.0,0.0,True
UBN2,165.82453719775688,0.0,0.0,True
FRAS1,165.8092281831149,0.0,0.0,True
RSAD2,165.79412793330496,0.0,0.0,True
DAZAP1,165.78727699907782,0.0,0.0,True
LRRC59,165.7800929281226,0.0,0.0,True
RPL26,165.773700202262,0.0,0.0,True
TNFSF18,165.7478014993099,0.0,0.0,True
SUPT16H,165.72695018822316,0.0,0.0,True
POLR3GL,165.7208155750944,0.0,0.0,True
CFAP210,165.67397444220003,0.0,0.0,True
NBEAL1,165.67224491225522,0.0,0.0,True
HNRNPA1L2,165.65907529541616,0.0,0.0,True
DCBLD2,165.63200226713792,0.0,0.0,True
ACAD10,165.61101203159194,0.0,0.0,True
SLC25A26,165.60975360754009,0.0,0.0,True
SLC25A48,165.60347469288592,0.0,0.0,True
LURAP1L,165.58552323313702,0.0,0.0,True
PSEN1,165.58069120760814,0.0,0.0,True
DUSP16,165.57098639092243,0.0,0.0,True
HPGDS,165.55909643850748,0.0,0.0,True
NFE2,165.55567277018304,0.0,0.0,True
TRIM37,165.5456149495779,0.0,0.0,True
CD68,165.54256339281767,0.0,0.0,True
DYRK3,165.51253242118761,0.0,0.0,True
ABHD5,165.50522973336035,0.0,0.0,True
RAP2A,165.49965510301098,0.0,0.0,True
GOLGA3,165.48292590656317,0.0,0.0,True
NSD1,165.4782854517504,0.0,0.0,True
TSNAX,165.44546189463082,0.0,0.0,True
HCK,165.41847791255654,0.0,0.0,True
TRIB3,165.4156432217073,0.0,0.0,True
SEPTIN3,165.4016308957691,0.0,0.0,True
SMG7,165.3985098848276,0.0,0.0,True
PRPF38B,165.39709485485247,0.0,0.0,True
CAGE1,165.34644571947197,0.0,0.0,True
FXR1,165.33595031514398,0.0,0.0,True
ULBP1,165.32721648129672,0.0,0.0,True
FNDC11,165.3200494456609,0.0,0.0,True
SNAI1,165.31631491800914,0.0,0.0,True
IFNGR2,165.30119856472106,0.0,0.0,True
DCAF4,165.30069349355944,0.0,0.0,True
KATNBL1,165.28814514261714,0.0,0.0,True
PSPN,165.2222748149468,0.0,0.0,True
ZNF638,165.1983295990593,0.0,0.0,True
TIPRL,165.1615488292249,0.0,0.0,True
MYRFL,165.08199648695467,0.0,0.0,True
GSKIP,165.05604614838177,0.0,0.0,True
L3MBTL4,165.04851809859917,0.0,0.0,True
IPCEF1,165.00014229615124,0.0,0.0,True
RPRD2,164.99797298579114,0.0,0.0,True
GBP5,164.99757831066722,0.0,0.0,True
PANK2,164.9969961549555,0.0,0.0,True
SLC25A27,164.98163503569006,0.0,0.0,True
NXF5,164.9762728972508,0.0,0.0,True
CHD4,164.9743143355651,0.0,0.0,True
PSPC1,164.97151906414734,0.0,0.0,True
ZRANB2,164.9644318534464,0.0,0.0,True
CAMK2A,164.95106680931238,0.0,0.0,True
TMEM267,164.94826593998792,0.0,0.0,True
CD160,164.91413983855702,0.0,0.0,True
NXT2,164.8905705368955,0.0,0.0,True
MAP3K14,164.8898559214668,0.0,0.0,True
ALPK3,164.88430599873027,0.0,0.0,True
TMOD1,164.85648177533764,0.0,0.0,True
H3-3B,164.83903784237694,0.0,0.0,True
ASH2L,164.83322750254203,0.0,0.0,True
PRPF19,164.83284068054604,0.0,0.0,True
NLRP14,164.81740464527118,0.0,0.0,True
APOOL,164.8122028766584,0.0,0.0,True
SOS1,164.78674265706692,0.0,0.0,True
FMO6P,164.7482229691219,0.0,0.0,True
SLC25A44,164.71598475098386,0.0,0.0,True
CSPG5,164.67335455452513,0.0,0.0,True
MAP3K8,164.66570961645334,0.0,0.0,True
TRAM1,164.65551690731039,0.0,0.0,True
DCAF8,164.6530732390697,0.0,0.0,True
LTF,164.64966812320304,0.0,0.0,True
KPNB1,164.57945716358546,0.0,0.0,True
NT5DC3,164.56319620034557,0.0,0.0,True
SHLD2P1,164.55219953348998,0.0,0.0,True
PDZD4,164.54540100531727,0.0,0.0,True
MIER2,164.5374424879928,0.0,0.0,True
BAZ1B,164.51755384067138,0.0,0.0,True
SMARCE1,164.49866724158196,0.0,0.0,True
ZNF503,164.4830857298086,0.0,0.0,True
RP9,164.47106549370972,0.0,0.0,True
LSR,164.45339056269972,0.0,0.0,True
GATAD2A,164.4419811677444,0.0,0.0,True
GAD1,164.3986126484279,0.0,0.0,True
RADIL,164.37493759871452,0.0,0.0,True
SF3A2,164.3683908302779,0.0,0.0,True
CLEC2D,164.36713949213564,0.0,0.0,True
ATP6V1C1,164.3544600803688,0.0,0.0,True
LMBR1,164.30687426749066,0.0,0.0,True
GTF3C3,164.28965968859202,0.0,0.0,True
SLF1,164.26788169922438,0.0,0.0,True
ANO10,164.26733711834558,0.0,0.0,True
SCN1A,164.26648468822358,0.0,0.0,True
PPHLN1,164.21381503373433,0.0,0.0,True
STAT5A,164.20686327039056,0.0,0.0,True
B4GALNT1,164.16259227314188,0.0,0.0,True
R3HDML,164.14823924585392,0.0,0.0,True
POLR3E,164.0260499839618,0.0,0.0,True
TRPM7,164.02332295259666,0.0,0.0,True
PSMA6,164.00987364236246,0.0,0.0,True
PCIF1,163.9929547810668,0.0,0.0,True
KDM7A,163.98715621218184,0.0,0.0,True
LINC00525,163.98359036471675,0.0,0.0,True
PRP4K,163.9111243963168,0.0,0.0,True
TACR2,163.8985944095008,0.0,0.0,True
RSPO4,163.88833962457076,0.0,0.0,True
PDCL,163.88191443587525,0.0,0.0,True
FCF1,163.87293384622527,0.0,0.0,True
KCNH1,163.86749397815709,0.0,0.0,True
ATP8B3,163.83665940988195,0.0,0.0,True
RNMT,163.81235425616094,0.0,0.0,True
KAT8,163.81228398399264,0.0,0.0,True
KCNJ1,163.81146527446592,0.0,0.0,True
FAM111A,163.79429361041372,0.0,0.0,True
HTR2A,163.75161966960982,0.0,0.0,True
PTPRQ,163.74545903872257,0.0,0.0,True
IP6K2,163.70505851467095,0.0,0.0,True
ANKRD6,163.69407933433993,0.0,0.0,True
FOXN4,163.68223031854282,0.0,0.0,True
FUBP1,163.66626575178552,0.0,0.0,True
PIKFYVE,163.66332015255185,0.0,0.0,True
KIDINS220,163.66173676788068,0.0,0.0,True
HTRA1,163.64680254606193,0.0,0.0,True
GMEB1,163.63984054456955,0.0,0.0,True
KATNAL2,163.5943639395443,0.0,0.0,True
PATJ,163.5809710846602,0.0,0.0,True
MTF2,163.52894528301943,0.0,0.0,True
DRGX,163.51995671883793,0.0,0.0,True
GPR108,163.4985762353611,0.0,0.0,True
UTP15,163.49710747275418,0.0,0.0,True
COQ10B,163.48901167785343,0.0,0.0,True
ERMP1,163.48468424852916,0.0,0.0,True
GRIN2C,163.4761849629386,0.0,0.0,True
LRGUK,163.4627600750223,0.0,0.0,True
NOL11,163.4566190060681,0.0,0.0,True
RPA1,163.45133054706235,0.0,0.0,True
SRSF1,163.4449994540463,0.0,0.0,True
FEM1A,163.44323426789458,0.0,0.0,True
ACYP1,163.44063106145046,0.0,0.0,True
TNPO2,163.43942700404213,0.0,0.0,True
MRNIP,163.4157347777882,0.0,0.0,True
COP1,163.39425894927464,0.0,0.0,True
TOMM40,163.38375958230816,0.0,0.0,True
SFXN1,163.3797207046135,0.0,0.0,True
IER3,163.31286592774293,0.0,0.0,True
MSRB2,163.29388647335017,0.0,0.0,True
CREBZF,163.28627287690892,0.0,0.0,True
UTP18,163.279818435547,0.0,0.0,True
MAN2A1,163.2687189601567,0.0,0.0,True
SPECC1,163.25118554497587,0.0,0.0,True
XK,163.23292533209255,0.0,0.0,True
SCIMP,163.20683192772273,0.0,0.0,True
HSDL1,163.20644242809547,0.0,0.0,True
CSNK1G3,163.16287403867122,0.0,0.0,True
TTC5,163.13140137114192,0.0,0.0,True
CMTM3,163.118243454667,0.0,0.0,True
VAC14,163.0954195415039,0.0,0.0,True
OTOGL,163.07682885117438,0.0,0.0,True
TRIT1,163.0766405296212,0.0,0.0,True
CASP7,163.05161463443443,0.0,0.0,True
YPEL4,163.03231364297898,0.0,0.0,True
WBP11,162.9912767133786,0.0,0.0,True
CIBAR2,162.98856460843686,0.0,0.0,True
ADGRL3,162.9866940666535,0.0,0.0,True
SH3KBP1,162.982415985137,0.0,0.0,True
UNC50,162.95256000472108,0.0,0.0,True
NETO1,162.90914014442754,0.0,0.0,True
TTC7B,162.89841094902852,0.0,0.0,True
NUBPL,162.89039490882513,0.0,0.0,True
MARCO,162.8723161794746,0.0,0.0,True
MPZL3,162.86446739937108,0.0,0.0,True
PRR5L,162.85900121470272,0.0,0.0,True
NAT14,162.8271886172385,0.0,0.0,True
SERTAD3,162.8258037271432,0.0,0.0,True
NEPRO,162.82110801865605,0.0,0.0,True
RMND5B,162.7213870300786,0.0,0.0,True
RBBP5,162.72103368225117,0.0,0.0,True
KLHDC7B,162.71446377232056,0.0,0.0,True
CCR2,162.70133126259782,0.0,0.0,True
PI4K2B,162.6946590329338,0.0,0.0,True
FRG1,162.6562353407325,0.0,0.0,True
SUSD2,162.65085395871392,0.0,0.0,True
CDK16,162.63804918690835,0.0,0.0,True
APC2,162.63272991622978,0.0,0.0,True
GPT2,162.63060392242912,0.0,0.0,True
CLASP1,162.59529713999225,0.0,0.0,True
ZNF182,162.59293099094347,0.0,0.0,True
NELL1,162.5641908970094,0.0,0.0,True
COPB1,162.5268638270055,0.0,0.0,True
SPACA9,162.45612096603463,0.0,0.0,True
PVALB,162.45553166224568,0.0,0.0,True
AUTS2,162.45275956723268,0.0,0.0,True
BRWD3,162.41330056585542,0.0,0.0,True
NAPA,162.3598624040917,0.0,0.0,True
GPATCH4,162.33703887595206,0.0,0.0,True
NAPG,162.30805336556327,0.0,0.0,True
MAP4K3,162.2790987201504,0.0,0.0,True
SFXN2,162.25720288162776,0.0,0.0,True
REXO2,162.24461957661921,0.0,0.0,True
APP,162.2193058564409,0.0,0.0,True
AICDA,162.21012976194882,0.0,0.0,True
PLEKHG3,162.20950062037755,0.0,0.0,True
LAMA5,162.1903472204564,0.0,0.0,True
POGZ,162.18015590397047,0.0,0.0,True
P2RX1,162.16713954812255,0.0,0.0,True
RRP15,162.16135234225032,0.0,0.0,True
TBC1D22A,162.15498829360257,0.0,0.0,True
GLYR1,162.1538387724024,0.0,0.0,True
EIF1B,162.14806530285117,0.0,0.0,True
ADM2,162.13507768200736,0.0,0.0,True
ECD,162.10585184376632,0.0,0.0,True
GABRG1,162.10381498699422,0.0,0.0,True
SST,162.10327395378664,0.0,0.0,True
VIP,161.98368379259793,0.0,0.0,True
TNFRSF14,161.92165679498945,0.0,0.0,True
RAB41,161.89686756201164,0.0,0.0,True
SNAPC3,161.85437672490588,0.0,0.0,True
AKT2,161.85275569175496,0.0,0.0,True
CWC22,161.8463635574117,0.0,0.0,True
GPR182,161.84014316027327,0.0,0.0,True
ENKD1,161.83347508743185,0.0,0.0,True
ARVCF,161.76230936417016,0.0,0.0,True
CYTH1,161.75712429885093,0.0,0.0,True
P4HA1,161.73571125811105,0.0,0.0,True
B4GALT6,161.72228162510436,0.0,0.0,True
TIAM2,161.69663219673012,0.0,0.0,True
TYW3,161.68914133192195,0.0,0.0,True
ASCC3,161.6509383657417,0.0,0.0,True
PTGS1,161.63555424440568,0.0,0.0,True
RSAD1,161.63355343155874,0.0,0.0,True
ANKRD53,161.60575410893782,0.0,0.0,True
ETAA1,161.6011909182468,0.0,0.0,True
MRRF,161.59708239605536,0.0,0.0,True
STAT6,161.58205860552974,0.0,0.0,True
SEMA5A,161.56879192617012,0.0,0.0,True
PVR,161.5447948411644,0.0,0.0,True
WFDC3,161.51838842972967,0.0,0.0,True
PELO,161.49276623230162,0.0,0.0,True
C1QL1,161.48416671982812,0.0,0.0,True
RPF1,161.48358333633206,0.0,0.0,True
HMGB2,161.47599334169828,0.0,0.0,True
CCDC65,161.4705652768318,0.0,0.0,True
RINT1,161.45718774792135,0.0,0.0,True
PAPOLA,161.37876818512748,0.0,0.0,True
USP21,161.35307379150376,0.0,0.0,True
G3BP1,161.34783282498006,0.0,0.0,True
PFDN1,161.3165569719894,0.0,0.0,True
PWWP3B,161.24409787364536,0.0,0.0,True
USP25,161.2381618018094,0.0,0.0,True
ZNF333,161.21892205764036,0.0,0.0,True
DNAJC2,161.21723661542146,0.0,0.0,True
MAP1A,161.2068831690426,0.0,0.0,True
TASP1,161.17770472837347,0.0,0.0,True
GAS7,161.14851377296017,0.0,0.0,True
LARS1,161.13509766692056,0.0,0.0,True
TBX22,161.13379726391986,0.0,0.0,True
TEX261,161.10448000945644,0.0,0.0,True
ALX4,161.08588053147426,0.0,0.0,True
IL23A,161.06171935064646,0.0,0.0,True
TRIM17,161.05286815847344,0.0,0.0,True
DHX9,161.0131184047317,0.0,0.0,True
IP6K3,160.9845427870565,0.0,0.0,True
ZNF184,160.98371835102444,0.0,0.0,True
KBTBD8,160.96863558178217,0.0,0.0,True
IL17B,160.94797757609484,0.0,0.0,True
TMEM160,160.93164559347676,0.0,0.0,True
STOX1,160.928031004579,0.0,0.0,True
TRMO,160.90965589841065,0.0,0.0,True
CPXM2,160.9080670565291,0.0,0.0,True
SMAD4,160.9038263126994,0.0,0.0,True
EPB41L2,160.88485653351395,0.0,0.0,True
KANSL2,160.88068397934273,0.0,0.0,True
ID3,160.87751976113648,0.0,0.0,True
DYNLT3,160.8583114205794,0.0,0.0,True
VPS37A,160.8465778848593,0.0,0.0,True
C6orf62,160.8413824828854,0.0,0.0,True
PNISR,160.75088664634683,0.0,0.0,True
TNFRSF19,160.72134044298443,0.0,0.0,True
FSD1,160.6914381213079,0.0,0.0,True
FAT3,160.68677253352317,0.0,0.0,True
SLFN5,160.67752796735496,0.0,0.0,True
NT5C2,160.64304169665095,0.0,0.0,True
RBM45,160.6279231179534,0.0,0.0,True
EIF3H,160.6154472379543,0.0,0.0,True
CEBPZ,160.61060712531673,0.0,0.0,True
EFL1,160.60466785007762,0.0,0.0,True
ELMO3,160.59845824014516,0.0,0.0,True
ZKSCAN2,160.59318657327583,0.0,0.0,True
HIP1,160.56309101874731,0.0,0.0,True
SNAP23,160.54661722052563,0.0,0.0,True
FRAT1,160.53563965927566,0.0,0.0,True
TMED7,160.53510451740806,0.0,0.0,True
XAF1,160.52849832840795,0.0,0.0,True
ITCH,160.4823861738644,0.0,0.0,True
SPMIP5,160.47033488492636,0.0,0.0,True
DDX17,160.4470587346064,0.0,0.0,True
MAP7,160.44146825035276,0.0,0.0,True
SNIP1,160.42867243101398,0.0,0.0,True
MIER3,160.41153592979413,0.0,0.0,True
APAF1,160.40395440597518,0.0,0.0,True
SSBP3,160.39068487142663,0.0,0.0,True
LAMP2,160.38504996086195,0.0,0.0,True
EMC2,160.38369190720783,0.0,0.0,True
ZNF384,160.38344182377048,0.0,0.0,True
CXCL16,160.34797015027058,0.0,0.0,True
ZNF195,160.34781064838074,0.0,0.0,True
VASP,160.3133652179728,0.0,0.0,True
SGCE,160.31247291549923,0.0,0.0,True
NECTIN2,160.28253207299647,0.0,0.0,True
ZNF514,160.27459948088813,0.0,0.0,True
CUL3,160.2729744039223,0.0,0.0,True
VGLL4,160.23005171130427,0.0,0.0,True
SSUH2,160.22316983464938,0.0,0.0,True
MKNK1,160.20157996319065,0.0,0.0,True
TOMM40L,160.19188019776092,0.0,0.0,True
RPS6KA1,160.17853762563644,0.0,0.0,True
GTF2H3,160.15270279952375,0.0,0.0,True
TNRC6A,160.14291332972724,0.0,0.0,True
ARRB2,160.13769059639233,0.0,0.0,True
PLA2G7,160.1349523975475,0.0,0.0,True
TSSK3,160.12094217366342,0.0,0.0,True
NFYA,160.1138026725975,0.0,0.0,True
CDH1,160.11089973024238,0.0,0.0,True
EXOSC2,160.1057420174714,0.0,0.0,True
ST3GAL6,160.0883905439911,0.0,0.0,True
ADAT1,160.08462097105874,0.0,0.0,True
USP34,160.0807689270181,0.0,0.0,True
MCUR1,160.01744351837726,0.0,0.0,True
VPS39,160.01118077848596,0.0,0.0,True
NUDT13,160.01012185871718,0.0,0.0,True
NAV3,159.9994836899707,0.0,0.0,True
VPS54,159.9803639038171,0.0,0.0,True
C4orf33,159.9677106780296,0.0,0.0,True
CCN2,159.9460383752701,0.0,0.0,True
JAK3,159.93659593421762,0.0,0.0,True
CAPN6,159.85925860754702,0.0,0.0,True
DPF2,159.8458644046817,0.0,0.0,True
PEX13,159.83412080754147,0.0,0.0,True
HEATR5A,159.81923491924115,0.0,0.0,True
VPS26B,159.81691493762108,0.0,0.0,True
KLHL13,159.81415225698544,0.0,0.0,True
PTPRN,159.79088507293523,0.0,0.0,True
ZC3H11A,159.78742508353864,0.0,0.0,True
SCLY,159.77753100164577,0.0,0.0,True
SF3B4,159.69646426601824,0.0,0.0,True
NAA30,159.67280771422438,0.0,0.0,True
CFAP298,159.64827066190335,0.0,0.0,True
CSMD2,159.5857112590713,0.0,0.0,True
ZNF426,159.581688621822,0.0,0.0,True
LCE2B,159.56599939338759,0.0,0.0,True
AGPAT4,159.53974607767935,0.0,0.0,True
SIRPB1,159.53806639556126,0.0,0.0,True
FCER1G,159.49798093803392,0.0,0.0,True
RBM48,159.46715289620334,0.0,0.0,True
C5orf15,159.4256809937098,0.0,0.0,True
NUP107,159.41884227818525,0.0,0.0,True
KIF3B,159.4103583489275,0.0,0.0,True
WDR37,159.3521206436413,0.0,0.0,True
SRBD1,159.33005318939365,0.0,0.0,True
RELCH,159.3270350707273,0.0,0.0,True
LZTS2,159.31355233359412,0.0,0.0,True
YME1L1,159.29687327398668,0.0,0.0,True
STIM2,159.28897249863874,0.0,0.0,True
LPIN1,159.2869510486653,0.0,0.0,True
ZNF141,159.2506403983409,0.0,0.0,True
JCHAIN,159.24305633924033,0.0,0.0,True
TLR8,159.2136133276545,0.0,0.0,True
SUCLA2,159.199771190334,0.0,0.0,True
MSH2,159.19063285383106,0.0,0.0,True
NUB1,159.1740558061377,0.0,0.0,True
EPPIN,159.14206301874117,0.0,0.0,True
GADD45B,159.11029474712194,0.0,0.0,True
IGFN1,159.10832513269875,0.0,0.0,True
ARHGAP40,159.1058033770487,0.0,0.0,True
USP11,159.09926332354442,0.0,0.0,True
UNC13C,159.08867867075284,0.0,0.0,True
GUF1,159.04974108662967,0.0,0.0,True
SPECC1L,159.04355943101612,0.0,0.0,True
OBSCN-AS1,159.0433732978398,0.0,0.0,True
EPO,159.04208814703907,0.0,0.0,True
HNRNPU,159.03976212356898,0.0,0.0,True
FKBP1A,159.02754721064449,0.0,0.0,True
TECTA,158.99921741644042,0.0,0.0,True
KANK4,158.99422751001356,0.0,0.0,True
FSD1L,158.97932556166438,0.0,0.0,True
ATP6AP1,158.97724066169607,0.0,0.0,True
DHX35,158.9717818284244,0.0,0.0,True
ARHGEF5,158.9634920021926,0.0,0.0,True
TNPO1,158.94973538379625,0.0,0.0,True
ERGIC2,158.91228483455018,0.0,0.0,True
HSD17B7,158.8997648064009,0.0,0.0,True
FAM86C1P,158.89396786251004,0.0,0.0,True
M6PR,158.8787134586562,0.0,0.0,True
HAUS6,158.83408687589275,0.0,0.0,True
WDR77,158.76384228864086,0.0,0.0,True
THBS4,158.7575292082297,0.0,0.0,True
CEP192,158.7382902756803,0.0,0.0,True
FCGR2B,158.7283936749691,0.0,0.0,True
DNTTIP2,158.7283796759679,0.0,0.0,True
BTG4,158.72610282025616,0.0,0.0,True
ZNF7,158.7100322359281,0.0,0.0,True
MFSD10,158.71003102831807,0.0,0.0,True
MYO1E,158.69574326027,0.0,0.0,True
CNDP1,158.68087422313448,0.0,0.0,True
DDX20,158.6652264541561,0.0,0.0,True
OTUD6B,158.63999572087818,0.0,0.0,True
OCIAD1,158.55213325055405,0.0,0.0,True
AZI2,158.54662374504838,0.0,0.0,True
ILK,158.54601338465824,0.0,0.0,True
OTUB2,158.5198096508744,0.0,0.0,True
FLRT3,158.5085898370005,0.0,0.0,True
COL6A2,158.50011442934573,0.0,0.0,True
IARS2,158.48503899852156,0.0,0.0,True
SLC46A2,158.4743538997882,0.0,0.0,True
DDX27,158.45123596119188,0.0,0.0,True
SYVN1,158.4226416660499,0.0,0.0,True
LNX1,158.402352479097,0.0,0.0,True
PLPPR2,158.39641730142998,0.0,0.0,True
TNNI3,158.39484070738195,0.0,0.0,True
PIANP,158.3935944340737,0.0,0.0,True
CNOT1,158.3545745232834,0.0,0.0,True
SRSF5,158.35284999100674,0.0,0.0,True
ANAPC16,158.34752659802808,0.0,0.0,True
RPIA,158.34423757917108,0.0,0.0,True
PLPPR4,158.3346092514685,0.0,0.0,True
EIF4G3,158.32452776975575,0.0,0.0,True
NALCN,158.27876561364724,0.0,0.0,True
CNIH1,158.21096716781338,0.0,0.0,True
ZC4H2,158.20818338549506,0.0,0.0,True
P2RX4,158.20692930825496,0.0,0.0,True
CLCN2,158.19259265954435,0.0,0.0,True
LILRB5,158.17082822783914,0.0,0.0,True
DNAJB11,158.1616586840271,0.0,0.0,True
NDUFC1,158.15204557229802,0.0,0.0,True
DEUP1,158.12865189360966,0.0,0.0,True
PLA2G15,158.10638791430574,0.0,0.0,True
PRSS21,158.07807121192874,0.0,0.0,True
JMY,158.0760529097561,0.0,0.0,True
DDX50,158.068734600008,0.0,0.0,True
NOS3,158.0646184769554,0.0,0.0,True
LIG1,158.05973236540203,0.0,0.0,True
DUSP12,158.0576616802292,0.0,0.0,True
STAG1,158.05603796746502,0.0,0.0,True
TOE1,158.0180615145136,0.0,0.0,True
ILF2,158.01187094347281,0.0,0.0,True
SCML1,158.01037175481898,0.0,0.0,True
ATP8B2,158.00389587013595,0.0,0.0,True
GPR75,157.99010395637598,0.0,0.0,True
MEST,157.97568555948152,0.0,0.0,True
NUDCD3,157.9660526116275,0.0,0.0,True
GPBP1L1,157.94198972601555,0.0,0.0,True
TPP2,157.91305651226438,0.0,0.0,True
TUBGCP4,157.88329549080512,0.0,0.0,True
TARS1,157.87166307116155,0.0,0.0,True
FGF14,157.8187580533944,0.0,0.0,True
PXYLP1,157.81853713928507,0.0,0.0,True
LAIR1,157.75923145133913,0.0,0.0,True
HNRNPUL1,157.75916675394947,0.0,0.0,True
ZNF180,157.7508932043442,0.0,0.0,True
ASB9,157.74095166260844,0.0,0.0,True
RB1CC1,157.73614373462286,0.0,0.0,True
BMPER,157.73603936834544,0.0,0.0,True
ZC3H8,157.7218627461351,0.0,0.0,True
AKAP1,157.71959213076562,0.0,0.0,True
TICAM1,157.71725931110544,0.0,0.0,True
SHC1,157.68758902477248,0.0,0.0,True
CTIF,157.68325368117632,0.0,0.0,True
ERVK3-1,157.66174345270292,0.0,0.0,True
RAB28,157.6527143489687,0.0,0.0,True
GBP4,157.6148378191661,0.0,0.0,True
RDH12,157.59509400767794,0.0,0.0,True
DMTF1,157.5931542064991,0.0,0.0,True
NACC2,157.5871481153633,0.0,0.0,True
LRP1,157.56802393503898,0.0,0.0,True
ZCCHC7,157.55253773478228,0.0,0.0,True
OXNAD1,157.5433348980219,0.0,0.0,True
RGS13,157.5415030271485,0.0,0.0,True
SUV39H1,157.5163417837584,0.0,0.0,True
SWT1,157.50134448242966,0.0,0.0,True
RRAGA,157.460157138621,0.0,0.0,True
FLYWCH1,157.4142523688108,0.0,0.0,True
TAMALIN,157.39686811237806,0.0,0.0,True
TAC1,157.35740099028692,0.0,0.0,True
ENOPH1,157.35068834895603,0.0,0.0,True
STOML1,157.29534900685783,0.0,0.0,True
SPCS1,157.291458936346,0.0,0.0,True
CCR1,157.28602256838641,0.0,0.0,True
KLRD1,157.2620739979578,0.0,0.0,True
PDSS2,157.25598794945148,0.0,0.0,True
DIAPH1,157.25067538281203,0.0,0.0,True
TRAPPC8,157.231392527305,0.0,0.0,True
CFAP68,157.16461448152668,0.0,0.0,True
EIF2AK1,157.10387862705548,0.0,0.0,True
TLE5,157.06204967499147,0.0,0.0,True
SRSF3,157.058755765784,0.0,0.0,True
DNAJB1,157.0388597459523,0.0,0.0,True
DAZL,157.03660811989454,0.0,0.0,True
HFM1,157.03144515561547,0.0,0.0,True
SLC31A1,157.030246289698,0.0,0.0,True
C1QTNF2,157.02864848626365,0.0,0.0,True
SPAG6,157.01716633118315,0.0,0.0,True
PKNOX1,157.01693204546257,0.0,0.0,True
CPZ,157.0160343477704,0.0,0.0,True
NEU3,156.9787955513892,0.0,0.0,True
KLRG1,156.94661416352994,0.0,0.0,True
ATF6,156.9243184993728,0.0,0.0,True
PDGFC,156.9113991274321,0.0,0.0,True
SGSM2,156.90009628186422,0.0,0.0,True
PTOV1,156.878847203796,0.0,0.0,True
TJP1,156.81878196854538,0.0,0.0,True
CLTC,156.81221640969363,0.0,0.0,True
MORC4,156.80651054923734,0.0,0.0,True
KCNK13,156.80443867151425,0.0,0.0,True
NCOA5,156.7880798248127,0.0,0.0,True
ARMC1,156.7838384852642,0.0,0.0,True
C9orf72,156.77814946822312,0.0,0.0,True
CLCA1,156.769902174979,0.0,0.0,True
RFFL,156.75979275335897,0.0,0.0,True
GATAD1,156.75666928734088,0.0,0.0,True
ZNF45,156.7394772471437,0.0,0.0,True
DNAJC10,156.7222255876359,0.0,0.0,True
SLX4IP,156.71699979891955,0.0,0.0,True
H1-3,156.70571175572078,0.0,0.0,True
CNOT8,156.7023929487227,0.0,0.0,True
NBPF20,156.68925887929768,0.0,0.0,True
ERI1,156.6855374523986,0.0,0.0,True
RSPRY1,156.67771194711625,0.0,0.0,True
GUCY1A2,156.63968422961645,0.0,0.0,True
DCAF1,156.59690875078576,0.0,0.0,True
C6orf118,156.59039567343666,0.0,0.0,True
MTERF3,156.53507019797382,0.0,0.0,True
IQCG,156.53072894073685,0.0,0.0,True
SCGB3A1,156.49304429897222,0.0,0.0,True
MPPE1,156.49166661887654,0.0,0.0,True
TRIM28,156.4851995691898,0.0,0.0,True
LRIF1,156.47640766208934,0.0,0.0,True
NFX1,156.47009529148667,0.0,0.0,True
TRMT44,156.4262251581173,0.0,0.0,True
PTDSS1,156.42215862620233,0.0,0.0,True
PIAS2,156.42208497835813,0.0,0.0,True
GBGT1,156.39999490406638,0.0,0.0,True
TULP3,156.39891122842954,0.0,0.0,True
ZNF236,156.38994551503154,0.0,0.0,True
MYO1G,156.37886763615123,0.0,0.0,True
SYN2,156.35201823415252,0.0,0.0,True
FBXO44,156.31558992056887,0.0,0.0,True
BIN3,156.30597738998318,0.0,0.0,True
SETD1B,156.29818557984206,0.0,0.0,True
KDM6A,156.28408446155845,0.0,0.0,True
RPA2,156.21732720444427,0.0,0.0,True
R3HCC1L,156.19815310882117,0.0,0.0,True
SENP7,156.1953442012632,0.0,0.0,True
C19orf44,156.19134348207496,0.0,0.0,True
ZNF668,156.1748441602149,0.0,0.0,True
SPRY2,156.15910217904843,0.0,0.0,True
B4GALT2,156.14183505084193,0.0,0.0,True
OBSL1,156.13548942710617,0.0,0.0,True
PLEKHA4,156.12903519504323,0.0,0.0,True
ACO2,156.11226362273868,0.0,0.0,True
FSTL3,156.1042835473815,0.0,0.0,True
DUSP13B,156.08677231570036,0.0,0.0,True
SAR1A,156.06206631803704,0.0,0.0,True
ZNF526,156.05708914824106,0.0,0.0,True
IL17C,156.03846779710165,0.0,0.0,True
TRMT1L,156.02542936065143,0.0,0.0,True
DKK2,156.01940363471942,0.0,0.0,True
GPR146,155.99631893871035,0.0,0.0,True
RANBP6,155.91451422876895,0.0,0.0,True
AVPR2,155.910128116811,0.0,0.0,True
MYH1,155.89987070638264,0.0,0.0,True
CYTH2,155.89692258744415,0.0,0.0,True
RIPOR2,155.89678312789425,0.0,0.0,True
HIPK1,155.8765778947847,0.0,0.0,True
NLK,155.86064435404364,0.0,0.0,True
METTL27,155.8150987725496,0.0,0.0,True
RTN4R,155.8109262100307,0.0,0.0,True
NEK9,155.80398563707294,0.0,0.0,True
ETFA,155.7928515865863,0.0,0.0,True
SYT1,155.78809166595312,0.0,0.0,True
PAEP,155.72259808616892,0.0,0.0,True
MLANA,155.72089361994267,0.0,0.0,True
LCP1,155.7036347816529,0.0,0.0,True
FAM171B,155.7026134973832,0.0,0.0,True
BSND,155.69141439538896,0.0,0.0,True
THUMPD2,155.631846415132,0.0,0.0,True
GPS2,155.62220436636463,0.0,0.0,True
GID8,155.57138674675286,0.0,0.0,True
JKAMP,155.51423130019938,0.0,0.0,True
KHSRP,155.5127205998334,0.0,0.0,True
VBP1,155.50611361956422,0.0,0.0,True
RCN3,155.48168637758386,0.0,0.0,True
ST3GAL4,155.48010059318784,0.0,0.0,True
HUS1,155.4711032802639,0.0,0.0,True
IMMT,155.47069862773444,0.0,0.0,True
HES1,155.4552007634966,0.0,0.0,True
ICMT,155.43533321284556,0.0,0.0,True
EMILIN1,155.41994631874746,0.0,0.0,True
GCNT7,155.3923233241064,0.0,0.0,True
ZUP1,155.38091981087936,0.0,0.0,True
FGR,155.378738362034,0.0,0.0,True
PRUNE1,155.36664064105858,0.0,0.0,True
ADAMDEC1,155.3344885677612,0.0,0.0,True
SLC40A1,155.33419203036075,0.0,0.0,True
SFPQ,155.32111283009908,0.0,0.0,True
IREB2,155.30141401587653,0.0,0.0,True
ZZZ3,155.29477645427463,0.0,0.0,True
CDC42BPA,155.26010796330124,0.0,0.0,True
GZF1,155.21085230732294,0.0,0.0,True
ADNP2,155.20955409695756,0.0,0.0,True
C19orf47,155.1787690463774,0.0,0.0,True
SEH1L,155.0672692210419,0.0,0.0,True
MAP3K20,155.05815027702639,0.0,0.0,True
GLRA3,155.03996408712493,0.0,0.0,True
GLI1,155.00915484799205,0.0,0.0,True
ARNT,154.9981367312446,0.0,0.0,True
RND2,154.9952028532223,0.0,0.0,True
RSU1,154.97929512298057,0.0,0.0,True
DHX34,154.95150452186314,0.0,0.0,True
OPA3,154.94614685661642,0.0,0.0,True
OARD1,154.94149412914246,0.0,0.0,True
TRMT10B,154.89692858487987,0.0,0.0,True
PLIN3,154.88683669709638,0.0,0.0,True
CA1,154.88426555494502,0.0,0.0,True
PAK4,154.8526424363416,0.0,0.0,True
SYT17,154.85154720761204,0.0,0.0,True
RBFOX2,154.84427457228156,0.0,0.0,True
EYA3,154.8110831706924,0.0,0.0,True
TUBD1,154.78061269293076,0.0,0.0,True
IL17A,154.75912929243398,0.0,0.0,True
CPLANE2,154.75846267187606,0.0,0.0,True
H4C8,154.75676647656013,0.0,0.0,True
MSL3,154.73778445440453,0.0,0.0,True
MMRN1,154.73618841438915,0.0,0.0,True
NDUFS4,154.72299283461732,0.0,0.0,True
RFC2,154.71780147868768,0.0,0.0,True
PIP5K1A,154.7101481280755,0.0,0.0,True
TMEM170A,154.69299498595004,0.0,0.0,True
ELL,154.69261430550992,0.0,0.0,True
CH25H,154.68537954571585,0.0,0.0,True
EAF2,154.6612231893129,0.0,0.0,True
PHF5A,154.63544688107294,0.0,0.0,True
TNNC1,154.57869246686025,0.0,0.0,True
SLBP,154.5450378453522,0.0,0.0,True
GNAZ,154.5407871920578,0.0,0.0,True
PTPRD,154.52741785649576,0.0,0.0,True
RFC5,154.51178995069475,0.0,0.0,True
RFX1,154.50079227344162,0.0,0.0,True
KDELR2,154.49271492473557,0.0,0.0,True
ZBP1,154.45326558564247,0.0,0.0,True
FCMR,154.4374018732332,0.0,0.0,True
TSEN2,154.40638649930807,0.0,0.0,True
AIMP1,154.34636645937903,0.0,0.0,True
PHAF1,154.34413926856223,0.0,0.0,True
ST3GAL3,154.34321039577333,0.0,0.0,True
MYO3B,154.32366188521837,0.0,0.0,True
VAX1,154.31654067168498,0.0,0.0,True
RSRC2,154.3144216239841,0.0,0.0,True
SMO,154.2947460178746,0.0,0.0,True
ITPKC,154.2924663977934,0.0,0.0,True
CTSD,154.28618875901748,0.0,0.0,True
CBLB,154.25281393121375,0.0,0.0,True
LZIC,154.23838462292824,0.0,0.0,True
UBR4,154.237988002986,0.0,0.0,True
TUBB4A,154.21553342959896,0.0,0.0,True
GBA2,154.20202725552133,0.0,0.0,True
HPRT1,154.1756572384255,0.0,0.0,True
SLC27A4,154.16792104223762,0.0,0.0,True
MATN2,154.15712177660996,0.0,0.0,True
GABPB2,154.1520161103404,0.0,0.0,True
CCDC102A,154.1410772380918,0.0,0.0,True
PRDX5,154.07117118860364,0.0,0.0,True
MYCN,154.05404835481846,0.0,0.0,True
RFX2,154.03065970387226,0.0,0.0,True
MATR3,153.99930242808486,0.0,0.0,True
KRIT1,153.97540364062385,0.0,0.0,True
NIPA2,153.91624566824876,0.0,0.0,True
ADAMTS1,153.91513757582143,0.0,0.0,True
HSPA13,153.85098523839306,0.0,0.0,True
ELOVL1,153.84299082043438,0.0,0.0,True
ELP1,153.84050608675707,0.0,0.0,True
DMXL2,153.8375332086225,0.0,0.0,True
UNC93B1,153.82294824182523,0.0,0.0,True
ELAC1,153.81252322026333,0.0,0.0,True
OSBP,153.81113920083735,0.0,0.0,True
GLP2R,153.78565133354059,0.0,0.0,True
ADAMTS16,153.7787411825079,0.0,0.0,True
PTGDS,153.68526581093653,0.0,0.0,True
NCBP3,153.66836394797664,0.0,0.0,True
UBA3,153.64039282511973,0.0,0.0,True
LRRC38,153.62599764910323,0.0,0.0,True
HGSNAT,153.6113889972899,0.0,0.0,True
RPS15,153.59664212768791,0.0,0.0,True
EPB41L5,153.58889413041499,0.0,0.0,True
ARHGEF3,153.58540035524237,0.0,0.0,True
SNRPF,153.58088040627638,0.0,0.0,True
UBE4B,153.55162399290083,0.0,0.0,True
IFT74,153.55038934536498,0.0,0.0,True
SIGLEC9,153.53648740674723,0.0,0.0,True
MYH8,153.4918615802242,0.0,0.0,True
TCN1,153.45006252685843,0.0,0.0,True
MYOZ3,153.43982736592193,0.0,0.0,True
CCDC38,153.4282964548968,0.0,0.0,True
EDA,153.4102176918191,0.0,0.0,True
AIFM1,153.40039206260238,0.0,0.0,True
POLR2B,153.36301258621884,0.0,0.0,True
YTHDF1,153.3532877243564,0.0,0.0,True
TMEM74,153.31486838280725,0.0,0.0,True
C3orf49,153.3111854476743,0.0,0.0,True
RTN3,153.3073060332937,0.0,0.0,True
GPR15,153.29528871040137,0.0,0.0,True
CFAP61,153.29463129617307,0.0,0.0,True
WDR1,153.28585951332133,0.0,0.0,True
SNAPC2,153.2851156837758,0.0,0.0,True
CHIC2,153.26619118447664,0.0,0.0,True
OMG,153.23073448709843,0.0,0.0,True
METTL24,153.22917924693382,0.0,0.0,True
KIF6,153.2103790687581,0.0,0.0,True
PACSIN2,153.19352929648713,0.0,0.0,True
DDHD1,153.1607938576438,0.0,0.0,True
LSS,153.159096123348,0.0,0.0,True
MED6,153.0864982388545,0.0,0.0,True
PTPA,153.08580699023884,0.0,0.0,True
NMT1,153.08483252273948,0.0,0.0,True
POLR1B,153.08293561804194,0.0,0.0,True
ABHD17A,153.0590300761577,0.0,0.0,True
CTSL,153.0546309780363,0.0,0.0,True
GALNS,153.02970712141348,0.0,0.0,True
DRAM2,153.02006090687212,0.0,0.0,True
CHMP5,153.01743622642726,0.0,0.0,True
CMPK2,153.01575258949472,0.0,0.0,True
PACRGL,153.00224478050114,0.0,0.0,True
HINT3,152.98371786085661,0.0,0.0,True
INTS14,152.96966903805702,0.0,0.0,True
CROCCP3,152.9663477463589,0.0,0.0,True
ABCC12,152.93515994001933,0.0,0.0,True
CDK8,152.88111451548673,0.0,0.0,True
NSMCE4A,152.84942136544961,0.0,0.0,True
CCL25,152.82842442902032,0.0,0.0,True
HSF2BP,152.81216593593507,0.0,0.0,True
MSANTD3,152.80554493260945,0.0,0.0,True
CYTIP,152.77525992006426,0.0,0.0,True
ACOX1,152.74618548426332,0.0,0.0,True
ZFYVE21,152.72497086046363,0.0,0.0,True
EAPP,152.71952373980255,0.0,0.0,True
PCNT,152.68695897496366,0.0,0.0,True
SUCLG1,152.6773376010242,0.0,0.0,True
PINK1-AS,152.63527450574543,0.0,0.0,True
CHST12,152.60444756707312,0.0,0.0,True
FUNDC1,152.6022037712966,0.0,0.0,True
SUB1,152.57469437435472,0.0,0.0,True
FBLN5,152.5662495691524,0.0,0.0,True
REXO1,152.5604495261518,0.0,0.0,True
LIPE,152.5604352490187,0.0,0.0,True
HMGXB3,152.55753400635695,0.0,0.0,True
BMS1,152.52640103261314,0.0,0.0,True
MTERF1,152.52020613886236,0.0,0.0,True
ZNF324,152.45737030794967,0.0,0.0,True
ZDHHC8,152.44573993033416,0.0,0.0,True
RDH13,152.44486379223892,0.0,0.0,True
LHB,152.44006031965074,0.0,0.0,True
POLR2K,152.42789777375663,0.0,0.0,True
ACOT2,152.34675173449023,0.0,0.0,True
SLC25A15,152.33469167517796,0.0,0.0,True
CLK1,152.32725052090325,0.0,0.0,True
IFIT5,152.3073590919919,0.0,0.0,True
XPC,152.3048417854136,0.0,0.0,True
CD226,152.2915638608385,0.0,0.0,True
NTSR1,152.27045490394644,0.0,0.0,True
FAM163A,152.26754463989772,0.0,0.0,True
FAM81A,152.23655656199176,0.0,0.0,True
PYROXD1,152.23254735424447,0.0,0.0,True
ABCB7,152.2197449606018,0.0,0.0,True
SMYD1,152.15584690839808,0.0,0.0,True
TBC1D13,152.15227913104965,0.0,0.0,True
MSLNL,152.1134455848081,0.0,0.0,True
TRPC3,152.10799654290602,0.0,0.0,True
DYNC1LI1,152.088748133343,0.0,0.0,True
COQ10A,152.07801691544938,0.0,0.0,True
IL6,152.063965465245,0.0,0.0,True
CHRNA4,152.062808623318,0.0,0.0,True
YARS1,152.042074620609,0.0,0.0,True
ESCO1,152.02951909957582,0.0,0.0,True
METTL4,152.0121770251246,0.0,0.0,True
OLFM2,152.00489239430377,0.0,0.0,True
GLE1,151.97738782566964,0.0,0.0,True
NLRP3,151.9737526588302,0.0,0.0,True
IL10RA,151.96442389105383,0.0,0.0,True
KIAA1958,151.91042813861702,0.0,0.0,True
EEF1A2,151.90664683691207,0.0,0.0,True
AADAT,151.8936218881107,0.0,0.0,True
NLRX1,151.8902185886043,0.0,0.0,True
PAX1,151.86997409298854,0.0,0.0,True
DLD,151.8637745657982,0.0,0.0,True
LRFN3,151.83886234513665,0.0,0.0,True
CFAP100,151.81684628909463,0.0,0.0,True
SMC1A,151.81179744254425,0.0,0.0,True
SNCB,151.79841720587848,0.0,0.0,True
SIGLEC10,151.79751200638506,0.0,0.0,True
ADGRL2,151.7747143024908,0.0,0.0,True
CD53,151.7746450857511,0.0,0.0,True
TMEM115,151.77164120315308,0.0,0.0,True
ATG4D,151.74429230774112,0.0,0.0,True
KYAT3,151.70526171558896,0.0,0.0,True
LINC01600,151.70014421923898,0.0,0.0,True
KIF1B,151.66443727181675,0.0,0.0,True
VSIG4,151.65558216068507,0.0,0.0,True
TTLL10,151.65062972528858,0.0,0.0,True
RNF44,151.64874648355035,0.0,0.0,True
SNW1,151.64768872341494,0.0,0.0,True
BHLHE40,151.63999223228834,0.0,0.0,True
F13A1,151.63412449840575,0.0,0.0,True
ZCCHC2,151.63144070274285,0.0,0.0,True
STXBP4,151.6312024912643,0.0,0.0,True
ADGRV1,151.62921434695696,0.0,0.0,True
RUNDC3A,151.62054564256633,0.0,0.0,True
MFNG,151.61195625147803,0.0,0.0,True
ITGB1,151.571013404868,0.0,0.0,True
HIF1AN,151.56629370004927,0.0,0.0,True
CCDC92,151.55274055420296,0.0,0.0,True
GCAT,151.50803227399447,0.0,0.0,True
PRIMPOL,151.50556577368718,0.0,0.0,True
MEP1B,151.47508988151728,0.0,0.0,True
CARD10,151.4591980686723,0.0,0.0,True
PKD1L1,151.4515254989708,0.0,0.0,True
GSK3A,151.44688442003053,0.0,0.0,True
PLGRKT,151.42517003490693,0.0,0.0,True
DOCK7,151.3961176816479,0.0,0.0,True
CCDC117,151.38614818310708,0.0,0.0,True
NR1D1,151.3822758117746,0.0,0.0,True
MARCHF2,151.3748499187974,0.0,0.0,True
PPP1R14A,151.33905600286243,0.0,0.0,True
IFT81,151.32856569582347,0.0,0.0,True
HMG20A,151.31413915810248,0.0,0.0,True
BRD1,151.30598957417592,0.0,0.0,True
MFAP1,151.2963751688065,0.0,0.0,True
DHRS9,151.28706664102248,0.0,0.0,True
MPHOSPH9,151.24687985999313,0.0,0.0,True
GCA,151.24678734834077,0.0,0.0,True
SFRP5,151.22450654745944,0.0,0.0,True
FMN2,151.21449974430652,0.0,0.0,True
CARTPT,151.1700804308609,0.0,0.0,True
CABIN1,151.1696847036774,0.0,0.0,True
TRIM22,151.14268763593566,0.0,0.0,True
RNF215,151.14003024840838,0.0,0.0,True
EFHB,151.13841702153738,0.0,0.0,True
INTS9,151.134848346359,0.0,0.0,True
SLC22A15,151.1264091347666,0.0,0.0,True
YTHDC2,151.11586807744166,0.0,0.0,True
AKIP1,151.05865234127256,0.0,0.0,True
BLTP2,151.017742534536,0.0,0.0,True
ATG4A,150.99901679121908,0.0,0.0,True
DUSP19,150.98589159937114,0.0,0.0,True
NEURL3,150.9770453159397,0.0,0.0,True
NLRP7,150.92766482651695,0.0,0.0,True
SRSF7,150.91060505572477,0.0,0.0,True
TUSC2,150.90689028641813,0.0,0.0,True
ASCC1,150.88871055251116,0.0,0.0,True
EPHA6,150.8695118166339,0.0,0.0,True
ATF2,150.83169028424672,0.0,0.0,True
ATP5F1D,150.81187601703184,0.0,0.0,True
LCN1P1,150.76725316519395,0.0,0.0,True
TNNI2,150.74696203054904,0.0,0.0,True
AMMECR1L,150.74317372381427,0.0,0.0,True
HS3ST2,150.7366617830946,0.0,0.0,True
WIPI1,150.7355150468711,0.0,0.0,True
MRPS14,150.72622922603543,0.0,0.0,True
HADHA,150.7122824285512,0.0,0.0,True
RNF144A,150.70955555071728,0.0,0.0,True
CD180,150.67541683888913,0.0,0.0,True
CEMIP2,150.66090805992445,0.0,0.0,True
GNAO1,150.66056592529515,0.0,0.0,True
MS4A4A,150.63954131922137,0.0,0.0,True
CCDC134,150.63716193849334,0.0,0.0,True
MANSC1,150.63620205072743,0.0,0.0,True
TRAF4,150.60146740903042,0.0,0.0,True
ZNF211,150.54717585617576,0.0,0.0,True
RSPH4A,150.521001378373,0.0,0.0,True
CCT3,150.51519733172003,0.0,0.0,True
KLHL29,150.4982493939414,0.0,0.0,True
NCOA2,150.48038968385623,0.0,0.0,True
C2CD2,150.4757930702721,0.0,0.0,True
SPAG16,150.47141509667807,0.0,0.0,True
TOX2,150.47108865568273,0.0,0.0,True
SV2A,150.44009334178,0.0,0.0,True
RAB2A,150.43233581091516,0.0,0.0,True
SLC26A2,150.39473839843333,0.0,0.0,True
ANKHD1,150.35649002079762,0.0,0.0,True
TBRG4,150.32878347287365,0.0,0.0,True
RSL24D1,150.30318172151019,0.0,0.0,True
ERBB2,150.29081961600266,0.0,0.0,True
CACNA2D3,150.29037080227496,0.0,0.0,True
DPH1,150.27055825016558,0.0,0.0,True
SIRT2,150.2645282734079,0.0,0.0,True
FNBP4,150.25431014588392,0.0,0.0,True
TAMM41,150.24902452027237,0.0,0.0,True
ZCCHC8,150.23053688827386,0.0,0.0,True
NAE1,150.22951054421944,0.0,0.0,True
DOCK5,150.2248466127442,0.0,0.0,True
DTD2,150.22033623830362,0.0,0.0,True
MLH3,150.2140062292571,0.0,0.0,True
ZMPSTE24,150.20143401121817,0.0,0.0,True
TYRO3,150.1985420236303,0.0,0.0,True
DPEP2,150.17288168042194,0.0,0.0,True
SLC12A1,150.14806936672915,0.0,0.0,True
SRFBP1,150.1310861385916,0.0,0.0,True
SEC22A,150.12493550264594,0.0,0.0,True
EIF2B2,150.12397528456873,0.0,0.0,True
DBF4B,150.08962075877884,0.0,0.0,True
SPMIP6,150.05013806141167,0.0,0.0,True
GSC2,150.00378179022724,0.0,0.0,True
PPBP,149.97551420535004,0.0,0.0,True
ABI3,149.96272967636204,0.0,0.0,True
APOBEC2,149.95488024860927,0.0,0.0,True
CEP85L,149.94396267008256,0.0,0.0,True
OLA1,149.9294804915051,0.0,0.0,True
USP24,149.92746470996798,0.0,0.0,True
UBE4A,149.9028017476848,0.0,0.0,True
TYW5,149.88526740022982,0.0,0.0,True
TRIP4,149.8691865356131,0.0,0.0,True
FKBP7,149.8662068959676,0.0,0.0,True
LPIN3,149.84036852450959,0.0,0.0,True
AKIRIN2,149.83271042494812,0.0,0.0,True
YAP1,149.82158072081293,0.0,0.0,True
TUBG1,149.7933572373889,0.0,0.0,True
GCLC,149.78280967112573,0.0,0.0,True
TRIM65,149.74200395132374,0.0,0.0,True
SMOX,149.72371965204024,0.0,0.0,True
CEP170P1,149.69780093604766,0.0,0.0,True
PWP1,149.6969749874453,0.0,0.0,True
SMIM12,149.64364795809652,0.0,0.0,True
ESR2,149.5844550166611,0.0,0.0,True
SLC25A17,149.5788825720665,0.0,0.0,True
HTR1B,149.5770233745678,0.0,0.0,True
RAB3A,149.51837708957726,0.0,0.0,True
RNF32,149.504027267872,0.0,0.0,True
MORF4L2,149.4984187831148,0.0,0.0,True
CYP2G1P,149.49603092399846,0.0,0.0,True
RNF157,149.48972401618096,0.0,0.0,True
OXR1,149.47298285999452,0.0,0.0,True
NCKAP1L,149.46027527414535,0.0,0.0,True
ITLN2,149.4309172326964,0.0,0.0,True
STEEP1,149.39743415186638,0.0,0.0,True
B4GALT4,149.38995067548183,0.0,0.0,True
PCSK1N,149.356368107835,0.0,0.0,True
FCSK,149.34612166407646,0.0,0.0,True
PLEK,149.34422324913646,0.0,0.0,True
SPCS3,149.32708969371566,0.0,0.0,True
RBM38,149.26300200952278,0.0,0.0,True
IDO1,149.23790001743436,0.0,0.0,True
TMEM65,149.23192868655062,0.0,0.0,True
SERBP1,149.20897587655222,0.0,0.0,True
UQCRC2,149.20778819406945,0.0,0.0,True
KIF21A,149.17735209710668,0.0,0.0,True
BCL3,149.1315959362175,0.0,0.0,True
ZNF423,149.08444847053823,0.0,0.0,True
DPY19L4,149.0711168621058,0.0,0.0,True
GEMIN8,149.0424208352434,0.0,0.0,True
PLPBP,149.03795092064746,0.0,0.0,True
NFATC3,148.99862691934513,0.0,0.0,True
TMPO,148.98010759118003,0.0,0.0,True
PNPLA4,148.93765453754713,0.0,0.0,True
TMEM190,148.93726330478532,0.0,0.0,True
DNAJC3,148.9242681749113,0.0,0.0,True
BMF,148.88730524929792,0.0,0.0,True
IQCC,148.85652025998095,0.0,0.0,True
APIP,148.84356093329598,0.0,0.0,True
RRBP1,148.84100522097208,0.0,0.0,True
EXOSC3,148.83401088131993,0.0,0.0,True
SIRT4,148.83126356368786,0.0,0.0,True
HMCN2,148.76573887252587,0.0,0.0,True
RAB5B,148.74938024220913,0.0,0.0,True
SPATS2,148.7240683518164,0.0,0.0,True
WBP2,148.7157012184225,0.0,0.0,True
EBP,148.68532226121852,0.0,0.0,True
ALDH18A1,148.6837491019445,0.0,0.0,True
DHH,148.63212428895807,0.0,0.0,True
MAPKAP1,148.60013515425084,0.0,0.0,True
PKD1,148.59983984887202,0.0,0.0,True
MBD4,148.5826514442781,0.0,0.0,True
DUS2,148.57554617200512,0.0,0.0,True
GRAMD1A,148.56123236047534,0.0,0.0,True
NACAD,148.4720214304807,0.0,0.0,True
CBX1,148.4396066894119,0.0,0.0,True
PPFIBP2,148.42879423380947,0.0,0.0,True
RAB8A,148.41209901112762,0.0,0.0,True
SIGLEC6,148.37550194090886,0.0,0.0,True
IPO8,148.37427629904312,0.0,0.0,True
ABHD12,148.36807514853695,0.0,0.0,True
SKAP1,148.36096951055683,0.0,0.0,True
EGFLAM,148.33670763499802,0.0,0.0,True
LRCH4,148.29075444728304,0.0,0.0,True
TMEM209,148.23982287594802,0.0,0.0,True
MAP4,148.21263806875072,0.0,0.0,True
DEFB126,148.20005012812376,0.0,0.0,True
MAP1B,148.17104476830767,0.0,0.0,True
CZIB,148.16646480951167,0.0,0.0,True
SAT1,148.1623367818021,0.0,0.0,True
JUND,148.10384725443876,0.0,0.0,True
RIBC2,148.05024166607177,0.0,0.0,True
SLC24A4,148.03407756484245,0.0,0.0,True
ZNF711,147.98508178683304,0.0,0.0,True
DSPP,147.98087748795817,0.0,0.0,True
GCH1,147.93447208266545,0.0,0.0,True
CASC3,147.92983713492507,0.0,0.0,True
CHORDC1,147.91432613008013,0.0,0.0,True
ZNF689,147.89437825938512,0.0,0.0,True
PTGER1,147.85515414977192,0.0,0.0,True
STAC,147.8534287845761,0.0,0.0,True
MED22,147.831446449676,0.0,0.0,True
CAMK1G,147.82246952935412,0.0,0.0,True
SLITRK5,147.78074496680853,0.0,0.0,True
TRIOBP,147.772565987932,0.0,0.0,True
LRPPRC,147.75587933698895,0.0,0.0,True
CHGB,147.74119253683116,0.0,0.0,True
SPATA6L,147.7389023259459,0.0,0.0,True
PEX1,147.66410540671035,0.0,0.0,True
MMP8,147.63647219138352,0.0,0.0,True
METAP2,147.62242156583682,0.0,0.0,True
COPA,147.61476408031672,0.0,0.0,True
ZMAT2,147.59128976698952,0.0,0.0,True
RRP36,147.58645950424813,0.0,0.0,True
CD209,147.56131801658103,0.0,0.0,True
BPNT2,147.5385199374112,0.0,0.0,True
PMS2P3,147.53778496293776,0.0,0.0,True
UBXN11,147.5242743986695,0.0,0.0,True
RNF138,147.51522680969646,0.0,0.0,True
GATB,147.50873872911427,0.0,0.0,True
PRKCB,147.47177531160693,0.0,0.0,True
VPS45,147.46619994641136,0.0,0.0,True
ARL2BP,147.44782233277866,0.0,0.0,True
ILVBL,147.44653379814372,0.0,0.0,True
HDAC9,147.41129758344493,0.0,0.0,True
ACOX3,147.39187242774096,0.0,0.0,True
ZW10,147.3806851932903,0.0,0.0,True
CEP295,147.37489551787917,0.0,0.0,True
NUP214,147.36541870385867,0.0,0.0,True
TBP,147.3602399906564,0.0,0.0,True
FAM186B,147.35455841874614,0.0,0.0,True
NT5DC4,147.34231849994885,0.0,0.0,True
DIS3L,147.31793117660115,0.0,0.0,True
CACYBP,147.3111265207723,0.0,0.0,True
IDE,147.30987221329113,0.0,0.0,True
C2CD6,147.27281082836078,0.0,0.0,True
NR6A1,147.24044489398315,0.0,0.0,True
SIPA1L2,147.22695460186824,0.0,0.0,True
SLC39A4,147.20825969275398,0.0,0.0,True
CD99,147.18673179298517,0.0,0.0,True
SAP130,147.14327773721024,0.0,0.0,True
CCDC78,147.0924479536831,0.0,0.0,True
ZNF394,147.06453074133282,0.0,0.0,True
CHODL,147.06327570105105,0.0,0.0,True
NRF1,147.04431500066497,0.0,0.0,True
DTX3L,147.03018415534095,0.0,0.0,True
NAGLU,147.01631560603747,0.0,0.0,True
FAM78A,147.01095267342743,0.0,0.0,True
SEL1L2,146.99921659320054,0.0,0.0,True
GARIN5A,146.99435333146866,0.0,0.0,True
NSL1,146.9915897739092,0.0,0.0,True
TXN,146.96758712051155,0.0,0.0,True
MYO9B,146.96582597508882,0.0,0.0,True
GADD45A,146.9575529666858,0.0,0.0,True
HSD17B12,146.9398668598832,0.0,0.0,True
FAM204A,146.91014297478912,0.0,0.0,True
REV1,146.90780926459132,0.0,0.0,True
EBAG9,146.90311593346055,0.0,0.0,True
ALG10,146.89591245591444,0.0,0.0,True
GNRHR,146.88541922788428,0.0,0.0,True
CPNE2,146.88159874931685,0.0,0.0,True
BACH2,146.87154701000864,0.0,0.0,True
ZNF416,146.86880267889737,0.0,0.0,True
TFCP2,146.83519264685063,0.0,0.0,True
ADAMTS18,146.82310249750583,0.0,0.0,True
SHANK2,146.81595017688144,0.0,0.0,True
DPYSL4,146.80223149727965,0.0,0.0,True
UTP20,146.76546599953375,0.0,0.0,True
UBXN4,146.70793006875024,0.0,0.0,True
TNFSF14,146.69877585861389,0.0,0.0,True
TTC27,146.69039266725602,0.0,0.0,True
LUC7L3,146.68977860436118,0.0,0.0,True
PAOX,146.68610122725198,0.0,0.0,True
DDX19B,146.67256841248928,0.0,0.0,True
NDUFS1,146.65851387524728,0.0,0.0,True
RAD50,146.65531808615,0.0,0.0,True
SYNPO2L,146.65017479265913,0.0,0.0,True
DPH2,146.65015666224238,0.0,0.0,True
CHERP,146.645054547719,0.0,0.0,True
NNAT,146.6346476393486,0.0,0.0,True
GEMIN5,146.61592020431564,0.0,0.0,True
RAB33A,146.60559578767942,0.0,0.0,True
ZBTB39,146.60553460824062,0.0,0.0,True
ZNF256,146.59430400760397,0.0,0.0,True
PDCD7,146.5895223165131,0.0,0.0,True
PXMP4,146.58443358076323,0.0,0.0,True
UBFD1,146.55451565831433,0.0,0.0,True
ACTA1,146.49713172022297,0.0,0.0,True
KDELR3,146.46877314886248,0.0,0.0,True
NCLN,146.4611537007488,0.0,0.0,True
HECTD1,146.4526223079563,0.0,0.0,True
PEA15,146.4410580965818,0.0,0.0,True
ZPBP,146.4115009138424,0.0,0.0,True
GABRA2,146.40196953587838,0.0,0.0,True
SF3B1,146.38734285653578,0.0,0.0,True
GRK3,146.35258241490342,0.0,0.0,True
PTPRF,146.34219602672226,0.0,0.0,True
PSD4,146.31353399968486,0.0,0.0,True
IL27RA,146.27391078334605,0.0,0.0,True
TRIM32,146.22922770396107,0.0,0.0,True
MAP3K7,146.1788182395376,0.0,0.0,True
OR10A5,146.17379600294473,0.0,0.0,True
EXOC4,146.13999398249902,0.0,0.0,True
MSTN,146.1352522206086,0.0,0.0,True
RALBP1,146.09621162155148,0.0,0.0,True
TPD52L2,146.0858212800657,0.0,0.0,True
AK6,146.08372795464265,0.0,0.0,True
MAPK7,146.04565091400121,0.0,0.0,True
BORCS5,146.0101544556736,0.0,0.0,True
CD276,145.9932516695321,0.0,0.0,True
SRP54,145.98607550367745,0.0,0.0,True
NKAPD1,145.97753831362027,0.0,0.0,True
MIR9-1HG,145.96856860877074,0.0,0.0,True
PPM1M,145.96489266725985,0.0,0.0,True
RBMX2,145.9572579297106,0.0,0.0,True
TAX1BP1,145.93689316637003,0.0,0.0,True
TGDS,145.90892534092845,0.0,0.0,True
DENND1A,145.8896349759704,0.0,0.0,True
TEX10,145.88490331330124,0.0,0.0,True
TBC1D25,145.87018050590325,0.0,0.0,True
DENND2A,145.85250135436527,0.0,0.0,True
CNMD,145.8449601420449,0.0,0.0,True
MYH2,145.82595514841432,0.0,0.0,True
SPR,145.79928286638778,0.0,0.0,True
PRKD2,145.76158107441987,0.0,0.0,True
GORASP2,145.75577659453893,0.0,0.0,True
PTCD2,145.73401300731052,0.0,0.0,True
ANKRD52,145.72071919645018,0.0,0.0,True
EHD1,145.71921131645314,0.0,0.0,True
PPP2R3C,145.71627814261666,0.0,0.0,True
CSTL1,145.69274243433784,0.0,0.0,True
NDUFB5,145.67879647226704,0.0,0.0,True
AKAP8,145.65550298832235,0.0,0.0,True
ALG2,145.6012839267492,0.0,0.0,True
RNF4,145.5938515484836,0.0,0.0,True
NOMO1,145.55588531505134,0.0,0.0,True
CD4,145.52311078650288,0.0,0.0,True
PSMD14,145.4997830019968,0.0,0.0,True
GNB1,145.41439550291253,0.0,0.0,True
DCAF11,145.4079699141824,0.0,0.0,True
KRT87P,145.37645454712307,0.0,0.0,True
PGS1,145.33630318804975,0.0,0.0,True
FGF23,145.32989821787046,0.0,0.0,True
ATG14,145.29722999324736,0.0,0.0,True
CHAC1,145.27766077367707,0.0,0.0,True
TERF1,145.26954203024337,0.0,0.0,True
BEX1,145.26477385849194,0.0,0.0,True
C2orf42,145.2523255373744,0.0,0.0,True
TXK,145.23880732876026,0.0,0.0,True
DDX5,145.21800211355372,0.0,0.0,True
MLX,145.1871741908913,0.0,0.0,True
AQP10,145.17269209342973,0.0,0.0,True
FKBP11,145.15878172888227,0.0,0.0,True
MOK,145.15014750750484,0.0,0.0,True
RAB3C,145.13471817257107,0.0,0.0,True
TNFSF4,145.12028531997183,0.0,0.0,True
TM7SF3,145.11881635117564,0.0,0.0,True
PGD,145.10183422217455,0.0,0.0,True
PDZD8,145.06564447124288,0.0,0.0,True
HCN2,145.06231182571491,0.0,0.0,True
CECR2,145.0592844248523,0.0,0.0,True
PPP6R1,145.0528604712016,0.0,0.0,True
ROPN1B,145.04358885336484,0.0,0.0,True
SUSD4,145.0358321189505,0.0,0.0,True
ZNF500,144.9997510856756,0.0,0.0,True
ZNF446,144.9905077360965,0.0,0.0,True
SNX3,144.95124088580633,0.0,0.0,True
TFAP2E,144.9106301530069,0.0,0.0,True
SECTM1,144.84711015497098,0.0,0.0,True
USP9X,144.82009996427266,0.0,0.0,True
CNN3,144.77231429080652,0.0,0.0,True
TDH,144.7565599955988,0.0,0.0,True
GABRA4,144.72687231262972,0.0,0.0,True
MICU1,144.70705398602158,0.0,0.0,True
ATP5POP1,144.69956658090538,0.0,0.0,True
SNRPG,144.64676211169223,0.0,0.0,True
POM121L9P,144.6356131366831,0.0,0.0,True
RARS1,144.6038733434997,0.0,0.0,True
COPS7A,144.59298733088426,0.0,0.0,True
HS6ST1,144.53972020922745,0.0,0.0,True
ARX,144.5016354493192,0.0,0.0,True
STAB2,144.47367110703567,0.0,0.0,True
ZNF235,144.458595364734,0.0,0.0,True
AGO4,144.44397974624584,0.0,0.0,True
BRD7,144.40393022424556,0.0,0.0,True
NEFM,144.38641308043628,0.0,0.0,True
EIF3B,144.37296318875025,0.0,0.0,True
WFDC8,144.36702623937387,0.0,0.0,True
ZMAT4,144.33435445939645,0.0,0.0,True
MTREX,144.33388208640122,0.0,0.0,True
PLEKHA7,144.2788614532407,0.0,0.0,True
TADA1,144.26750149747207,0.0,0.0,True
ATP6V1H,144.2564332400972,0.0,0.0,True
NOA1,144.24898798271445,0.0,0.0,True
DNTTIP1,144.23609387871977,0.0,0.0,True
EARS2,144.16583770492863,0.0,0.0,True
INO80C,144.09370222723757,0.0,0.0,True
LMO4,144.0709893719252,0.0,0.0,True
TFAP2D,144.0453627492475,0.0,0.0,True
LYRM2,144.03574782737292,0.0,0.0,True
NECAP2,144.02940404036335,0.0,0.0,True
BCAN,144.0093216004634,0.0,0.0,True
RBM27,143.98929618045017,0.0,0.0,True
RIMS3,143.961775840649,0.0,0.0,True
DCX,143.9572255403009,0.0,0.0,True
UBAC1,143.9215297405965,0.0,0.0,True
JADE3,143.92097553719188,0.0,0.0,True
RGS1,143.8992969877195,0.0,0.0,True
ZNF419,143.89255251248582,0.0,0.0,True
PPP4R3A,143.86532890778932,0.0,0.0,True
OVGP1,143.8623433422082,0.0,0.0,True
IL18BP,143.8359860447647,0.0,0.0,True
SMAD5,143.77396105958732,0.0,0.0,True
MGST2,143.76475133906825,0.0,0.0,True
MLLT1,143.72494042742716,0.0,0.0,True
KDM6B,143.70303764317188,0.0,0.0,True
TRAPPC13,143.6950289089069,0.0,0.0,True
RXYLT1,143.69066143403614,0.0,0.0,True
CCDC142,143.6822928681966,0.0,0.0,True
SLF2,143.65031445295938,0.0,0.0,True
NDUFB2,143.58583132417147,0.0,0.0,True
TMEM86A,143.5784890536741,0.0,0.0,True
PCED1A,143.56911856710133,0.0,0.0,True
ADGRE3,143.51983726195346,0.0,0.0,True
TFDP2,143.5138197699937,0.0,0.0,True
LRP3,143.51192981461645,0.0,0.0,True
COTL1,143.4989253746232,0.0,0.0,True
TARBP1,143.49192443255131,0.0,0.0,True
DDX60,143.48180324076097,0.0,0.0,True
BLTP3A,143.48055103799507,0.0,0.0,True
CCDC25,143.45063663331976,0.0,0.0,True
USP28,143.4398167855362,0.0,0.0,True
FDXR,143.390668212556,0.0,0.0,True
CRY1,143.38076505326444,0.0,0.0,True
TUBG2,143.36614787818357,0.0,0.0,True
RBM24,143.36334036843832,0.0,0.0,True
ANAPC10,143.31331769064283,0.0,0.0,True
HTR3A,143.30291017145876,0.0,0.0,True
NUP43,143.29497388642758,0.0,0.0,True
ITGB1BP1,143.28853728518075,0.0,0.0,True
GTF2B,143.28632097485175,0.0,0.0,True
UQCR11,143.27197058995378,0.0,0.0,True
NMNAT3,143.26000220483388,0.0,0.0,True
ACTL8,143.22517101814393,0.0,0.0,True
DNAJC4,143.21857135673062,0.0,0.0,True
TMEM14A,143.2130238809555,0.0,0.0,True
RBM3,143.21111913886165,0.0,0.0,True
MAPKAPK5,143.2011192954554,0.0,0.0,True
HDAC5,143.19212046642147,0.0,0.0,True
DLST,143.18706991329913,0.0,0.0,True
SAFB2,143.1554985884313,0.0,0.0,True
MRTO4,143.14352232323438,0.0,0.0,True
ANKRD61,143.141927995615,0.0,0.0,True
MAP2K6,143.13075611551037,0.0,0.0,True
TAGLN3,143.1296071901699,0.0,0.0,True
ELF3,143.1284753266993,0.0,0.0,True
CLTCL1,143.10139426781254,0.0,0.0,True
PEX5L,143.07885167337616,0.0,0.0,True
PRPSAP1,143.063652765417,0.0,0.0,True
TNFRSF1A,143.0604478163166,0.0,0.0,True
TMEM38A,143.02637003287998,0.0,0.0,True
PPP1R8,142.9855999433884,0.0,0.0,True
TMEM109,142.95306979925869,0.0,0.0,True
ICOS,142.94047892357406,0.0,0.0,True
ZNF773,142.93493280779944,0.0,0.0,True
AGGF1,142.93286655882736,0.0,0.0,True
GUCY1B2,142.93060262551506,0.0,0.0,True
SAMD10,142.91402786328385,0.0,0.0,True
ODAM,142.89334912576066,0.0,0.0,True
FOXC1,142.82709709113897,0.0,0.0,True
VOPP1,142.81494415146244,0.0,0.0,True
ZDHHC12,142.81331773365196,0.0,0.0,True
PPP1R15A,142.7220741310146,0.0,0.0,True
PRLH,142.7210247351899,0.0,0.0,True
NGEF,142.6842471895071,0.0,0.0,True
GAL3ST2,142.67240220752353,0.0,0.0,True
BRI3,142.658288927712,0.0,0.0,True
MDM1,142.6298806754859,0.0,0.0,True
GNAL,142.62262479108864,0.0,0.0,True
POLA2,142.5885160717075,0.0,0.0,True
ACAP3,142.52553222757808,0.0,0.0,True
SSRP1,142.51727855858414,0.0,0.0,True
BIRC2,142.5012383894611,0.0,0.0,True
FBXW4,142.49183363180234,0.0,0.0,True
ETHE1,142.4722808897842,0.0,0.0,True
ITGAX,142.467513216198,0.0,0.0,True
PALMD,142.44709564652752,0.0,0.0,True
PCDHB5,142.43899088393024,0.0,0.0,True
IGSF6,142.43519865688305,0.0,0.0,True
MICALL2,142.3690856467118,0.0,0.0,True
OFD1,142.34802562663725,0.0,0.0,True
CNTNAP3,142.3439267227008,0.0,0.0,True
NAA40,142.34269215938446,0.0,0.0,True
SMU1,142.33916304183424,0.0,0.0,True
FBXO9,142.33881449460083,0.0,0.0,True
SLC4A9,142.28953689687285,0.0,0.0,True
PPP6R2,142.27341004441996,0.0,0.0,True
ZNF341,142.27000169092656,0.0,0.0,True
CYP1A1,142.2571973157818,0.0,0.0,True
SRSF11,142.25104263761344,0.0,0.0,True
MYL2,142.21644278832244,0.0,0.0,True
YDJC,142.18554450945362,0.0,0.0,True
TMEM39B,142.18295983800462,0.0,0.0,True
THNSL2,142.16978448658622,0.0,0.0,True
ANP32B,142.14628937107304,0.0,0.0,True
COIL,142.14403278523625,0.0,0.0,True
MYLK4,142.12233492889462,0.0,0.0,True
E2F3,142.08767880792794,0.0,0.0,True
POC5,142.00476172164173,0.0,0.0,True
CNNM2,142.00180770434855,0.0,0.0,True
SLC16A14,141.99664540298832,0.0,0.0,True
CLIP3,141.98454307701041,0.0,0.0,True
DTNBP1,141.98193798400007,0.0,0.0,True
PROK2,141.98163930451773,0.0,0.0,True
CLDND2,141.980084657112,0.0,0.0,True
RP1,141.96727105381018,0.0,0.0,True
RBM39,141.96425948795448,0.0,0.0,True
ABHD17B,141.9429726131906,0.0,0.0,True
LAPTM5,141.9419117575679,0.0,0.0,True
DISC1,141.91737773407277,0.0,0.0,True
DPH3,141.89686844237318,0.0,0.0,True
SRP19,141.8555046620474,0.0,0.0,True
C1orf43,141.82927805908102,0.0,0.0,True
GRM1,141.81210663110508,0.0,0.0,True
MEPCE,141.7905468587497,0.0,0.0,True
RFPL1,141.70639191918283,0.0,0.0,True
CISD2,141.69850520321523,0.0,0.0,True
TFB2M,141.66711098374856,0.0,0.0,True
CANX,141.649332180168,0.0,0.0,True
DNAAF5,141.62908309718284,0.0,0.0,True
NEDD9,141.62392766277785,0.0,0.0,True
IFNAR2,141.61763507433005,0.0,0.0,True
LAMC3,141.6120115042335,0.0,0.0,True
TBX15,141.57882532569712,0.0,0.0,True
BCL7B,141.56932154214425,0.0,0.0,True
TDRD9,141.56671926958109,0.0,0.0,True
ZFYVE9,141.55010450012188,0.0,0.0,True
FGD2,141.54584938936713,0.0,0.0,True
COX11,141.54230354599304,0.0,0.0,True
TMEM156,141.5225059546995,0.0,0.0,True
ZP1,141.51401050678496,0.0,0.0,True
YBX1,141.48665273837997,0.0,0.0,True
RBM28,141.48573835794562,0.0,0.0,True
GOSR2,141.45954789776118,0.0,0.0,True
EDN2,141.45748657909803,0.0,0.0,True
DROSHA,141.43438360209313,0.0,0.0,True
SUN3,141.4261454230298,0.0,0.0,True
CCT6A,141.37832799136137,0.0,0.0,True
COX10,141.37661447666378,0.0,0.0,True
DERL3,141.37291987222326,0.0,0.0,True
COA1,141.35917104463087,0.0,0.0,True
LARP4B,141.3393048285485,0.0,0.0,True
NEK8,141.33704531356943,0.0,0.0,True
TRIM24,141.3321164959699,0.0,0.0,True
SQOR,141.32225458955136,0.0,0.0,True
MSH3,141.28694632097344,0.0,0.0,True
VCPKMT,141.27805672790683,0.0,0.0,True
NUAK1,141.2464001551587,0.0,0.0,True
RAB5C,141.22276796759246,0.0,0.0,True
EMILIN2,141.1479305465259,0.0,0.0,True
SERAC1,141.14331474623089,0.0,0.0,True
SIX3,141.12859434671645,0.0,0.0,True
DTD1,141.09040909148698,0.0,0.0,True
ZFP37,141.07160371136783,0.0,0.0,True
ALG6,141.0574780836362,0.0,0.0,True
ZC3H3,141.03763018342266,0.0,0.0,True
WFS1,141.03350591490516,0.0,0.0,True
PRPF3,140.9924402911525,0.0,0.0,True
GPR158,140.9888212710526,0.0,0.0,True
FBXL20,140.98508214762066,0.0,0.0,True
HERC4,140.98431989994066,0.0,0.0,True
SGCG,140.95728576978183,0.0,0.0,True
STRAP,140.91554282223288,0.0,0.0,True
AIRIM,140.90026026382876,0.0,0.0,True
PCDH11Y,140.8933392493774,0.0,0.0,True
TMEM52B,140.86072845528733,0.0,0.0,True
UHRF2,140.8596506530996,0.0,0.0,True
CCNJ,140.8536348016803,0.0,0.0,True
TMEM138,140.8380622654741,0.0,0.0,True
FRA10AC1,140.8002362143488,0.0,0.0,True
HNRNPC,140.79325634616492,0.0,0.0,True
PTPN23,140.7845798711122,0.0,0.0,True
CBS,140.75989960537888,0.0,0.0,True
PARP9,140.75424168152801,0.0,0.0,True
GNPDA1,140.69670236456057,0.0,0.0,True
RNF122,140.69302063429606,0.0,0.0,True
ASIP,140.68127223889502,0.0,0.0,True
C1orf87,140.66930539090532,0.0,0.0,True
CHRNB2,140.6489805310115,0.0,0.0,True
NDST4,140.64540649580698,0.0,0.0,True
MED19,140.64166677390756,0.0,0.0,True
SEPTIN12,140.62303593269525,0.0,0.0,True
MZF1,140.59540189334075,0.0,0.0,True
LRRC17,140.5851830821875,0.0,0.0,True
PGRMC1,140.57842280148847,0.0,0.0,True
STAT4,140.56547902045378,0.0,0.0,True
IPO13,140.51583675975277,0.0,0.0,True
ITGA2B,140.51537245884376,0.0,0.0,True
GPR180,140.50277364149753,0.0,0.0,True
PHAX,140.4891306412076,0.0,0.0,True
NRN1,140.43064930908443,0.0,0.0,True
POMGNT2,140.4283417034985,0.0,0.0,True
SLC39A7,140.40574713411942,0.0,0.0,True
HPS4,140.40515258476782,0.0,0.0,True
MICAL1,140.39936960916847,0.0,0.0,True
GDPD3,140.34459265320888,0.0,0.0,True
SLC25A51,140.3214983754116,0.0,0.0,True
WDFY4,140.2977727080709,0.0,0.0,True
PIP4K2A,140.29011050029266,0.0,0.0,True
PCTP,140.28178888914627,0.0,0.0,True
MARCHF6,140.26075124540446,0.0,0.0,True
CALCA,140.2485466408842,0.0,0.0,True
SPCS2,140.22587387604284,0.0,0.0,True
CFAP58,140.2149882482623,0.0,0.0,True
TMEM230,140.17059405742035,0.0,0.0,True
ALPL,140.10171305433286,0.0,0.0,True
ZBTB45,140.08758990190972,0.0,0.0,True
C1orf198,140.08392630733636,0.0,0.0,True
TP53BP2,140.0793230301024,0.0,0.0,True
PTPRK,140.01759911094658,0.0,0.0,True
FGD1,139.99852641254728,0.0,0.0,True
TFIP11,139.990290461961,0.0,0.0,True
AKAP7,139.95182398253854,0.0,0.0,True
PLXNB1,139.94167391367748,0.0,0.0,True
SCAF4,139.90662222507748,0.0,0.0,True
GCHFR,139.8920097929708,0.0,0.0,True
EPHB1,139.8826123694697,0.0,0.0,True
ZNF343,139.85656778633916,0.0,0.0,True
RPL18A,139.84707769509274,0.0,0.0,True
PSMC3IP,139.77805321080183,0.0,0.0,True
PSMC6,139.7422908840577,0.0,0.0,True
DBI,139.69089887547742,0.0,0.0,True
CCDC90B,139.643934475012,0.0,0.0,True
DNPEP,139.6323554834483,0.0,0.0,True
GEMIN7,139.62784152949854,0.0,0.0,True
UCK1,139.61411940098026,0.0,0.0,True
NOL4,139.61301939806114,0.0,0.0,True
UFC1,139.6050809148673,0.0,0.0,True
PTPMT1,139.59546305912997,0.0,0.0,True
TRAPPC3,139.5517558407053,0.0,0.0,True
DYNLL1,139.4938337220842,0.0,0.0,True
AGTPBP1,139.42831635502915,0.0,0.0,True
SMARCD1,139.38506902558117,0.0,0.0,True
NUAK2,139.37486986399995,0.0,0.0,True
UBC,139.35426438796034,0.0,0.0,True
GSG1,139.3341188290667,0.0,0.0,True
SUN2,139.33212194190176,0.0,0.0,True
EXOSC7,139.32427446976772,0.0,0.0,True
CCL21,139.31908505532058,0.0,0.0,True
IGF1,139.3041293313429,0.0,0.0,True
BCL2A1,139.30192394911506,0.0,0.0,True
HERC2,139.29403588404216,0.0,0.0,True
SURF4,139.28110895941876,0.0,0.0,True
SNX27,139.24324653398216,0.0,0.0,True
RNF216,139.20303727413634,0.0,0.0,True
TMEM18,139.1801503725295,0.0,0.0,True
P2RY10,139.16239740999396,0.0,0.0,True
BRAP,139.13887074409277,0.0,0.0,True
FNDC3B,139.09693847213518,0.0,0.0,True
MAP4K4,139.07654301024644,0.0,0.0,True
OR4K2,139.06803630210408,0.0,0.0,True
LARP1B,139.05149685453983,0.0,0.0,True
PSMD10,139.04191684993748,0.0,0.0,True
PTCH2,139.03724124793578,0.0,0.0,True
RANBP3,139.02175260939447,0.0,0.0,True
POLDIP3,139.02160781854099,0.0,0.0,True
DNMBP,139.0080957953798,0.0,0.0,True
P3H4,138.9585997398853,0.0,0.0,True
PRPF38A,138.94482095149002,0.0,0.0,True
HNRNPH2,138.91570790824667,0.0,0.0,True
CSPP1,138.90009813355337,0.0,0.0,True
DRC1,138.87706616318394,0.0,0.0,True
TTC16,138.8513856119817,0.0,0.0,True
RREB1,138.8508771510379,0.0,0.0,True
GNGT2,138.85061501720764,0.0,0.0,True
SEMA4F,138.82149022382242,0.0,0.0,True
LIF,138.81627347846913,0.0,0.0,True
KLHL10,138.80143537872323,0.0,0.0,True
C1QTNF3,138.79713868774706,0.0,0.0,True
SYT11,138.79535166984186,0.0,0.0,True
RWDD1,138.7775750134821,0.0,0.0,True
RABL2B,138.74053446984794,0.0,0.0,True
GRSF1,138.72470553355384,0.0,0.0,True
PRORSD1P,138.70450695619834,0.0,0.0,True
DPEP1,138.68470095984253,0.0,0.0,True
MTO1,138.6843920699519,0.0,0.0,True
NUCKS1,138.68004357715387,0.0,0.0,True
DESI1,138.66707706272484,0.0,0.0,True
SLC44A5,138.60809955648278,0.0,0.0,True
MAD1L1,138.56798827919144,0.0,0.0,True
GIMAP2,138.54055913857925,0.0,0.0,True
PKD2L2,138.51770364486802,0.0,0.0,True
VNN2,138.45995211820332,0.0,0.0,True
FCRL2,138.44262032948117,0.0,0.0,True
ATPAF1,138.4208994867117,0.0,0.0,True
CTLA4,138.3373081673424,0.0,0.0,True
NT5E,138.27861423960726,0.0,0.0,True
GPI,138.21384191077502,0.0,0.0,True
COL19A1,138.18000286550372,0.0,0.0,True
RBM23,138.15396790592305,0.0,0.0,True
IFIT3,138.14746274602408,0.0,0.0,True
SLC30A8,138.1454356940335,0.0,0.0,True
HDLBP,138.13987779043694,0.0,0.0,True
AREL1,138.07118559421136,0.0,0.0,True
ADAMTS10,138.03733234437087,0.0,0.0,True
CSRP3,138.03599924092975,0.0,0.0,True
KRT18,138.03152690054165,0.0,0.0,True
TIMMDC1,138.02486773503023,0.0,0.0,True
TM9SF2,138.01853465278154,0.0,0.0,True
KIAA2013,137.99835001699284,0.0,0.0,True
PNMT,137.96506011193065,0.0,0.0,True
FBXO4,137.96179999191065,0.0,0.0,True
ABCA9,137.95904119534285,0.0,0.0,True
PRPF18,137.95403959734827,0.0,0.0,True
IFIT2,137.9269886198995,0.0,0.0,True
PTGR2,137.9140293321305,0.0,0.0,True
SRSF2,137.90657384316307,0.0,0.0,True
MRPL50,137.88673197654794,0.0,0.0,True
IFIH1,137.86523790337796,0.0,0.0,True
EEF2,137.8522138618328,0.0,0.0,True
RHEB,137.83638937137437,0.0,0.0,True
COMMD7,137.81660592020222,0.0,0.0,True
NCALD,137.79578636464606,0.0,0.0,True
ANXA7,137.78703720801673,0.0,0.0,True
PLOD3,137.7860010416299,0.0,0.0,True
TMTC4,137.78169418180676,0.0,0.0,True
WDR3,137.77928966698212,0.0,0.0,True
IFITM3,137.77685762516214,0.0,0.0,True
CUL2,137.7744452696705,0.0,0.0,True
PKN1,137.70492474271552,0.0,0.0,True
MPZ,137.684247197244,0.0,0.0,True
C1QL3,137.6792008335698,0.0,0.0,True
EMC1,137.64165055350094,0.0,0.0,True
SLC5A2,137.5928551726422,0.0,0.0,True
TTC9C,137.5801289683219,0.0,0.0,True
CCT4,137.57671655782224,0.0,0.0,True
TRIM54,137.55360320841402,0.0,0.0,True
INTS10,137.54698466125035,0.0,0.0,True
MYO5B,137.5325060178369,0.0,0.0,True
HSP90AA1,137.51446116896128,0.0,0.0,True
RPP14,137.51049411672653,0.0,0.0,True
MCOLN2,137.5091355249289,0.0,0.0,True
TRUB1,137.48293967852814,0.0,0.0,True
DCAF7,137.47162639699712,0.0,0.0,True
HNRNPDL,137.42814390599025,0.0,0.0,True
PALD1,137.4137832855525,0.0,0.0,True
SRSF4,137.40079829039843,0.0,0.0,True
NDUFAF1,137.38055740109718,0.0,0.0,True
CPSF3,137.36976024239797,0.0,0.0,True
KLHL12,137.31069019540692,0.0,0.0,True
CSTF1,137.2965222736707,0.0,0.0,True
MYBPH,137.29383042271203,0.0,0.0,True
SETD1A,137.27051878665796,0.0,0.0,True
PTRH2,137.2693227021976,0.0,0.0,True
CASP6,137.20663189069145,0.0,0.0,True
SCO1,137.1985871237019,0.0,0.0,True
ARL5B,137.18828235349568,0.0,0.0,True
KBTBD6,137.17509040535109,0.0,0.0,True
SLAMF8,137.1464560862172,0.0,0.0,True
PTPN5,137.14232038508314,0.0,0.0,True
TRAF3IP3,137.1291167001162,0.0,0.0,True
ADRM1,137.1248759903283,0.0,0.0,True
ATG5,137.1191272151565,0.0,0.0,True
STS,137.09999553862835,0.0,0.0,True
PHF6,137.09671217027983,0.0,0.0,True
UGGT2,137.08549333088393,0.0,0.0,True
TRIM47,137.081021495736,0.0,0.0,True
TNPO3,137.07698943068107,0.0,0.0,True
TNFRSF17,137.0663560291623,0.0,0.0,True
SLC25A32,137.04448108600832,0.0,0.0,True
GMEB2,137.02976833921352,0.0,0.0,True
TMED2,137.0072075571982,0.0,0.0,True
ZNF410,136.99957926272927,0.0,0.0,True
NDUFS7,136.9898104189596,0.0,0.0,True
BCL6,136.9319785789531,0.0,0.0,True
GOT2,136.915523827772,0.0,0.0,True
AXIN1,136.91404751138714,0.0,0.0,True
PAIP2B,136.88543131810263,0.0,0.0,True
EPHA8,136.86364085410946,0.0,0.0,True
METTL25B,136.81512390829965,0.0,0.0,True
QNG1,136.80305327295977,0.0,0.0,True
KCNS2,136.7875757096905,0.0,0.0,True
FGF17,136.70655412434397,0.0,0.0,True
RBBP4,136.67492170227482,0.0,0.0,True
GBE1,136.65941134063314,0.0,0.0,True
H2BW2,136.64098882030575,0.0,0.0,True
GDI2,136.6367407009549,0.0,0.0,True
OSBPL11,136.62006537637365,0.0,0.0,True
ST8SIA5,136.5859724308795,0.0,0.0,True
CNTFR,136.56213864455546,0.0,0.0,True
ME2,136.5226919471216,0.0,0.0,True
MAN2C1,136.50728561804252,0.0,0.0,True
ECHS1,136.50334144352684,0.0,0.0,True
GEMIN2,136.4962468385242,0.0,0.0,True
ZC3H7B,136.4901141345411,0.0,0.0,True
GRIK4,136.4890295557365,0.0,0.0,True
ANKRD55,136.45596549029182,0.0,0.0,True
SIKE1,136.43878374874097,0.0,0.0,True
WNT8B,136.4362394103753,0.0,0.0,True
OSER1,136.4327533663672,0.0,0.0,True
SNX4,136.41959166046877,0.0,0.0,True
INTS4,136.39816704400573,0.0,0.0,True
NEK3,136.37219827922692,0.0,0.0,True
ISLR2,136.3400731252432,0.0,0.0,True
BATF3,136.31920721356235,0.0,0.0,True
UBXN8,136.29815152973387,0.0,0.0,True
SNCAIP,136.26420779726664,0.0,0.0,True
ZNF547,136.2568795837265,0.0,0.0,True
ABCB6,136.22649182699564,0.0,0.0,True
ZNF557,136.22343507488654,0.0,0.0,True
MEI1,136.21746752136372,0.0,0.0,True
PSMD9,136.21563023072497,0.0,0.0,True
ATRN,136.20028836725777,0.0,0.0,True
TTPAL,136.19497127372983,0.0,0.0,True
MARS1,136.194759496362,0.0,0.0,True
PSTPIP2,136.1883701731414,0.0,0.0,True
SFRP4,136.12943180906512,0.0,0.0,True
ST7,136.11529419401313,0.0,0.0,True
GNL2,136.10428107749377,0.0,0.0,True
PRKD3,136.0502827692744,0.0,0.0,True
ZIC1,136.0478158160148,0.0,0.0,True
CNOT3,135.9990014046124,0.0,0.0,True
SNX21,135.9949404497861,0.0,0.0,True
HSPB1,135.97284646726223,0.0,0.0,True
EXT2,135.93625387405456,0.0,0.0,True
TIMM17A,135.93387171656056,0.0,0.0,True
NXPE1,135.93335489059373,0.0,0.0,True
ZNF330,135.92913873473302,0.0,0.0,True
GCN1,135.89401520137966,0.0,0.0,True
ERBIN,135.88454856391627,0.0,0.0,True
ERCC5,135.82986561510734,0.0,0.0,True
SELPLG,135.81942859027563,0.0,0.0,True
IQSEC3,135.8123060089343,0.0,0.0,True
RETREG3,135.81207043807785,0.0,0.0,True
MBTD1,135.78414549648767,0.0,0.0,True
CA3,135.7451577342711,0.0,0.0,True
VAMP7,135.73355959141963,0.0,0.0,True
SPIN2A,135.72603958543655,0.0,0.0,True
RPGR,135.68683468897873,0.0,0.0,True
WDR11,135.68474495940745,0.0,0.0,True
CYB5R1,135.67098983315145,0.0,0.0,True
NR4A2,135.66601184044134,0.0,0.0,True
LMAN1,135.62236137299405,0.0,0.0,True
SLC6A16,135.60879415163032,0.0,0.0,True
MAP1S,135.6072446594342,0.0,0.0,True
TKT,135.5998503025893,0.0,0.0,True
CCZ1,135.58795248886165,0.0,0.0,True
HLX,135.5863048422876,0.0,0.0,True
EBNA1BP2,135.56484746139438,0.0,0.0,True
PEX11B,135.54638608968935,0.0,0.0,True
ANAPC13,135.52302095253265,0.0,0.0,True
PAX3,135.51147252980488,0.0,0.0,True
PSMC2,135.48277001902918,0.0,0.0,True
KMT5C,135.46009976066998,0.0,0.0,True
FGFBP2,135.44305991128923,0.0,0.0,True
SLC1A6,135.42133610503376,0.0,0.0,True
ELN,135.36948123965863,0.0,0.0,True
DENND2B,135.3523070600811,0.0,0.0,True
MKRN1,135.34799148856746,0.0,0.0,True
ITGB2,135.34508466354725,0.0,0.0,True
NOP14,135.33383863149317,0.0,0.0,True
TPGS1,135.3221949696799,0.0,0.0,True
TRIP6,135.31750709703107,0.0,0.0,True
EAF1,135.3100228846301,0.0,0.0,True
TNFRSF8,135.26997126375443,0.0,0.0,True
FCN1,135.2197856820421,0.0,0.0,True
DCAF5,135.14087752771147,0.0,0.0,True
GORAB,135.13204843265984,0.0,0.0,True
TBL1X,135.09414732701276,0.0,0.0,True
TRMT5,135.08893614886978,0.0,0.0,True
OTOA,135.04902958370917,0.0,0.0,True
PIK3R1,135.0487775396606,0.0,0.0,True
DUS4L,135.0407844350959,0.0,0.0,True
KCNA6,135.0243939104675,0.0,0.0,True
RPRD1A,135.02341519179257,0.0,0.0,True
YEATS4,135.01536309332684,0.0,0.0,True
TMEM234,134.99730913621426,0.0,0.0,True
PRDM12,134.98829854122533,0.0,0.0,True
FRMD7,134.97227334155093,0.0,0.0,True
ST3GAL2,134.9278880152852,0.0,0.0,True
NFKBID,134.83889540723644,0.0,0.0,True
ST6GALNAC6,134.8375230904193,0.0,0.0,True
MT1G,134.83491128898805,0.0,0.0,True
FGF20,134.82577081145232,0.0,0.0,True
C11orf52,134.73898125361822,0.0,0.0,True
MDN1,134.72293157318347,0.0,0.0,True
KRTCAP2,134.72232036151019,0.0,0.0,True
HSPA9,134.7159679233401,0.0,0.0,True
DBNL,134.70914610603765,0.0,0.0,True
DCAF15,134.707677157434,0.0,0.0,True
MEGF8,134.66310319220318,0.0,0.0,True
DTX1,134.63110340311763,0.0,0.0,True
OSBPL9,134.60373688331376,0.0,0.0,True
ATXN7L3,134.56752114374686,0.0,0.0,True
LGI2,134.54871784667307,0.0,0.0,True
TAS2R4,134.53907691426642,0.0,0.0,True
THAP10,134.51532489080085,0.0,0.0,True
SUGP2,134.49244770902916,0.0,0.0,True
HOXB1,134.450018414226,0.0,0.0,True
TBCEL,134.416939700149,0.0,0.0,True
THSD7B,134.41367622636253,0.0,0.0,True
SEMG2,134.40306674134123,0.0,0.0,True
CALM3,134.31679948471535,0.0,0.0,True
MYOG,134.3152916152793,0.0,0.0,True
GALNT2,134.30206512961007,0.0,0.0,True
RAB32,134.28334903528676,0.0,0.0,True
TUBA3E,134.27386723775703,0.0,0.0,True
TCEANC2,134.27231284432563,0.0,0.0,True
RASIP1,134.26483967799766,0.0,0.0,True
FLYWCH2,134.25327666431963,0.0,0.0,True
DUSP10,134.20055997421332,0.0,0.0,True
TFPT,134.19186439080468,0.0,0.0,True
RRP8,134.1808506277067,0.0,0.0,True
BEST4,134.1804462964831,0.0,0.0,True
SF3A1,134.1533488568126,0.0,0.0,True
URGCP,134.1399982511438,0.0,0.0,True
CDC5L,134.1289778021758,0.0,0.0,True
DMAC1,134.11845116046575,0.0,0.0,True
FHIP2B,134.0941346227485,0.0,0.0,True
DISP2,134.0647229976378,0.0,0.0,True
SLC31A2,134.05686706047427,0.0,0.0,True
PMS2P1,134.04840191480164,0.0,0.0,True
ELP6,133.95776924359748,0.0,0.0,True
FLG2,133.9152249941568,0.0,0.0,True
GALK2,133.82539001283777,0.0,0.0,True
CDK5RAP2,133.77818405671667,0.0,0.0,True
BRME1,133.7479906392163,0.0,0.0,True
CNIH4,133.73670119924628,0.0,0.0,True
SMARCA4,133.72165391281214,0.0,0.0,True
SCAMP2,133.7073285293116,0.0,0.0,True
MMP21,133.66341844705238,0.0,0.0,True
AKT1,133.64555635100794,0.0,0.0,True
BMP6,133.5919071133002,0.0,0.0,True
NRDC,133.57142068759035,0.0,0.0,True
CHIT1,133.5695194674801,0.0,0.0,True
DKK1,133.54209346991317,0.0,0.0,True
KCNQ2,133.49918760617572,0.0,0.0,True
WLS,133.43323162901916,0.0,0.0,True
MTSS2,133.3722651584897,0.0,0.0,True
LRRC40,133.3557851828462,0.0,0.0,True
ANGPTL6,133.32642728657814,0.0,0.0,True
FAM53C,133.3053537629763,0.0,0.0,True
NKAP,133.29420962708082,0.0,0.0,True
LPCAT3,133.28632397261993,0.0,0.0,True
SOX30,133.2807003944841,0.0,0.0,True
JSRP1,133.2794567195487,0.0,0.0,True
CEACAM4,133.25450296371667,0.0,0.0,True
C11orf65,133.2021467264383,0.0,0.0,True
ARHGEF11,133.19303845615178,0.0,0.0,True
HRH3,133.16735520126332,0.0,0.0,True
ASS1,133.15200935899995,0.0,0.0,True
KLHL8,133.13565987705223,0.0,0.0,True
HNRNPK,133.10015940403696,0.0,0.0,True
TCHH,133.04723484400995,0.0,0.0,True
NDUFS2,133.0323740884124,0.0,0.0,True
ATP2B1,133.03236113310317,0.0,0.0,True
DDX55,133.0170705579921,0.0,0.0,True
LTBR,132.981245631435,0.0,0.0,True
CRIPT,132.9718103018561,0.0,0.0,True
SLC18A1,132.95730767578826,0.0,0.0,True
STRN4,132.9548819984022,0.0,0.0,True
PIGZ,132.91114625923476,0.0,0.0,True
TBX6,132.906350549463,0.0,0.0,True
AGAP2,132.8847360987514,0.0,0.0,True
ORC4,132.88366192688903,0.0,0.0,True
PRMT1,132.86631662910293,0.0,0.0,True
WDR90,132.84617467211945,0.0,0.0,True
GABRR2,132.8446074105535,0.0,0.0,True
MRPL35,132.8281581307369,0.0,0.0,True
C9orf78,132.78389571413666,0.0,0.0,True
DRD2,132.77418010493741,0.0,0.0,True
PPIL1,132.7674726321033,0.0,0.0,True
PRDX3,132.7255131589301,0.0,0.0,True
PEPD,132.70085976017205,0.0,0.0,True
HSF2,132.70052014324418,0.0,0.0,True
MIA2,132.6669913580724,0.0,0.0,True
ITGB7,132.59465584634071,0.0,0.0,True
SCOC,132.5502968411877,0.0,0.0,True
ZMIZ2,132.49247681844932,0.0,0.0,True
CCL28,132.46817595497666,0.0,0.0,True
CACNG8,132.45501309238395,0.0,0.0,True
NXPH1,132.41790255799634,0.0,0.0,True
TSG101,132.41698208225804,0.0,0.0,True
RAB11FIP4,132.40375303957669,0.0,0.0,True
KANK1,132.4011808754041,0.0,0.0,True
EIF3A,132.3741042675453,0.0,0.0,True
EPN1,132.33674529487345,0.0,0.0,True
URB1,132.32265001794423,0.0,0.0,True
JDP2,132.32048462000378,0.0,0.0,True
PPP2CA,132.31847196774416,0.0,0.0,True
REV3L,132.30817187132155,0.0,0.0,True
PLSCR2,132.2955779428332,0.0,0.0,True
SNTG1,132.28472178459717,0.0,0.0,True
ZNF346,132.26455071309678,0.0,0.0,True
ERLIN2,132.23873692137826,0.0,0.0,True
NGLY1,132.22594418800787,0.0,0.0,True
TBL2,132.2218129442337,0.0,0.0,True
STT3B,132.20242651230961,0.0,0.0,True
AGPAT5,132.1015420706006,0.0,0.0,True
KCNC3,132.08706326715424,0.0,0.0,True
MATCAP2,132.06627605012008,0.0,0.0,True
RBM5,132.0154177993055,0.0,0.0,True
PMFBP1,131.98885456255914,0.0,0.0,True
EMC7,131.97500915875338,0.0,0.0,True
CFAP418,131.97461834538578,0.0,0.0,True
DHX33,131.92798101832815,0.0,0.0,True
ERP44,131.88499578373532,0.0,0.0,True
GCM1,131.86839763228613,0.0,0.0,True
LILRB2,131.83261470317305,0.0,0.0,True
TMEM219,131.8253898348082,0.0,0.0,True
RBM19,131.7685489532991,0.0,0.0,True
IL1R1,131.72011680153895,0.0,0.0,True
SAMD3,131.71349324548382,0.0,0.0,True
LHX9,131.69147841706734,0.0,0.0,True
USP35,131.68548830923152,0.0,0.0,True
EOMES,131.67965287939495,0.0,0.0,True
APOBEC3H,131.64329561299675,0.0,0.0,True
SAP18,131.62239101218975,0.0,0.0,True
DNASE1L1,131.61286914624253,0.0,0.0,True
C1orf54,131.6057503040313,0.0,0.0,True
SPTB,131.60023562232797,0.0,0.0,True
GPR26,131.5983667856633,0.0,0.0,True
SHQ1,131.58324475902873,0.0,0.0,True
PIGL,131.56723971081388,0.0,0.0,True
TEX30,131.56562256795758,0.0,0.0,True
CD3G,131.55513423484817,0.0,0.0,True
CR2,131.5177475270621,0.0,0.0,True
ZSCAN29,131.49123534027223,0.0,0.0,True
SSR1,131.4741451899506,0.0,0.0,True
IKZF3,131.46154038033092,0.0,0.0,True
COX6A1,131.45815641854273,0.0,0.0,True
CHMP4B,131.45096235641017,0.0,0.0,True
ANKDD1A,131.44075862305326,0.0,0.0,True
MERTK,131.3849177769173,0.0,0.0,True
HSD17B1P1,131.37934117465016,0.0,0.0,True
JMJD8,131.37761185490695,0.0,0.0,True
MOXD1,131.34896438847545,0.0,0.0,True
CCNT2,131.31244632616006,0.0,0.0,True
DLGAP4,131.30900579881774,0.0,0.0,True
CCR6,131.30792237699777,0.0,0.0,True
DLAT,131.2697813525988,0.0,0.0,True
SMARCA1,131.26574666255559,0.0,0.0,True
CCDC27,131.24885211140548,0.0,0.0,True
MIEF1,131.23858902169326,0.0,0.0,True
GHITM,131.18667909342142,0.0,0.0,True
NUP35,131.15737730634189,0.0,0.0,True
NRG2,131.13916688722676,0.0,0.0,True
TSPO,131.12029627326112,0.0,0.0,True
ZNF414,131.0856110858068,0.0,0.0,True
CYTH4,131.0724684188475,0.0,0.0,True
GSS,131.04066954404618,0.0,0.0,True
NEIL1,130.97036820123228,0.0,0.0,True
MED9,130.9616031630303,0.0,0.0,True
CD83,130.90336535492924,0.0,0.0,True
PSKH2,130.88233894889547,0.0,0.0,True
MED28,130.8526626723937,0.0,0.0,True
ACVR2A,130.85220762636948,0.0,0.0,True
BEX3,130.84711274865032,0.0,0.0,True
RPL28,130.81566333922675,0.0,0.0,True
KLRF1,130.80637038397225,0.0,0.0,True
USP36,130.77227769817083,0.0,0.0,True
TRPM6,130.77145440616184,0.0,0.0,True
DCTD,130.76642193480512,0.0,0.0,True
CHMP7,130.74345889060868,0.0,0.0,True
CD37,130.74315293577982,0.0,0.0,True
POMT1,130.74006718300268,0.0,0.0,True
TRMT13,130.7356692282917,0.0,0.0,True
GAREM2,130.68263972168089,0.0,0.0,True
SS18,130.67428202852096,0.0,0.0,True
RIN3,130.67075504065087,0.0,0.0,True
BRD9,130.65059045637497,0.0,0.0,True
LDHAL6A,130.62388384371332,0.0,0.0,True
ST18,130.61701684240043,0.0,0.0,True
DENND10,130.6134984911173,0.0,0.0,True
PRCC,130.59081502523085,0.0,0.0,True
DYNLRB1,130.58683488039722,0.0,0.0,True
ABCA5,130.5634080114045,0.0,0.0,True
NRBP1,130.5252513268956,0.0,0.0,True
DCUN1D4,130.52065524544065,0.0,0.0,True
MUL1,130.50991826538325,0.0,0.0,True
ARMC2,130.50519445600492,0.0,0.0,True
CENPJ,130.49108864156483,0.0,0.0,True
ADGRG5,130.48765555865842,0.0,0.0,True
POLRMT,130.48372076813695,0.0,0.0,True
NR2C1,130.47940725924383,0.0,0.0,True
TDP2,130.47855676238763,0.0,0.0,True
TTLL7,130.46828085792973,0.0,0.0,True
PPWD1,130.45702309924374,0.0,0.0,True
LIMD1,130.4510561166372,0.0,0.0,True
PMM1,130.4379873224418,0.0,0.0,True
ARMC12,130.4055549475363,0.0,0.0,True
PPP1R37,130.39855958019797,0.0,0.0,True
AGK,130.37019124866404,0.0,0.0,True
CREB3,130.34428481155595,0.0,0.0,True
CLEC4A,130.294912164127,0.0,0.0,True
KRBOX4,130.24382237436416,0.0,0.0,True
PFDN4,130.23221120770847,0.0,0.0,True
CD101,130.23184418477416,0.0,0.0,True
HUNK,130.22817128264245,0.0,0.0,True
CCM2,130.2257095043834,0.0,0.0,True
MMP7,130.22241078469526,0.0,0.0,True
VPS29,130.21751241441498,0.0,0.0,True
NSA2,130.21425550939824,0.0,0.0,True
MCOLN3,130.19565271904568,0.0,0.0,True
DLEU2L,130.18084383422598,0.0,0.0,True
SLC7A4,130.17276069458885,0.0,0.0,True
ZCCHC10,130.17094951543777,0.0,0.0,True
UCN,130.16835421615394,0.0,0.0,True
PDHA1,130.16073846628262,0.0,0.0,True
CHADL,130.13899448743143,0.0,0.0,True
FAM76B,130.12835537828954,0.0,0.0,True
TPR,130.1115096982777,0.0,0.0,True
CAMK2N2,130.07904625957752,0.0,0.0,True
BST2,130.05332440882134,0.0,0.0,True
SLC38A6,130.01557635185293,0.0,0.0,True
TMEM9,129.99656865169482,0.0,0.0,True
AASDHPPT,129.98805155574385,0.0,0.0,True
B9D2,129.9854931808499,0.0,0.0,True
BCL7A,129.92979886401938,0.0,0.0,True
ANKFN1,129.92139450850718,0.0,0.0,True
SEPTIN7P9,129.9116002932028,0.0,0.0,True
CTTN,129.88548484787563,0.0,0.0,True
PI4KB,129.86732392062626,0.0,0.0,True
FHIP1B,129.85875590349062,0.0,0.0,True
ACTR6,129.83366935682093,0.0,0.0,True
PLB1,129.80546582719725,0.0,0.0,True
ALG5,129.8011838421985,0.0,0.0,True
PAPPA2,129.7735103450436,0.0,0.0,True
CETN2,129.77189710758662,0.0,0.0,True
SELENOK,129.75639282665108,0.0,0.0,True
PRPS2,129.7173045702544,0.0,0.0,True
BCAP29,129.71619858584725,0.0,0.0,True
GSTZ1,129.711306968626,0.0,0.0,True
SNRPD3,129.6492774634667,0.0,0.0,True
RFC1,129.63036232031018,0.0,0.0,True
PUM3,129.59649675783163,0.0,0.0,True
RRP12,129.58008407980142,0.0,0.0,True
PGM1,129.5797361377534,0.0,0.0,True
FANCD2OS,129.56937488000446,0.0,0.0,True
DNTT,129.54194045022604,0.0,0.0,True
NME3,129.52778168092314,0.0,0.0,True
ZNF740,129.50438671019134,0.0,0.0,True
GPR17,129.48454456282775,0.0,0.0,True
OGFOD1,129.46636891787753,0.0,0.0,True
SASH3,129.45535683714746,0.0,0.0,True
EPB41,129.44867995494306,0.0,0.0,True
USP3,129.39354990696359,0.0,0.0,True
C10orf88,129.3921052838168,0.0,0.0,True
FAM117A,129.38497093564604,0.0,0.0,True
SMAP2,129.33856033128527,0.0,0.0,True
TUBB1,129.33717401923502,0.0,0.0,True
ISYNA1,129.33415491735389,0.0,0.0,True
CIC,129.30775910874377,0.0,0.0,True
AGL,129.2800912057444,0.0,0.0,True
SNRPA,129.27094639719584,0.0,0.0,True
BTN3A1,129.26346558347194,0.0,0.0,True
PFN1,129.25730641818288,0.0,0.0,True
CHRNA1,129.21254317383068,0.0,0.0,True
NES,129.19777422396336,0.0,0.0,True
TOMM34,129.1582636035077,0.0,0.0,True
SARS1,129.1451652269288,0.0,0.0,True
XRCC5,129.13968183702286,0.0,0.0,True
TPPP3,129.13801052056485,0.0,0.0,True
CLPX,129.09404668274277,0.0,0.0,True
GORASP1,129.08410562919207,0.0,0.0,True
MEGF6,129.06430132316007,0.0,0.0,True
FAM98C,129.0628596486353,0.0,0.0,True
CCR5,129.05706034575823,0.0,0.0,True
ATAD3B,129.05061013391054,0.0,0.0,True
DHRS1,129.04440496232124,0.0,0.0,True
LLGL2,129.04281627308026,0.0,0.0,True
SMCP,129.0367311492937,0.0,0.0,True
CCL2,129.011171085032,0.0,0.0,True
GFAP,129.00908605545348,0.0,0.0,True
EED,128.97564112891652,0.0,0.0,True
ASIC2,128.9718688373713,0.0,0.0,True
SLAMF6,128.95595090280563,0.0,0.0,True
CD79A,128.88281534837995,0.0,0.0,True
ANKEF1,128.87841428550286,0.0,0.0,True
TRAPPC14,128.87582654241174,0.0,0.0,True
ZNF202,128.87523992922632,0.0,0.0,True
HMGN3,128.87427617760926,0.0,0.0,True
EGR4,128.84506754160697,0.0,0.0,True
FAM50B,128.83134376740622,0.0,0.0,True
ASF1A,128.8208875839299,0.0,0.0,True
BTAF1,128.81994274771404,0.0,0.0,True
AP1B1,128.78299219089655,0.0,0.0,True
NBAS,128.77981277824676,0.0,0.0,True
EFCAB11,128.76975225360553,0.0,0.0,True
BOD1,128.76685675138523,0.0,0.0,True
TCHP,128.75342456031035,0.0,0.0,True
DEDD,128.7487325249753,0.0,0.0,True
LGALS3BP,128.74379623045186,0.0,0.0,True
ZNF219,128.70756898523683,0.0,0.0,True
GDF9,128.6594728451339,0.0,0.0,True
UBE2K,128.64594843975055,0.0,0.0,True
INVS,128.62830200767422,0.0,0.0,True
DCST1,128.61576652543675,0.0,0.0,True
ABCD4,128.56676630363353,0.0,0.0,True
AMBRA1,128.54832188783652,0.0,0.0,True
MAMLD1,128.51386119268227,0.0,0.0,True
FMR1,128.48745933791844,0.0,0.0,True
DUSP26,128.48334108982533,0.0,0.0,True
ACCS,128.48141647109486,0.0,0.0,True
ANGEL1,128.48044093016478,0.0,0.0,True
RPA3,128.47348208706154,0.0,0.0,True
ALAS2,128.47007404103823,0.0,0.0,True
NOP16,128.46099954253762,0.0,0.0,True
BICDL1,128.45901947663157,0.0,0.0,True
IL26,128.4337571569859,0.0,0.0,True
ATF7IP2,128.4330444724225,0.0,0.0,True
ROM1,128.4328981582757,0.0,0.0,True
CNTNAP3B,128.40534265138936,0.0,0.0,True
ZCCHC9,128.38794344056706,0.0,0.0,True
NKD2,128.38751055406797,0.0,0.0,True
PMS1,128.37899085181022,0.0,0.0,True
DBNDD1,128.36608814461553,0.0,0.0,True
NSMF,128.34257304472416,0.0,0.0,True
POLR3F,128.3414526938966,0.0,0.0,True
WDR38,128.33193498657513,0.0,0.0,True
MIIP,128.31485645846476,0.0,0.0,True
DHODH,128.2736704651236,0.0,0.0,True
STPG2,128.26106793543093,0.0,0.0,True
STRIP1,128.20423317395398,0.0,0.0,True
THUMPD3,128.17496469192116,0.0,0.0,True
BAALC,128.17261840826706,0.0,0.0,True
ALG9,128.1631260050436,0.0,0.0,True
GOLGA7,128.14624221645627,0.0,0.0,True
SIN3B,128.13345377480482,0.0,0.0,True
MYOT,128.09103864585148,0.0,0.0,True
RNF113B,128.05207393493166,0.0,0.0,True
LRRC41,128.0332354648302,0.0,0.0,True
LSP1,128.03040797784087,0.0,0.0,True
TMSB15B,128.0029410111969,0.0,0.0,True
PHF7,127.98644588235844,0.0,0.0,True
COQ3,127.98562594619642,0.0,0.0,True
TREML2,127.97263080939062,0.0,0.0,True
CCDC34,127.8907745118295,0.0,0.0,True
TIMP1,127.8621824626259,0.0,0.0,True
PPP1R16A,127.85606239162499,0.0,0.0,True
KLHL24,127.82531629395925,0.0,0.0,True
NKTR,127.78926082748232,0.0,0.0,True
KIR3DX1,127.78868589745589,0.0,0.0,True
SH2D4A,127.78812711000812,0.0,0.0,True
SART3,127.77177868764618,0.0,0.0,True
RBM17,127.74645910428652,0.0,0.0,True
CCL7,127.70909866041757,0.0,0.0,True
MPP4,127.69396442337593,0.0,0.0,True
GNAT2,127.68012216381688,5e-324,5e-324,True
TRIM66,127.65295298639134,5e-324,5e-324,True
HAUS1,127.64582377232473,5e-324,5e-324,True
WDR70,127.57917583525355,5e-324,5e-324,True
PAIP2,127.54228059208228,5e-324,5e-324,True
SLC11A2,127.50439006046071,5e-324,5e-324,True
PPP2R2B,127.49570459923517,5e-324,5e-324,True
FHAD1,127.48983133258456,5e-324,5e-324,True
CRX,127.48743917568744,5e-324,5e-324,True
REM1,127.48447324680193,5e-324,5e-324,True
DHRS13,127.45260399248278,1e-323,1.5e-323,True
PMPCB,127.44139417001686,1e-323,1.5e-323,True
DCUN1D2,127.40706332022086,1e-323,1.5e-323,True
LRSAM1,127.4067632104025,1e-323,1.5e-323,True
AGA,127.40253961634896,1e-323,1.5e-323,True
BTBD3,127.39544479922206,1e-323,1.5e-323,True
GGA3,127.38873372678894,1e-323,1.5e-323,True
OBP2A,127.3797636661559,1e-323,1.5e-323,True
B2M,127.3094387172348,2e-323,2.5e-323,True
APOL1,127.30279981857193,2e-323,2.5e-323,True
ATP4A,127.30156611398931,2e-323,2.5e-323,True
MACROD1,127.2956964574257,2e-323,2.5e-323,True
FAHD2A,127.28657048676827,2e-323,2.5e-323,True
SHFL,127.28610894578203,2e-323,2.5e-323,True
CSK,127.25912194120389,2.5e-323,3.5e-323,True
RNF7,127.2412959422042,2.5e-323,3.5e-323,True
FOXH1,127.2402664137882,2.5e-323,3.5e-323,True
RMDN3,127.23639871528655,2.5e-323,3.5e-323,True
POLR3B,127.20694047652407,3e-323,4e-323,True
TEAD2,127.18424698619397,3.5e-323,5e-323,True
LAT2,127.1483447689378,4e-323,5.4e-323,True
ZRANB1,127.11723897238862,5e-323,7e-323,True
BAG4,127.11672065646053,5e-323,7e-323,True
RPL7P9,127.07108042483266,6.4e-323,9e-323,True
H2BC5,127.04657457591769,7e-323,9.4e-323,True
FASTKD2,127.04028578712001,7.4e-323,1e-322,True
PROX2,127.03521608654346,7.4e-323,1e-322,True
DAP,127.0157605136527,8.4e-323,1.14e-322,True
ZNF18,126.98746766408502,1e-322,1.33e-322,True
CDKL3,126.98065335217059,1e-322,1.33e-322,True
PDCD11,126.976568346175,1.04e-322,1.43e-322,True
SNAP25,126.86294051895796,1.9e-322,2.57e-322,True
G6PC2,126.85831627527104,1.93e-322,2.6e-322,True
LYPD1,126.84482034776946,2.08e-322,2.8e-322,True
CCDC174,126.79437417567608,2.7e-322,3.7e-322,True
RBP2,126.78833590090716,2.8e-322,3.8e-322,True
CCDC24,126.73774010792853,3.66e-322,4.94e-322,True
WNT9B,126.71554699467293,4.1e-322,5.6e-322,True
NPRL2,126.70183141686952,4.45e-322,6.03e-322,True
CCDC3,126.69289404974108,4.64e-322,6.3e-322,True
SLC2A6,126.66411065513927,5.43e-322,7.36e-322,True
RDX,126.57615890816867,8.65e-322,1.17e-321,True
UBA1,126.56900423459221,9e-322,1.22e-321,True
RMC1,126.56204651216363,9.34e-322,1.265e-321,True
NOB1,126.5044738425324,1.265e-321,1.714e-321,True
MYBBP1A,126.48431586099254,1.41e-321,1.907e-321,True
BCAT2,126.48355889875957,1.413e-321,1.917e-321,True
SLC25A3,126.483438218563,1.413e-321,1.917e-321,True
HCRTR1,126.48340586091769,1.413e-321,1.917e-321,True
LYSET,126.3772075999287,2.485e-321,3.37e-321,True
GNAI2,126.33893676214635,3.043e-321,4.125e-321,True
LLPH,126.33662870273761,3.083e-321,4.175e-321,True
BECN1,126.33609626478301,3.093e-321,4.19e-321,True
TREML1,126.29705432692198,3.804e-321,5.153e-321,True
MIGA2,126.28946088373331,3.957e-321,5.36e-321,True
MFSD12,126.28685498049845,4.017e-321,5.44e-321,True
SLC35A2,126.2826313584959,4.106e-321,5.56e-321,True
COX15,126.25835103229763,4.67e-321,6.32e-321,True
TAAR6,126.25221846922543,4.827e-321,6.536e-321,True
DNAJC5B,126.22764069748493,5.5e-321,7.44e-321,True
PDHX,126.21027606868924,6.03e-321,8.157e-321,True
PAXBP1,126.16686391387266,7.594e-321,1.0277e-320,True
CCDC122,126.16600065976411,7.63e-321,1.032e-320,True
SAG,126.1458945081109,8.49e-321,1.148e-320,True
CCDC62,126.09551410455708,1.109e-320,1.5005e-320,True
PRKACA,126.07775251518642,1.219e-320,1.6487e-320,True
ILF3,126.06966070985968,1.2727e-320,1.7213e-320,True
STARD7,126.05473370900893,1.3775e-320,1.8626e-320,True
CCDC59,126.05307472703532,1.39e-320,1.8794e-320,True
AANAT,126.05156336456871,1.401e-320,1.8942e-320,True
MYO7A,126.02588363747007,1.6057e-320,2.1704e-320,True
NEURL2,126.02253049590031,1.6344e-320,2.209e-320,True
ITGAE,126.01039587497,1.7436e-320,2.3567e-320,True
DYRK1B,125.98736919872911,1.9703e-320,2.6625e-320,True
CFDP1,125.98004664912395,2.0484e-320,2.768e-320,True
SRRD,125.9780521905252,2.07e-320,2.797e-320,True
AKNA,125.95277823964999,2.368e-320,3.199e-320,True
FAM131B,125.90058798332582,3.125e-320,4.2213e-320,True
UTP6,125.89780292769645,3.1714e-320,4.2835e-320,True
BABAM2,125.88632781583618,3.3705e-320,4.552e-320,True
SNRPB2,125.8835446752786,3.421e-320,4.6195e-320,True
UNC45B,125.86097811056226,3.8567e-320,5.2075e-320,True
HERC6,125.8190090618352,4.8206e-320,6.508e-320,True
RBBP7,125.81051395379009,5.0434e-320,6.808e-320,True
CLPTM1L,125.80849559591358,5.098e-320,6.881e-320,True
PRKCZ,125.7858082192905,5.751e-320,7.7613e-320,True
GBP2,125.74504145816807,7.1427e-320,9.6387e-320,True
RPS3A,125.74492365505705,7.147e-320,9.6437e-320,True
RRAS2,125.7361215716768,7.4895e-320,1.01046e-319,True
VPS9D1,125.70237744258698,8.961e-320,1.20873e-319,True
ALKBH7,125.70236644983106,8.9614e-320,1.20873e-319,True
VPS51,125.70139800702758,9.008e-320,1.21486e-319,True
HNRNPD,125.69110596007077,9.514e-320,1.28304e-319,True
ACTR5,125.68937679378304,9.602e-320,1.29475e-319,True
ERAP1,125.68642497140296,9.7543e-320,1.3151e-319,True
FAM86B2,125.64025233408634,1.2468e-319,1.6808e-319,True
TMEM33,125.6245796839095,1.35517e-319,1.8267e-319,True
NDST2,125.59718246406621,1.56767e-319,2.11287e-319,True
OPRL1,125.55450210656187,1.96707e-319,2.6509e-319,True
DHX37,125.55087571545289,2.00536e-319,2.7022e-319,True
SKIC8,125.5212360191914,2.3477e-319,3.16316e-319,True
FADS2,125.42621912121008,3.8914e-319,5.2425e-319,True
OTUD5,125.4196416549265,4.03e-319,5.42855e-319,True
YARS2,125.39415269732704,4.6151e-319,6.21604e-319,True
VAV1,125.38649362796868,4.807e-319,6.4738e-319,True
ELMOD3,125.35173544972213,5.7833e-319,7.7877e-319,True
SDHC,125.31976415885595,6.8555e-319,9.23053e-319,True
ABCG1,125.246625259522,1.01165e-318,1.36197e-318,True
MED20,125.23633555256936,1.068575e-318,1.43845e-318,True
FSTL4,125.23279889071462,1.088876e-318,1.465616e-318,True
PPCS,125.22922052774996,1.109805e-318,1.49362e-318,True
PAQR6,125.19595346610815,1.324714e-318,1.78266e-318,True
RAB20,125.17692008408797,1.46591e-318,1.972443e-318,True
LSM7,125.17387236933091,1.489875e-318,2.00447e-318,True
PRAM1,125.16741070374732,1.541994e-318,2.07436e-318,True
BLMH,125.16634788859517,1.550744e-318,2.085896e-318,True
H6PD,125.06434342005019,2.668686e-318,3.58924e-318,True
SMG9,125.0467944636363,2.92996e-318,3.940203e-318,True
NOP53,125.04571615957178,2.946825e-318,3.96244e-318,True
IGLON5,125.02627474151937,3.268096e-318,4.393953e-318,True
CIBAR1P1,125.02173735897144,3.347986e-318,4.500864e-318,True
TCAF2P1,125.00559825701171,3.648314e-318,4.904066e-318,True
NPRL3,124.99620481253098,3.83537e-318,5.15494e-318,True
PIAS4,124.99605578139091,3.838416e-318,5.158455e-318,True
SMG8,124.99308147365673,3.89967e-318,5.240194e-318,True
GNB5,124.97712156065053,4.24545e-318,5.70421e-318,True
TGFB2,124.88960946713983,6.76477e-318,9.08817e-318,True
CMAS,124.87375037831444,7.36077e-318,9.88777e-318,True
MCM3AP,124.87171963214449,7.440787e-318,9.994153e-318,True
EXTL3,124.86594135899588,7.67326e-318,1.0305256e-317,True
SPATA25,124.84406555109008,8.621134e-318,1.157698e-317,True
IL2RG,124.83984226817469,8.81719e-318,1.1838944e-317,True
KRI1,124.82243955599574,9.673267e-318,1.298697e-317,True
SMARCAL1,124.74414095707486,1.467744e-317,1.9703205e-317,True
TRAF1,124.7346854819663,1.5435446e-317,2.0718465e-317,True
ATIC,124.65748575346451,2.328539e-317,3.125171e-317,True
ZXDC,124.64080616872698,2.5448773e-317,3.415145e-317,True
TRMT11,124.59844310908319,3.1890915e-317,4.279186e-317,True
ABCF3,124.58728991293216,3.3843037e-317,4.540623e-317,True
TRIM16L,124.5407739100295,4.335982e-317,5.8168186e-317,True
TLX3,124.51341963599592,5.016234e-317,6.728648e-317,True
MAEL,124.49484918491811,5.5379186e-317,7.4276e-317,True
GCSH,124.49233048861555,5.6127345e-317,7.5271123e-317,True
COPS3,124.49066812129522,5.6626667e-317,7.593235e-317,True
ZNF222,124.48935549066886,5.702408e-317,7.6456797e-317,True
TNFRSF1B,124.46539394128192,6.4789378e-317,8.685875e-317,True
TMEM184A,124.4618035080383,6.6040757e-317,8.8526603e-317,True
TMEM214,124.4372452294912,7.5273347e-317,1.00891584e-316,True
UBTF,124.42507215731933,8.0317713e-317,1.0764083e-316,True
GLA,124.41240391466039,8.592667e-317,1.1514516e-316,True
RDH8,124.40976601025467,8.714303e-317,1.16762223e-316,True
SMARCC2,124.37528659560769,1.04719654e-316,1.40297485e-316,True
CHCHD3,124.35082199852441,1.1930249e-316,1.59817084e-316,True
TPT1,124.34350447159241,1.24046875e-316,1.66154277e-316,True
ITGAL,124.32825012765564,1.3455273e-316,1.8020641e-316,True
PTBP2,124.3236317269557,1.37905683e-316,1.8467661e-316,True
TIMM8A,124.31988881242599,1.4068425e-316,1.8837672e-316,True
LRFN5,124.31821522643153,1.419447e-316,1.90043477e-316,True
RTN2,124.28343469603537,1.7085395e-316,2.2872353e-316,True
INTS15,124.2784379792289,1.754653e-316,2.34870844e-316,True
BET1,124.27003961904552,1.8349816e-316,2.4559619e-316,True
GPN3,124.25126218384288,2.02814343e-316,2.7141924e-316,True
GRIK2,124.19921367772925,2.67664614e-316,3.58166517e-316,True
SHROOM2,124.16764776647955,3.1671717e-316,4.23757787e-316,True
LHX4,124.16700830139966,3.1779871e-316,4.25157925e-316,True
PDCL3,124.16060515788479,3.28834264e-316,4.3987298e-316,True
CADM3,124.14525361816794,3.56878645e-316,4.77334543e-316,True
NPHP3,124.14156636018464,3.639635e-316,4.8675701e-316,True
ERCC8,124.13318792334161,3.8058969e-316,5.08936375e-316,True
RAD52,124.11327627302443,4.23215007e-316,5.6587385e-316,True
MON1A,124.11284645927027,4.2418595e-316,5.67109526e-316,True
CXCL9,124.07205944484424,5.2723115e-316,7.0479665e-316,True
KCNK16,124.0360764777571,6.38745147e-316,8.5377315e-316,True
ALDH1B1,124.02967783801566,6.60915073e-316,8.83308985e-316,True
FECH,124.00727502153316,7.44779505e-316,9.9528356e-316,True
KCNF1,123.96925618544851,9.12177444e-316,1.218850857e-315,True
ARR3,123.9673080265716,9.2170391e-316,1.231444373e-315,True
PDE6A,123.9313588480523,1.116492017e-315,1.491527026e-315,True
OPRD1,123.93120561304521,1.11740485e-315,1.49258199e-315,True
TIA1,123.93103059075155,1.118448383e-315,1.493811294e-315,True
LRRC18,123.92264497588066,1.16960496e-315,1.56196445e-315,True
SRSF6,123.91190081622902,1.238585213e-315,1.653902837e-315,True
RPL7L1,123.89391168114345,1.363311833e-315,1.820251796e-315,True
RAD51C,123.87959859937324,1.47146667e-315,1.96444042e-315,True
ZBTB32,123.86947385366881,1.55311709e-315,2.0732172e-315,True
IAPP,123.83197616803918,1.897014276e-315,2.531998136e-315,True
IL18R1,123.82800895292937,1.937587475e-315,2.585867595e-315,True
REEP2,123.81354799611894,2.09297054e-315,2.7929314e-315,True
CPSF7,123.800895176191,2.239116614e-315,2.98762483e-315,True
PRR14,123.80052983413391,2.24348481e-315,2.9931238e-315,True
RASGEF1B,123.79777485667928,2.276700276e-315,3.03710364e-315,True
LPXN,123.77499229440423,2.570926645e-315,3.429222356e-315,True
CNOT11,123.77404160223057,2.583999024e-315,3.446279696e-315,True
SLC28A2,123.75734767242587,2.824692446e-315,3.76687809e-315,True
DNAJA3,123.73696143598266,3.14924493e-315,4.199224184e-315,True
CRB2,123.71645933316968,3.513273367e-315,4.68410688e-315,True
FBXO31,123.68288971629674,4.202425967e-315,5.602310303e-315,True
ZNF767P,123.66699800787109,4.574317316e-315,6.097413076e-315,True
CPA6,123.65801718731336,4.798861535e-315,6.396019737e-315,True
PCDH15,123.6472880643757,5.08161864e-315,6.772139527e-315,True
RALGDS,123.6465024570703,5.102965926e-315,6.799840933e-315,True
SPSB2,123.63613528271135,5.39322116e-315,7.185824013e-315,True
LSM8,123.58036866197884,7.262617955e-315,9.67550883e-315,True
PCDHB14,123.57313887371996,7.54831388e-315,1.005501768e-314,True
PNPO,123.5723464766633,7.580302427e-315,1.0096519725e-314,True
UGDH,123.57018951762322,7.6680661e-315,1.02122937e-314,True
ORC3,123.56860793557746,7.733063725e-315,1.0297725855e-314,True
POLR2H,123.52330161408109,9.84839933e-315,1.311316967e-314,True
NRXN3,123.49834371943592,1.1251708046e-314,1.498003349e-314,True
DHDDS,123.47811596671961,1.253454707e-314,1.66861168e-314,True
RUSF1,123.47591583112133,1.268261795e-314,1.6881376394e-314,True
CDC16,123.45754709188567,1.398915136e-314,1.861841159e-314,True
CLINT1,123.44985206491764,1.457573369e-314,1.9396974835e-314,True
PHKG1,123.37129563256156,2.216964826e-314,2.9499503427e-314,True
RAB9A,123.3593907138085,2.362446161e-314,3.143186518e-314,True
CDC123,123.34332475910969,2.574031726e-314,3.4243209593e-314,True
RENBP,123.31616648367235,2.9756922325e-314,3.95822904e-314,True
TCP1,123.29538249866408,3.324938721e-314,4.422307129e-314,True
RUBCNL,123.28062355994197,3.597567991e-314,4.784390476e-314,True
CCNL1,123.26830749923897,3.8421131277e-314,5.10904951e-314,True
IL18RAP,123.26579370453271,3.8940341534e-314,5.1775235284e-314,True
DNAJC25,123.2084089885351,5.2903558093e-314,7.0333069886e-314,True
RNF121,123.19349559833326,5.728935143e-314,7.615544665e-314,True
OR14K1,123.19057992330578,5.8188400384e-314,7.7342082176e-314,True
PKDREJ,123.18662689486112,5.942989861e-314,7.898357975e-314,True
BTN2A1,123.16462732085178,6.6839246525e-314,8.882102021e-314,True
ACIN1,123.16455230200923,6.686603175e-314,8.884687459e-314,True
PSMG3,123.15310289049663,7.1082471e-314,9.443903041e-314,True
CUTA,123.12362052852562,8.320502463e-314,1.10532746145e-313,True
DLEC1,123.11536286529656,8.6957014087e-314,1.1550437484e-313,True
PSMA4,123.08959009499979,9.9790875403e-314,1.3253697728e-313,True
SPATA20,123.08699992614429,1.01181127593e-313,1.34368714797e-313,True
SP140,123.07020500130133,1.10677955546e-313,1.4696441857e-313,True
DBT,122.99694080594888,1.63695458556e-313,2.17340235334e-313,True
KLC1,122.98732506162273,1.72324561447e-313,2.28772131626e-313,True
ATRAID,122.97353147139016,1.85503410503e-313,2.46240948545e-313,True
RPS25,122.95190497277218,2.08224880535e-313,2.76371619604e-313,True
ATP1A1,122.93319332243158,2.301184913e-313,3.0539701681e-313,True
ENKUR,122.9229251350865,2.4309647432e-313,3.22585162745e-313,True
RNF112,122.92166334323527,2.4474095823e-313,3.247318187e-313,True
QSOX2,122.89927251488821,2.7584545621e-313,3.6596241875e-313,True
POLR2C,122.86013466288499,3.40010653066e-313,4.5104061463e-313,True
IFI44L,122.83928223616734,3.80090593316e-313,5.0415342731e-313,True
UNKL,122.79713196590299,4.7611917269e-313,6.31456959666e-313,True
TACO1,122.77745177964628,5.28926004704e-313,7.0141571262e-313,True
ZC3H14,122.77411373029005,5.3844699271e-313,7.1396351407e-313,True
PSMA1,122.76891458080294,5.53618934706e-313,7.340007357e-313,True
ZC3H18,122.73391242086032,6.67511886036e-313,8.8490584892e-313,True
STMN2,122.72409725538992,7.0346613156e-313,9.32467626763e-313,True
CATSPER3,122.7191061935905,7.22485651783e-313,9.57573919845e-313,True
CNTN5,122.7187559125882,7.2383963125e-313,9.59263584784e-313,True
PTN,122.69959219880826,8.01916551865e-313,1.062618325506e-312,True
PCDHB18P,122.69151539578822,8.372963692e-313,1.109378794124e-312,True
FIP1L1,122.67265425335083,9.2611688296e-313,1.226927743744e-312,True
FGF8,122.620712629318,1.222523787427e-312,1.61943321508e-312,True
PPP1R3F,122.6061583763323,1.32144654521e-312,1.750281361567e-312,True
FAAH2,122.6023767074947,1.348435203054e-312,1.785833227514e-312,True
RNF114,122.60197942703628,1.35130228954e-312,1.789434821257e-312,True
STAT1,122.60048934249954,1.36211034135e-312,1.80355014285e-312,True
SIGLEC1,122.56479934551457,1.64847557368e-312,2.18248371605e-312,True
SF3B2,122.54529778197026,1.82964302701e-312,2.42207412618e-312,True
SNX20,122.50880499850234,2.223869094573e-312,2.943627556717e-312,True
DBH,122.49615200933047,2.379540336553e-312,3.14933813295e-312,True
TCF25,122.46845454646966,2.759413939113e-312,3.651704778374e-312,True
SSR2,122.43839788868503,3.240583701507e-312,4.287998649675e-312,True
BMP8B,122.42919837140786,3.404002164165e-312,4.50374527767e-312,True
LEMD2,122.40476509834174,3.87917810837e-312,5.13187788166e-312,True
S100B,122.37946137064115,4.44134021349e-312,5.87493737101e-312,True
CDKN1C,122.29468293181516,6.989614999607e-312,9.244747738707e-312,True
TACR1,122.29298884159024,7.053244113683e-312,9.32788840782e-312,True
PLCB2,122.28835600941795,7.230225395377e-312,9.56090239367e-312,True
TRAPPC9,122.2828733345876,7.445420244423e-312,9.84439181969e-312,True
ZNF157,122.27843375099647,7.624359639756e-312,1.0079887398093e-311,True
TTI1,122.26122026022318,8.35978293927e-312,1.105095842855e-311,True
SIRT5,122.25809792552478,8.500591958024e-312,1.1235871302495e-311,True
RASGRP2,122.24959409791182,8.89623925597e-312,1.1757546038036e-311,True
FXN,122.22906987198115,9.92870203942e-312,1.3120650400284e-311,True
COX7C,122.20526533031531,1.1277224651646e-311,1.4901081014527e-311,True
DDTL,122.1389521409824,1.6080270052786e-311,2.124523526756e-311,True
DNAJB12,122.13731360862053,1.622187352165e-311,2.1429985923e-311,True
PCDHB12,122.12757138045593,1.7089940159085e-311,2.25742894855e-311,True
TMC1,122.07092444497486,2.3141303711364e-311,3.0564271474084e-311,True
PEX2,122.06368995047059,2.405479961117e-311,3.1767325513306e-311,True
WASH2P,122.05143712199086,2.5684992478333e-311,3.391650096104e-311,True
TM9SF4,122.03697654703542,2.77516716617e-311,3.664151659766e-311,True
CXADR,122.02800488379262,2.9116676824843e-311,3.843959447514e-311,True
IL12B,121.97548146845197,3.856805963366e-311,5.0911686690544e-311,True
PHLPP1,121.9573321303803,4.2502749775554e-311,5.60995571406e-311,True
ADCK2,121.94601072838509,4.515803369466e-311,5.959778818146e-311,True
TEX15,121.93778177342887,4.719158734216e-311,6.227481186171e-311,True
HS2ST1,121.93581212207022,4.769176633966e-311,6.2928006048695e-311,True
PAX4,121.87468217408927,6.6154526810485e-311,8.727962276847e-311,True
RABGGTB,121.8642239905375,6.9963988246555e-311,9.229551262648e-311,True
STX5,121.82581128402724,8.5938355597723e-311,1.13356338036516e-310,True
TRPM5,121.78497501907236,1.0694028976327e-310,1.41043432979043e-310,True
TRMT10A,121.76476243337348,1.1916348366181e-310,1.57147492270286e-310,True
FGF19,121.75846717170077,1.23248711499266e-310,1.62517228412283e-310,True
UPF1,121.7182260713447,1.5288478622266e-310,2.0157378492398e-310,True
TRIM63,121.71121540576121,1.5873346150652e-310,2.0926231869299e-310,True
VWA8,121.62985807705822,2.4540920319088e-310,3.2349394966071e-310,True
GRM6,121.62586137593411,2.5071895617703e-310,3.3045723461759e-310,True
MYBPC2,121.6199874442836,2.5873194758881e-310,3.4098159041874e-310,True
APH1A,121.6128214184111,2.6885528679039e-310,3.54284572939786e-310,True
TIAL1,121.60728047854903,2.7695373415887e-310,3.6491664842107e-310,True
SLC29A4,121.55522452136084,3.66015675659724e-310,4.82213022535287e-310,True
VENTX,121.554533972774,3.67372053509645e-310,4.83947406286015e-310,True
SNX11,121.53712085045886,4.0328782313896e-310,5.3120232446925e-310,True
KHDC4,121.51099310704335,4.6387372011986e-310,6.10938421913614e-310,True
STAU2,121.45940658854559,6.1153497712381e-310,8.05326126311226e-310,True
APEH,121.45520229722942,6.2546574938546e-310,8.23581991532755e-310,True
CEP164,121.45283626168825,6.3344466149552e-310,8.3399763078622e-310,True
AQP2,121.4259614123537,7.31545122335735e-310,9.63052777253886e-310,True
EEF1E1,121.40471528899879,8.1974505428622e-310,1.0790476216807e-309,True
CHST4,121.39861197940452,8.46995250281144e-310,1.114796571542675e-309,True
DVL2,121.38794327843142,8.96823578774815e-310,1.180251375736436e-309,True
NUP210,121.3755235559416,9.58535704008605e-310,1.26132976595661e-309,True
RAB4B,121.32641795542332,1.247055431836273e-309,1.64081254148695e-309,True
SLX1A,121.30606273715978,1.390781740098244e-309,1.82972175531484e-309,True
COL4A2,121.28957909748331,1.51922839948452e-309,1.998490142002316e-309,True
PSMF1,121.28390493811615,1.566135736403734e-309,2.059971505716806e-309,True
PRTFDC1,121.28230672400342,1.579607509285753e-309,2.077465794462613e-309,True
ACTR8,121.24088030633135,1.972293723873964e-309,2.59363685406815e-309,True
CST9L,121.2340194693798,2.04616803639894e-309,2.69049234594077e-309,True
HTATSF1,121.20240396795178,2.424008061524343e-309,3.18696591342712e-309,True
MIF4GD,121.18516916848651,2.65860634687301e-309,3.49502506634797e-309,True
ABCD1,121.18363585984575,2.680546877009173e-309,3.523486146508914e-309,True
UPF3B,121.18299690253383,2.68974327224123e-309,3.5351911467102e-309,True
RGS3,121.16558251857589,2.95291059825245e-309,3.880657228102366e-309,True
GFI1,121.15821603496346,3.071845340206383e-309,4.036521324008864e-309,True
MBD1,121.13946130356567,3.396730439506514e-309,4.462948882256446e-309,True
MYH10,121.12506120854701,3.669324119876826e-309,4.82058599557244e-309,True
CCDC47,121.10422418593362,4.102971515514085e-309,5.38970748927847e-309,True
SEC14L5,121.0779278257338,4.72415253278431e-309,6.205025138412767e-309,True
ICAM3,121.0744524739443,4.812998651036545e-309,6.321036798251896e-309,True
VWA5B2,121.0551254104401,5.3384700208923e-309,7.010392546122463e-309,True
SYP,121.05074044053563,5.465463251773675e-309,7.17638058253905e-309,True
UIMC1,121.01113796517129,6.75838546266132e-309,8.873080101633327e-309,True
SLC15A3,121.0107011854264,6.774231823673754e-309,8.89292161214785e-309,True
HOOK2,121.00960867278553,6.814031105233966e-309,8.94419978967473e-309,True
ARHGEF1,121.00220909772821,7.08981843492567e-309,9.305194788671393e-309,True
KIF17,120.9848985285557,7.77940241972254e-309,1.0209149738213343e-308,True
WDR33,120.93685476985226,1.0065432355461877e-308,1.320774745755671e-308,True
TRA2A,120.9186606572832,1.109701488412508e-308,1.45598024056028e-308,True
HEPACAM,120.90101798705146,1.2198233759125494e-308,1.600292095542416e-308,True
MUTYH,120.85789262869177,1.5372480530252144e-308,2.016504804541895e-308,True
CFAP107,120.85667159622344,1.547348290197844e-308,2.029534297097843e-308,True
FRMPD1,120.84444232837326,1.65224265897009e-308,2.166881479177262e-308,True
RSKR,120.83614529235182,1.7274304073439755e-308,2.265243552339212e-308,True
TEX101,120.8172920073195,1.9112505132063467e-308,2.5060225766454663e-308,True
SNX8,120.79020066860298,2.210177426840024e-308,2.897660693073196e-308,True
LSM11,120.74062060516765,2.8835830279762366e-308,3.780122576525137e-308,True
SPTA1,120.66145658244061,4.409409781338878e-308,5.779721601361362e-308,True
TTC1,120.66066748682098,4.4281176077842604e-308,5.803615703488031e-308,True
SEMA3B,120.63572635002768,5.062165076617546e-308,6.633898925271123e-308,True
POMGNT1,120.59476897196848,6.306375495981517e-308,8.263526511975781e-308,True
DMC1,120.59067388416346,6.44648619912878e-308,8.446206842395058e-308,True
TFAM,120.56181179591962,7.526370076175366e-308,9.860008436550069e-308,True
UQCRQ,120.55403818828968,7.846977579924258e-308,1.0278913142840053e-307,True
RNPEPL1,120.52151454126508,9.34336793200968e-308,1.2237742417268649e-307,True
AMPD1,120.50479624232347,1.0220440388024253e-307,1.338506680894879e-307,True
GSTO2,120.50413172063631,1.025695540711859e-307,1.343143712272783e-307,True
METRN,120.48717845293314,1.1233977383885427e-307,1.4709254034074222e-307,True
ITPK1,120.48050163749761,1.1643843549699123e-307,1.524426736250705e-307,True
IL2RB,120.42620030497493,1.5583786852731221e-307,2.0400287713694154e-307,True
PRSS35,120.34836839231829,2.3665815529323415e-307,3.097689405533511e-307,True
CAMKMT,120.34208814662976,2.447730806770611e-307,3.203562172281726e-307,True
LRRC4B,120.3344159009007,2.550653483724364e-307,3.337905811260579e-307,True
ARSK,120.31887649866822,2.7725684835139503e-307,3.627922620591117e-307,True
LAMB4,120.3077889313874,2.9426192925726213e-307,3.850019542856483e-307,True
SLC5A7,120.29509460641009,3.1501616362815117e-307,4.121115838010413e-307,True
FBH1,120.27720320960152,3.467771994654358e-307,4.53613166280351e-307,True
PHC2,120.23398285513927,4.373547687292585e-307,5.7203436626414235e-307,True
FCRLA,120.2247047827752,4.59695199447949e-307,6.011894711088615e-307,True
EIF2B4,120.19297882565088,5.450752213394365e-307,7.127725817774162e-307,True
SEC23B,120.1760048198184,5.970935927902985e-307,7.80710660317549e-307,True
MYL12B,120.17550162070425,5.98709248379217e-307,7.827387304629927e-307,True
MRPL34,120.17379266191638,6.042290360397222e-307,7.898699854279643e-307,True
DAGLB,120.16956120969614,6.181163268524233e-307,8.079368248981105e-307,True
SQSTM1,120.14958155203922,6.881259761653975e-307,8.993491194692128e-307,True
ACTR3C,120.108728990676,8.569431628962773e-307,1.1198647068379336e-306,True
BTF3,120.09062303921567,9.444618537135215e-307,1.2341022518826461e-306,True
ZNF687,120.08831573771157,9.562387477178428e-307,1.2493561219913441e-306,True
LTO1,120.06221788899012,1.1001266476358568e-306,1.4371953036579217e-306,True
WRNIP1,120.03076722233962,1.302593738124398e-306,1.701513070424995e-306,True
TSTD2,120.01926578289793,1.3856065789493951e-306,1.8097535772033797e-306,True
BRD8,120.00723503392636,1.4781083960001815e-306,1.9303630657524455e-306,True
MRPL4,119.9469509170868,2.0433910265547467e-306,2.6683169259826178e-306,True
WNT16,119.9240165131591,2.3113324787071063e-306,3.017877241155487e-306,True
TGM6,119.90564484318188,2.5511097146046505e-306,3.3305925643982307e-306,True
PGAP6,119.86909679256419,3.1046395678915686e-306,4.0528150809801414e-306,True
WDR82,119.84516274875268,3.530713884951962e-306,4.608518758844372e-306,True
FASTKD1,119.83844135464169,3.6605613445759764e-306,4.777489730722436e-306,True
B4GALNT2,119.81104710368265,4.241089085934515e-306,5.5345550543328875e-306,True
FLCN,119.77030460311207,5.279146615169124e-306,6.888462354045224e-306,True
MIX23,119.74773449156815,5.95993779724948e-306,7.775951563691551e-306,True
POFUT1,119.7323249991142,6.47453077912016e-306,8.44643371765977e-306,True
CAMP,119.69196118486609,8.04311725085394e-306,1.0491624589998005e-305,True
SLC4A10,119.68749698728396,8.23844097792337e-306,1.0745253016396287e-305,True
ALG8,119.68641620332586,8.286438037083292e-306,1.0806691972622233e-305,True
C1orf52,119.66978463607482,9.061315561051339e-306,1.1815971087679036e-305,True
ZNF268,119.65009829058246,1.0072724990748778e-305,1.3133437919528524e-305,True
SEC61A2,119.64649998362277,1.0269446310776313e-305,1.3388495179525756e-305,True
TXNDC17,119.5408334751682,1.8123599549169162e-305,2.362558057156991e-305,True
TMEM104,119.53153007405271,1.9053168444799012e-305,2.483467826751114e-305,True
CTSH,119.51073166963587,2.1307439994672097e-305,2.7770001893927014e-305,True
WRAP73,119.451817201782,2.924866342933858e-305,3.8115706094435846e-305,True
ITK,119.43224257139556,3.2495200647822866e-305,4.234191360345145e-305,True
DNAH1,119.41582664726397,3.549417355548722e-305,4.624466593289081e-305,True
HS3ST6,119.40506791672598,3.7608299534147417e-305,4.899385351455508e-305,True
PARD3,119.35771347689573,4.851591029261706e-305,6.319684768612765e-305,True
HNRNPH3,119.34360021443403,5.234181965616394e-305,6.817315331170294e-305,True
RPS2,119.33785669275645,5.398390799549535e-305,7.030435461123707e-305,True
PDCD2,119.31811832274387,6.003016646856542e-305,7.81701233142067e-305,True
SH2B2,119.29659219300764,6.739886108707316e-305,8.775606810929119e-305,True
PILRA,119.28115168420813,7.323544992601052e-305,9.534530383450751e-305,True
ASB1,119.28063848910703,7.343788953737203e-305,9.559859288788916e-305,True
ECSIT,119.2088101724401,1.08074601834309e-304,1.4067221340443397e-304,True
STEAP3,119.20782134358151,1.0865103679835797e-304,1.4140732961882064e-304,True
H2AZ2,119.20676536992198,1.0927000996718144e-304,1.421976447474153e-304,True
MTG1,119.206131524927,1.0964323958107514e-304,1.4266802814531911e-304,True
BCAS3,119.1718162297192,1.3187320597800255e-304,1.7157529278365857e-304,True
TVP23A,119.15885015463743,1.4140083897178462e-304,1.8395159583773057e-304,True
GNPAT,119.15641106190526,1.432686083028813e-304,1.863614196638617e-304,True
PTPN7,119.10270905814984,1.9126468351104317e-304,2.487672203348568e-304,True
ZNF576,119.09342080229821,2.0106644945938403e-304,2.6148776958981366e-304,True
AFG3L2,119.09179493154268,2.0283317389037112e-304,2.637571051168289e-304,True
PRPF40B,119.06785606775468,2.307178861647608e-304,2.999852210757514e-304,True
GALR3,119.06460547092038,2.347889814326903e-304,3.052458207772492e-304,True
ASB11,119.04024536452097,2.6767465129107445e-304,3.479626941501774e-304,True
OXA1L,119.0364839953258,2.731478502349473e-304,3.5503948536865013e-304,True
CAAP1,119.02207285532204,2.951739526931458e-304,3.836280320088253e-304,True
COQ5,119.00954560504063,3.1575930991532444e-304,4.10338159819207e-304,True
LINC00467,118.99794981902373,3.360918029561302e-304,4.367139924358677e-304,True
ELAVL1,118.97750959247632,3.7517368793488715e-304,4.874443135205468e-304,True
SLC25A19,118.95037850727356,4.341581682070817e-304,5.6401943146567836e-304,True
DYRK4,118.93357057800654,4.752652331584783e-304,6.173558890213325e-304,True
NXF3,118.93048109333205,4.8323431064125865e-304,6.276402350362517e-304,True
SCAP,118.88622862849515,6.132012865695548e-304,7.96360188107579e-304,True
THEM4,118.88580337109948,6.146065536210206e-304,7.980996939468679e-304,True
SRP14,118.87706707578239,6.441993831149563e-304,8.364379736631856e-304,True
RTKN,118.87072794278025,6.665606996852322e-304,8.653795439203584e-304,True
THG1L,118.8649012248882,6.8779869894525175e-304,8.928566961463206e-304,True
BSN,118.83319949293238,8.15785366915834e-304,1.0588874845008823e-303,True
IRS4,118.82116025563752,8.704087035887024e-304,1.129667484464909e-303,True
POLR3A,118.80175932951141,9.662360084504587e-304,1.2539035322167284e-303,True
EIF2S3,118.79586902320202,9.97367620236298e-304,1.2941650923254554e-303,True
XCL1,118.7857480025757,1.0532208196368484e-303,1.3664928583579018e-303,True
ABTB2,118.73586012020432,1.377747925732551e-303,1.7873566305361712e-303,True
STAB1,118.68471550287192,1.814553376498531e-303,2.3537737859727334e-303,True
BRSK1,118.67996686789542,1.8615505853550852e-303,2.4144785144098376e-303,True
ERLIN1,118.63053910813555,2.4292470821882304e-303,3.1504582358281515e-303,True
ACR,118.62429234676695,2.5123593375073778e-303,3.2578968644912744e-303,True
KLHL40,118.61993994333203,2.571943085341339e-303,3.3348052284209765e-303,True
ARHGDIA,118.60730689042971,2.7530149535093393e-303,3.5692029161968136e-303,True
CDKN2B,118.51375660652783,4.5565165490371564e-303,5.906757951815678e-303,True
IL12RB1,118.5005603577668,4.892191533262099e-303,6.34122602290453e-303,True
GDAP1L1,118.45897614631637,6.120514257225948e-303,7.932521525295941e-303,True
FAM86C2P,118.45246791437992,6.338906022311475e-303,8.214690913241363e-303,True
SLC6A7,118.43236603761987,7.063907597394423e-303,9.15325364998559e-303,True
FAM149B1,118.38665013501453,9.036685882186084e-303,1.1708284123969615e-302,True
IAH1,118.38439317572852,9.147241788502888e-303,1.1850258091293364e-302,True
DDX1,118.37180194289304,9.789315013966359e-303,1.2680709189923082e-302,True
ATP11C,118.35992054096732,1.0436482404600324e-302,1.3517580906994886e-302,True
RANGRF,118.31930498918645,1.2989634566144294e-302,1.6822686988333455e-302,True
CUTC,118.28881805777235,1.5308858580363484e-302,1.982416234495953e-302,True
MKS1,118.22550415920077,2.1533940692875657e-302,2.788233594093556e-302,True
HCRT,118.20685655537768,2.3810576014691646e-302,3.0826850630149754e-302,True
CXCR1,118.19160243447133,2.5850839529285317e-302,3.346474549060194e-302,True
NCL,118.17961399714068,2.757631559367542e-302,3.569461800603667e-302,True
ATP2B4,118.15838867444022,3.0918635435136604e-302,4.0016623824976073e-302,True
TRIB2,118.13170446382856,3.570140188548333e-302,4.620181420474313e-302,True
RABGEF1,118.12054064245345,3.791573846896722e-302,4.906218848428915e-302,True
ISOC1,118.08190325330328,4.669527065278496e-302,6.041627397300239e-302,True
TERF2,118.04277725697794,5.76602724403573e-302,7.459528522113247e-302,True
VPS33A,118.01956601342567,6.534662449668778e-302,8.453012294833522e-302,True
RABEPK,118.01718131730838,6.619219501316589e-302,8.561478744660658e-302,True
CDK7,118.0025093952275,7.164085409754234e-302,9.265234539319409e-302,True
ERCC3,117.95133016360549,9.440674256655093e-302,1.220821989963442e-301,True
RTRAF,117.89180375127877,1.3013837166390837e-301,1.6827064973972237e-301,True
KIF7,117.88531855689665,1.347701428515457e-301,1.7424100593498686e-301,True
OR7C1,117.8693637712846,1.4687928681055978e-301,1.8987636927776536e-301,True
LYSMD1,117.84545546225807,1.6709251769997238e-301,2.159837384899835e-301,True
NEIL2,117.83475120536211,1.770225520388717e-301,2.2879490092922514e-301,True
SEC14L3,117.8228168753704,1.887912493539578e-301,2.4397948024186318e-301,True
YBX2,117.82105371687997,1.905950784404909e-301,2.4628435570361697e-301,True
ZC3H15,117.80737885930694,2.0518356204772697e-301,2.6510713484785187e-301,True
SERPINI2,117.79900356250236,2.1466467440444312e-301,2.7732763328686558e-301,True
DNPH1,117.76046044028845,2.642692333025303e-301,3.413759213654382e-301,True
UTP3,117.75888207167262,2.6652872315128128e-301,3.442579842343987e-301,True
CETN3,117.75505129359577,2.720933129693024e-301,3.5140796290367394e-301,True
NCF1,117.71930367634788,3.299605828219185e-301,4.260980275878657e-301,True
EEF2KMT,117.71427772642527,3.390287670627926e-301,4.377616866569208e-301,True
ZNF691,117.70405994181206,3.5824033867808253e-301,4.625188396480686e-301,True
CUL4A,117.70200753395872,3.6222870570012413e-301,4.676183568154318e-301,True
SLC25A14,117.69852742970814,3.6909323670944396e-301,4.7642937018335425e-301,True
SLC66A2,117.67605549266196,4.166628909667357e-301,5.377755072720156e-301,True
ARAF,117.66626540466287,4.392607175701171e-301,5.668815520477972e-301,True
ATP5F1B,117.65902333777595,4.567623801275261e-301,5.894053195556601e-301,True
RTF2,117.64904684866984,4.820203047444335e-301,6.219318929336906e-301,True
NARS1,117.60778328959827,6.0221391373435875e-301,7.769302961140802e-301,True
CATSPER2,117.60757632519775,6.02886759671774e-301,7.77715579519128e-301,True
CCL8,117.561752119857,7.719976462470609e-301,9.957603179194375e-301,True
MAN2B2,117.55932560906518,7.821720461947898e-301,1.0087764170627985e-300,True
ZNF76,117.54168104198037,8.603032122615713e-301,1.1094250573441242e-300,True
CPM,117.5245264476224,9.43743243399121e-301,1.2168977339095995e-300,True
ECH1,117.52326315540859,9.50198781228256e-301,1.2250914301264538e-300,True
MAGED4,117.50846479396863,1.0291909917536342e-300,1.3267949805421201e-300,True
PIP4P1,117.48997369457373,1.1371902501365658e-300,1.465867738425718e-300,True
NKX6-2,117.47785143826471,1.2140723602986335e-300,1.5648043754960165e-300,True
CHD1L,117.46837933770077,1.2777478983847669e-300,1.6466999813119438e-300,True
GPATCH1,117.46167942526372,1.3247947201735053e-300,1.7071501645522727e-300,True
MYO1F,117.40295989553857,1.8188006120399603e-300,2.3434843770353315e-300,True
NCF4,117.37961471573098,2.0630487863149175e-300,2.6579102335752397e-300,True
N4BP2,117.3649913346977,2.232492304552034e-300,2.875905602101993e-300,True
SPDYA,117.27013280058499,3.725477637770541e-300,4.798665383599458e-300,True
LARP1,117.26237949015481,3.8847314245134205e-300,5.003263315761972e-300,True
BTN2A2,117.24972119901399,4.159500757383653e-300,5.3565779433766746e-300,True
DNAJC16,117.24114138114417,4.35671260644757e-300,5.6099500972336355e-300,True
UNC119,117.22727404265564,4.695429360028797e-300,6.045458810649928e-300,True
CSNK1D,117.20751095299691,5.22417375580969e-300,6.725513409932568e-300,True
HESX1,117.16409872808553,6.60420413089256e-300,8.501238449047426e-300,True
ATXN7L2,117.15533054971834,6.924415148101499e-300,8.912482525513523e-300,True
TAF1D,117.15113749105365,7.082988330544124e-300,9.115615728087468e-300,True
CAPN3,117.13691006466892,7.648615017870545e-300,9.8425171174763e-300,True
TMED6,117.11011839220622,8.839286698464798e-300,1.1373509538137172e-299,True
KCNAB2,117.08006991757092,1.0396651611262222e-299,1.3375951054098985e-299,True
ZNF200,117.07766733042659,1.0532433688506916e-299,1.3549205260753563e-299,True
CRISP2,117.03166028747331,1.3503382379060443e-299,1.7369270076291456e-299,True
MSTO1,116.99393131587557,1.6555649539913407e-299,2.1293112331334785e-299,True
CEP44,116.94763553982963,2.1259550169506598e-299,2.734015140619128e-299,True
SLC13A3,116.86824818025468,3.2644863204636074e-299,4.197740869487626e-299,True
ATP6V1C2,116.84687484151311,3.6640906697002233e-299,4.7110847579662825e-299,True
NFKBIZ,116.84094155967556,3.783455932936793e-299,4.864042084957026e-299,True
SLC18A2,116.82575477343343,4.107004922421226e-299,5.279439413530234e-299,True
MDGA1,116.8219836925424,4.191547626456418e-299,5.387545364002194e-299,True
PRSS37,116.80152641472114,4.6814493100766975e-299,6.016595476754636e-299,True
HDC,116.79577563142114,4.829205471511402e-299,6.205833639951364e-299,True
TRAT1,116.77222337411283,5.484628787121824e-299,7.047346847306629e-299,True
KCNMB4,116.7514874360065,6.134957309276035e-299,7.882135930370334e-299,True
EIF3L,116.73799383819687,6.599030008759165e-299,8.477473692897266e-299,True
LRPAP1,116.73640447191922,6.655953663433793e-299,8.549694850921315e-299,True
RARRES1,116.72868715323365,6.939412750245279e-299,8.912858800431582e-299,True
DNMT3L,116.72727444379716,6.992594675872495e-299,8.980213228194342e-299,True
ITGAD,116.71736004665635,7.377474770953864e-299,9.473490378549019e-299,True
CBY1,116.7138924952151,7.517029889614847e-299,9.651672102733946e-299,True
CD27,116.71363583551165,7.527463777975127e-299,9.66404532054803e-299,True
HSPA8,116.69054798919665,8.52783006344166e-299,1.0947194326913037e-298,True
ATRNL1,116.66802377677654,9.631805542789281e-299,1.2363060862949138e-298,True
LSM6,116.6304622854641,1.1799876924372032e-298,1.5144320601083934e-298,True
MAP3K10,116.61858543248069,1.258223567486131e-298,1.614671404305196e-298,True
LIAS,116.61497323430663,1.283031730672177e-298,1.6463332951421753e-298,True
SLC35B3,116.60006662154883,1.3906922847002048e-298,1.7842899952514696e-298,True
CTNNA1,116.58667981334841,1.4950569379519935e-298,1.9179892265693793e-298,True
FBXW9,116.57629875678639,1.5813525093985295e-298,2.028482023167087e-298,True
ATXN10,116.55130960041505,1.8100729875429865e-298,2.3216278441430625e-298,True
TATDN1,116.53289175133823,1.9995748223823403e-298,2.5644145151204747e-298,True
HNRNPM,116.52338870899982,2.1049876473147184e-298,2.699318762376919e-298,True
COX6A2,116.52050743043124,2.1380334294379905e-298,2.7414048267026998e-298,True
RHBDD3,116.51748202443288,2.17329092170238e-298,2.78631756244064e-298,True
AP1M1,116.51112489968993,2.249282155819557e-298,2.8834389057576848e-298,True
CCKBR,116.4754984191478,2.727065615322753e-298,3.495557723267676e-298,True
CDHR3,116.45251693661353,3.0878731774985737e-298,3.957623034218409e-298,True
IFI44,116.42159776878317,3.649772270228162e-298,4.677295640099987e-298,True
SRRM4,116.41277680690864,3.828075162574788e-298,4.905277708322578e-298,True
SCN2A,116.3929203328244,4.261981902119621e-298,5.460706544497839e-298,True
PARD6A,116.35835431141163,5.137961723334369e-298,6.58236863350869e-298,True
DUSP22,116.35752777501273,5.160978757853515e-298,6.61115761414988e-298,True
CPT2,116.34191609322946,5.615627484244123e-298,7.192797587067547e-298,True
TMEM41B,116.29129911650575,7.3839134193977105e-298,9.456714048593666e-298,True
INPPL1,116.29081434009717,7.403298901368479e-298,9.480539750939014e-298,True
ZNF215,116.27380985863232,8.116478595982186e-298,1.0392727742737515e-297,True
SLC6A4,116.25023544560332,9.220286181522845e-298,1.1804848869076884e-297,True
RALY,116.2045867674436,1.1802686415761187e-297,1.5109532657287688e-297,True
SLC39A1,116.13479979058029,1.7216295856281238e-297,2.2037585889106774e-297,True
SLC38A7,116.05876210173619,2.5978143317774237e-297,3.324960968198282e-297,True
RIPK2,116.04487725273604,2.800506094226956e-297,3.584009171686989e-297,True
STAU1,116.00964680468334,3.388670416761431e-297,4.336267580701157e-297,True
EIF2B3,115.99763823225874,3.6161891018768105e-297,4.6269204446855285e-297,True
EXOG,115.99348024526557,3.69847869756319e-297,4.731710688323059e-297,True
TMEM74B,115.9808324495328,3.9604824157391076e-297,5.0663748251993945e-297,True
MYH7,115.96841668426093,4.2357313852973564e-297,5.417910293613438e-297,True
PEX11G,115.94820285883382,4.72539000184479e-297,6.043593332175833e-297,True
TCF7,115.91181085782151,5.7540745963834835e-297,7.358465266099862e-297,True
ZNF275,115.91124046479332,5.771865704812367e-297,7.38043840440248e-297,True
MROH9,115.90277392630219,6.042508848936559e-297,7.725692676596242e-297,True
FOLR2,115.90200882340928,6.067583029564277e-297,7.756933293016047e-297,True
BLNK,115.87952962529714,6.852608732575731e-297,8.759603823292525e-297,True
ECHDC1,115.83177530796395,8.873925603109034e-297,1.1342231775715702e-296,True
MRPS35,115.81368660465996,9.786804394468913e-297,1.250771142538241e-296,True
CNTNAP1,115.810635770939,9.949776358831997e-297,1.2714652015787632e-296,True
TMEM218,115.79308477769969,1.0941476131606064e-296,1.3980454692455856e-296,True
ZDHHC19,115.79200234139489,1.1005778850861933e-296,1.4061135247696917e-296,True
GFOD2,115.77194927303653,1.2267823442991168e-296,1.5671889111174934e-296,True
RANBP10,115.7632313563209,1.2860703916094683e-296,1.6427550355205453e-296,True
PCGF6,115.70015949858445,1.8095334834049968e-296,2.3111542393673345e-296,True
CASQ1,115.69455285989922,1.8653075104469492e-296,2.3821383946099788e-296,True
FBXO22,115.66617462565833,2.1751186739527274e-296,2.777498005441374e-296,True
UBAP1,115.64898279544961,2.3873270039291834e-296,3.0481544071655324e-296,True
EMC8,115.64629243435141,2.422360525666031e-296,3.0925596937465647e-296,True
HCN3,115.6141486864965,2.882922969540621e-296,3.6801592498706195e-296,True
TTC9,115.60871116650954,2.969075235764283e-296,3.789736759812008e-296,True
RMND5A,115.53553046216513,4.413090305592079e-296,5.632288974982858e-296,True
ACD,115.50341005949015,5.251672049081781e-296,6.701838991364286e-296,True
SNAP47,115.50279326001747,5.269246308214695e-296,6.72355828928195e-296,True
DVL1,115.49492945661045,5.498531637780109e-296,7.015387907922375e-296,True
GTF2A2,115.4871099899042,5.736419827488548e-296,7.318131040708922e-296,True
TENT4B,115.46543476001837,6.45104775291142e-296,8.228938320613726e-296,True
TAOK2,115.46428408303431,6.491382400253473e-296,8.279517829952926e-296,True
GTF2F1,115.44232140231952,7.311473613261417e-296,9.324532681741704e-296,True
ELOVL3,115.41437339151473,8.506605572731162e-296,1.0847577609157075e-295,True
RPUSD3,115.35262792877748,1.1885915869805864e-295,1.5155261614998073e-295,True
PPP2R1B,115.35135326511343,1.1968284065960875e-295,1.5258681052542882e-295,True
CEP104,115.34812977939609,1.2179141133865712e-295,1.5525875362784748e-295,True
SMYD5,115.34731211126801,1.2233215358798743e-295,1.5593168935789522e-295,True
LHX3,115.32840528164235,1.355279454029537e-295,1.7273365094885974e-295,True
ADPRS,115.25950370392376,1.9686526008588983e-295,2.508831668167742e-295,True
NRSN1,115.25322938388733,2.0367369067877196e-295,2.595324795971906e-295,True
MMS19,115.24146908024323,2.170760128625918e-295,2.7658139877237103e-295,True
SOD1,115.21241694799842,2.5408919826498415e-295,3.2370670114221103e-295,True
ROPN1,115.2051726281567,2.642629773746605e-295,3.3663259896339162e-295,True
SOX13,115.19031650789911,2.864192313821631e-295,3.6481810684192297e-295,True
PIGO,115.16519307614485,3.2819781662655086e-295,4.179884359263553e-295,True
PSMG2,115.1406887019722,3.748130924805962e-295,4.7730689222079915e-295,True
HSBP1P2,115.13905130031291,3.781542679975413e-295,4.815111383052727e-295,True
SFXN5,115.12009764749038,4.190680540466333e-295,5.335514075363185e-295,True
TAF8,115.11226474075238,4.372432520157723e-295,5.566333439335425e-295,True
ACVR1B,115.10534642821465,4.539509766992439e-295,5.778424592616018e-295,True
SCG3,115.09904801295306,4.697164011647517e-295,5.9784777561099544e-295,True
GNLY,115.0959922989636,4.7756125336010225e-295,6.077687677932975e-295,True
WDR89,115.09167139509978,4.888784053647986e-295,6.221062386974689e-295,True
RWDD3,115.07940958282867,5.224763444632988e-295,6.647904112085765e-295,True
CEP162,115.06448647113932,5.66497907055188e-295,7.20727081163202e-295,True
CCDC97,115.03839519388055,6.525655957022239e-295,8.301395897893124e-295,True
MTNAP1,115.03312485213698,6.714788380142948e-295,8.541098084374903e-295,True
MTFMT,115.01637277952672,7.3531452382986325e-295,9.352095958310357e-295,True
PSMA2,115.01162298819915,7.54494710401584e-295,9.595032395602183e-295,True
RASL11B,114.96184334924845,9.882454278663331e-295,1.2566360092935792e-294,True
ZC3H10,114.93741372140252,1.12820888569824e-294,1.4344606788791762e-294,True
RBM7,114.88637809583624,1.48789406059087e-294,1.891583828262457e-294,True
ORMDL1,114.84574926550712,1.854624108901638e-294,2.3575664270245027e-294,True
PLD3,114.82625562600595,2.0614243731324602e-294,2.6201726172917777e-294,True
ELK1,114.8178435850759,2.1576450072399013e-294,2.742186284101707e-294,True
GCNA,114.80180631549537,2.353709529523325e-294,2.9910542946725805e-294,True
ZNF428,114.79189777220485,2.4836545899848994e-294,3.1558554444231606e-294,True
RNF166,114.76951949914105,2.8041547943092297e-294,3.5627255441375625e-294,True
FAM168B,114.76067476419823,2.9419539402540775e-294,3.737409941706134e-294,True
PLAAT2,114.7434381124984,3.230263855903821e-294,4.1032441015682824e-294,True
SUN1,114.72747823583117,3.522360049754923e-294,4.4738106164217496e-294,True
GFI1B,114.7126907492407,3.8165306398141426e-294,4.8469339356550065e-294,True
SETDB1,114.71189648104145,3.83300904879539e-294,4.8673513188243996e-294,True
OSGEPL1,114.70705522444342,3.9349992758365414e-294,4.996340339550702e-294,True
TMEM145,114.70181227028905,4.0485162317634205e-294,5.1399365062249876e-294,True
CNR1,114.6977085424849,4.139648187237589e-294,5.25508590697393e-294,True
KBTBD4,114.68846414327005,4.352528545944816e-294,5.524748799365766e-294,True
MDC1,114.68790287144034,4.365800625464035e-294,5.541015095997805e-294,True
BAG2,114.67968459757982,4.564834669155739e-294,5.793019876413931e-294,True
NEK4,114.60576135339346,6.816972378760185e-294,8.650197757283677e-294,True
TTC31,114.59852229948586,7.090034495626617e-294,8.995750277997263e-294,True
TAAR1,114.58395431110782,7.673163380624692e-294,9.734598273148353e-294,True
VARS2,114.51981023133067,1.0867411865001056e-293,1.3785555318914063e-293,True
PIGT,114.50571620956211,1.1731140704396377e-293,1.4879657593250275e-293,True
C1QL2,114.44675531053466,1.6154647253810928e-293,2.0488243775967365e-293,True
MED4,114.44628675350747,1.6195778210545275e-293,2.0538259594960753e-293,True
CLDN19,114.42708572463137,1.7974529080482538e-293,2.2791552459582566e-293,True
KCNQ4,114.42017707876428,1.866126959955724e-293,2.3659858810358004e-293,True
CDK4,114.36151940280554,2.565698365663463e-293,3.252603596378634e-293,True
RAD9B,114.34288175117551,2.838836009490671e-293,3.5984910704847766e-293,True
IL21,114.34252886226257,2.844278957499756e-293,3.6050135427448807e-293,True
FBXL15,114.33639280197048,2.940607903369969e-293,3.726717094056536e-293,True
PRDM15,114.33318791090362,2.992211462705742e-293,3.791719355103387e-293,True
KCNJ5,114.3228090657478,3.1656254103171675e-293,4.0110495687116866e-293,True
NFKBIA,114.29267724947236,3.72816705463402e-293,4.7233320481055176e-293,True
MYL7,114.27349551112968,4.1373134555877865e-293,5.24114470776833e-293,True
PKD1L2,114.23388089908322,5.130022969413285e-293,6.49802909459016e-293,True
CD96,114.20220870021974,6.09254828442484e-293,7.716421513300378e-293,True
UGGT1,114.18844548045104,6.56526933472458e-293,8.31427025444331e-293,True
YWHAH-AS1,114.18163099324757,6.812732892331991e-293,8.626757350971314e-293,True
CAND2,114.17577816460056,7.032710030109205e-293,8.904377583557948e-293,True
CSNK1G2,114.13802195319833,8.63292347629903e-293,1.0929326201534917e-292,True
C16orf92,114.11669371628562,9.692951226982639e-293,1.2270045402410563e-292,True
NUP42,114.10823879758179,1.0148356468799407e-292,1.2845189215285205e-292,True
SORBS3,114.06724879448937,1.2678534090805114e-292,1.6046062878339905e-292,True
UQCC1,113.99754836686824,1.8512778438478573e-292,2.342748723574875e-292,True
SNRNP200,113.95657597785366,2.3127205278912886e-292,2.9263881251668267e-292,True
ZNF618,113.9513906236095,2.378787428940826e-292,3.0096713509676125e-292,True
C17orf75,113.94092490611584,2.517938284606872e-292,3.185394269046598e-292,True
GDPD5,113.92416824932812,2.7578861897753353e-292,3.488583574293709e-292,True
SELENOO,113.90107945593081,3.126424792436849e-292,3.954353227662718e-292,True
SLC16A10,113.83799689781331,4.404389827025802e-292,5.570163117705454e-292,True
COG1,113.83743640054904,4.41782260234388e-292,5.586568494222045e-292,True
CARS1,113.82249486059536,4.791418492904578e-292,6.058368099612944e-292,True
PPP4C,113.81307802283989,5.042947338729138e-292,6.375741305806696e-292,True
APTX,113.75440048505371,6.93666778181043e-292,8.769036067484204e-292,True
CFAP141,113.71809317345914,8.449595547896423e-292,1.0680500232700776e-291,True
IFTAP,113.68164114566142,1.0300736130603885e-291,1.3019030692855833e-291,True
STATH,113.63936923675267,1.2961153963654792e-291,1.6379806958655484e-291,True
GPR12,113.62982429190755,1.3651296910726711e-291,1.7250184629607963e-291,True
AHRR,113.59361762025625,1.662038585266631e-291,2.099982460975829e-291,True
ZSCAN9,113.58332428121128,1.7576805806202145e-291,2.220594476110291e-291,True
DLL3,113.54615712113736,2.151206163986271e-291,2.717478232580406e-291,True
MX1,113.53678503930354,2.2636436173958795e-291,2.8592151641213767e-291,True
AFDN,113.53350520118467,2.3043653126844243e-291,2.9103476057887676e-291,True
MKKS,113.49352525465031,2.8637995186609274e-291,3.616520238067274e-291,True
CD244,113.47336140307269,3.1955927047331623e-291,4.03510153820577e-291,True
FXR2,113.44437546765539,3.741046756026564e-291,4.723358897672535e-291,True
RTEL1-TNFRSF6B,113.38454997006356,5.179227145936719e-291,6.538491091756395e-291,True
GP6,113.35825871651214,5.9752216653534124e-291,7.542605126253678e-291,True
HHIPL2,113.34719136118628,6.345873904186489e-291,8.009650506721014e-291,True
NEUROG3,113.3416838294157,6.538808193986421e-291,8.252309518740593e-291,True
MVK,113.33069515727558,6.941462557117406e-291,8.759567886464418e-291,True
MNAT1,113.31104880210732,7.72417107468055e-291,9.746268529954993e-291,True
CBLN2,113.2850116275698,8.899165066121497e-291,1.1227693477469276e-290,True
PSKH1,113.2801056579296,9.139807246170273e-291,1.1530101304826314e-290,True
EIF4A1,113.25284740590047,1.0600399770172177e-290,1.3371284704893562e-290,True
SLC14A2,113.25069570576234,1.072518504553919e-290,1.3527280524609933e-290,True
RABGGTA,113.24588639779356,1.1009433588728505e-290,1.388434810263909e-290,True
XAGE2,113.19186858033153,1.476959903355104e-290,1.862447513624318e-290,True
RBFOX1,113.15796835553154,1.7760537758040305e-290,2.239372152100734e-290,True
POMT2,113.13251828537034,2.0397821888890544e-290,2.571631793417901e-290,True
NME7,113.11048849392307,2.2994983498324525e-290,2.898764454728472e-290,True
CELF3,113.09941565780905,2.442279990678712e-290,3.078435899657622e-290,True
RAB1A,113.08916367293494,2.5823720445437443e-290,3.254680175084141e-290,True
CLEC4E,113.08063630548814,2.7050020640176406e-290,3.408881902486936e-290,True
TM9SF1,113.07435810399967,2.7989953570299656e-290,3.526966914544412e-290,True
STK11IP,113.07394600510605,2.805278094167731e-290,3.534516272477002e-290,True
CCDC144BP,113.07288495050636,2.8215196161990144e-290,3.5546103499859125e-290,True
BTN3A3,113.07155455109933,2.842016966088011e-290,3.5800612764126437e-290,True
KIN,113.05894515601413,3.043839224808239e-290,3.8338964134585904e-290,True
ATG2A,113.04487120313102,3.286080605680732e-290,4.138583802811619e-290,True
FAM86FP,113.04449180846179,3.292871074401223e-290,4.14670508662909e-290,True
EN2,113.03403883683868,3.485583514385751e-290,4.388931480355674e-290,True
CHI3L1,112.98687093483542,4.5054789412751573e-290,5.672560835701855e-290,True
MRPS31,112.94577921780237,5.634499513710986e-290,7.09330180758174e-290,True
TSPAN16,112.94236507775595,5.740166747424657e-290,7.225576460257704e-290,True
XIRP2,112.92092758635528,6.450482437860842e-290,8.118860773725379e-290,True
TAF6,112.86906594597636,8.554131612037363e-290,1.0765488309916623e-289,True
SIGLEC11,112.84581207067876,9.708322691677568e-290,1.2216784767830945e-289,True
MKRN2,112.80507533762069,1.2118384702142556e-289,1.5247982080067684e-289,True
RPL3,112.75194168734245,1.6183116298287698e-289,2.036032545592563e-289,True
YWHAE,112.69583837334947,2.1964119584232624e-289,2.7630661851397663e-289,True
GALE,112.6666397882924,2.5748793782977854e-289,3.2388386244397377e-289,True
CD40LG,112.64935979538352,2.8289090588807582e-289,3.5580032799079222e-289,True
LMBR1L,112.62634030515545,3.206677881045287e-289,4.0327159740669128e-289,True
CHPF2,112.60582243412311,3.5857320044702656e-289,4.5089464064510955e-289,True
COMMD3,112.59978762169942,3.7055257961156924e-289,4.659100062287566e-289,True
GRAP2,112.56549144598111,4.466440139867685e-289,5.61524449030036e-289,True
DHX57,112.53284511169413,5.335511322464156e-289,6.707152157099502e-289,True
ALG1,112.48410672293885,6.957607093390777e-289,8.745345622779242e-289,True
ADCK1,112.4685835479222,7.571466194215357e-289,9.515947455290674e-289,True
TRIM25,112.4347273848629,9.104800632041917e-289,1.1441881947088131e-288,True
MOCS3,112.42607745676366,9.544069557187081e-289,1.1992662088962559e-288,True
POLM,112.41452759287976,1.016383596009125e-288,1.2770109816358431e-288,True
SDHAF4,112.39758160265856,1.1146759314300721e-288,1.400362901937541e-288,True
IGF2,112.3790005049101,1.2334154910542694e-288,1.5493743608870315e-288,True
ZMYND15,112.36988685449246,1.2961994035685188e-288,1.6280726525808295e-288,True
HK3,112.33165451837749,1.5963623779546052e-288,2.0048803093209414e-288,True
AKAP4,112.31564191147838,1.7418872319934693e-288,2.187419147024224e-288,True
NSMCE2,112.2791129393052,2.1254847988179477e-288,2.6688550581387158e-288,True
SUPT7L,112.2501834570185,2.488384915038007e-288,3.1242052760321824e-288,True
OPN4,112.24049726425599,2.6232523103498294e-288,3.2931922645050364e-288,True
AMELX,112.20431208700619,3.1950407801269182e-288,4.0105917300091644e-288,True
CFAP410,112.19568974872284,3.348752090320534e-288,4.2026915580774356e-288,True
CD72,112.19568873199168,3.348770645064342e-288,4.2026915580774356e-288,True
OCA2,112.19367619012438,3.3857006591402635e-288,4.24859869462715e-288,True
PHGDH,112.19306185780144,3.39705457203806e-288,4.2624050845922126e-288,True
EDC4,112.13594228714251,4.63763954367665e-288,5.818408874813532e-288,True
ATP1B4,112.11519893130502,5.1927487555565544e-288,6.5141778345085955e-288,True
PSMA7,112.09198895186127,5.893027391544673e-288,7.391895492581182e-288,True
PPM1G,112.06854761983165,6.696219015696996e-288,8.39850666407439e-288,True
CUL1,112.06845865348846,6.699467102345054e-288,8.401711174697574e-288,True
NCKAP5L,112.06035996584066,7.001842472032773e-288,8.780007701042854e-288,True
MTPAP,112.06008982460747,7.012160497068941e-288,8.792036568625331e-288,True
CWC27,112.01107752908084,9.159782813120695e-288,1.148359574523209e-287,True
GRIN3B,112.00019066179418,9.719871779927501e-288,1.2184517654217287e-287,True
AGBL5,111.99601826357875,9.94349581635115e-288,1.2463556642106157e-287,True
IL33,111.98517058089672,1.0549269775382973e-287,1.322148968333255e-287,True
KCNN1,111.94222434476364,1.3332398330470635e-287,1.6707880963709815e-287,True
MYBPC3,111.92819238078079,1.4392432282136067e-287,1.803442879099167e-287,True
LHCGR,111.85254192581985,2.1741013198654844e-287,2.723974800972548e-287,True
CDH23,111.83524811419814,2.3891106591574352e-287,2.9930549204533307e-287,True
UQCRC1,111.80072225228486,2.8840773044933664e-287,3.6127710122009495e-287,True
RPP38,111.79505944061074,2.974535323650585e-287,3.7256992346861326e-287,True
PSMD3,111.77165486574698,3.379510486624765e-287,4.232506056293563e-287,True
NUDT5,111.7491005318595,3.82187881066017e-287,4.7860346015312584e-287,True
PGAP3,111.74773376001437,3.850475593507925e-287,4.821347499690431e-287,True
BAG1,111.74463671489745,3.9160691775572444e-287,4.902973618090159e-287,True
ZNF362,111.72900267251589,4.2646500665476445e-287,5.338850367312872e-287,True
KDM5C,111.7105349373724,4.7166116891445126e-287,5.904044495643307e-287,True
TPRKB,111.70356968746414,4.899253687308248e-287,6.132034403464179e-287,True
MPG,111.68235336293499,5.500346611699137e-287,6.883667316437843e-287,True
SREBF1,111.6436560658821,6.793077914044548e-287,8.500639049659132e-287,True
BAIAP3,111.61931289305207,7.757836160649167e-287,9.706904411580223e-287,True
MAPK8,111.61264756869389,8.045121146331972e-287,1.0065327540080107e-286,True
AAR2,111.6067300534326,8.309080592997032e-287,1.0394496898690404e-286,True
PRDX1,111.57604074409974,9.823532652184368e-287,1.2287778640984305e-286,True
ATAD1,111.53317318157173,1.2412071935165806e-286,1.5524054477721823e-286,True
MTUS2,111.53301704348483,1.2422650725219612e-286,1.5535682666987737e-286,True
ZNF473,111.51840733847018,1.3453474918170043e-286,1.682308881349879e-286,True
IPO5,111.47452914807509,1.7092949103245696e-286,2.1371916351680697e-286,True
SUPT6H,111.47116330869643,1.7409797280720045e-286,2.1765837730702186e-286,True
RNH1,111.4652546730011,1.798029163120426e-286,2.2476755197840366e-286,True
NASP,111.39709464243273,2.608206142748667e-286,3.2601232070941784e-286,True
PYHIN1,111.33171929246667,3.726544791029322e-286,4.657508604686817e-286,True
LRRC42,111.32193531685328,3.930969764972603e-286,4.912496442370916e-286,True
ZRANB3,111.31554586917818,4.0704873187694956e-286,5.086325871366233e-286,True
HYAL2,111.31190620047518,4.152165115799107e-286,5.187852559649224e-286,True
PARP12,111.30956513389442,4.205565347024398e-286,5.254031035414795e-286,True
KAT14,111.29757922841445,4.489921452210705e-286,5.608700313653974e-286,True
BPNT1,111.29219262028674,4.623902827281639e-286,5.775471413942096e-286,True
SOHLH1,111.26571761494097,5.342868331384045e-286,6.672805472186008e-286,True
ARL4A,111.22279577306588,6.753644970816136e-286,8.433881151358113e-286,True
TYROBP,111.20539527683827,7.426693775937356e-286,9.273422121128207e-286,True
NFYB,111.15726125881432,9.658955940828265e-286,1.2059518376220024e-285,True
CST4,111.14069471529011,1.057340539960299e-285,1.3199878501955453e-285,True
PNKP,111.13369042225663,1.0985623714621269e-285,1.3713081110970963e-285,True
PCDHB3,111.10730023736461,1.2688427275247159e-285,1.5837017651415367e-285,True
SLC25A11,111.10258434615005,1.3019419794824552e-285,1.6248471816417505e-285,True
UFD1,111.08822017161106,1.4081767737214244e-285,1.757249212585043e-285,True
BMX,111.08677645315313,1.419322529217343e-285,1.7709755737696998e-285,True
ZNF221,111.0051344565301,2.216756573883351e-285,2.765698146213872e-285,True
FCGR3B,111.00245553291383,2.2494291627937272e-285,2.8061727190887684e-285,True
CTSG,110.9823433064399,2.5106076673743216e-285,3.131671757965788e-285,True
HDAC6,110.97951029194765,2.549757926076226e-285,3.1801796048869238e-285,True
NMBR,110.9791276490898,2.5550923849573675e-285,3.186505132762676e-285,True
KIF25,110.94447670827444,3.087477995532942e-285,3.850057428438466e-285,True
PDZD9,110.93438256232629,3.262493862205967e-285,4.067882184495035e-285,True
SCT,110.9090611846142,3.746453110571641e-285,4.6708325214799374e-285,True
CD48,110.9020586752332,3.892539645374382e-285,4.852464580545892e-285,True
METTL2A,110.88354317497355,4.306854800190576e-285,5.3684003997851064e-285,True
KCND1,110.8765164779206,4.475392667004229e-285,5.577905604505991e-285,True
GRIA3,110.8718205408522,4.5916886192976375e-285,5.722262716472289e-285,True
KPTN,110.8519523628676,5.118132037824649e-285,6.377672344008059e-285,True
MACROH2A2,110.80646357138502,6.562122285300009e-285,8.176179087512253e-285,True
SELENOS,110.73557570622525,9.666306906172193e-285,1.204264874785399e-284,True
CIAO1,110.72028171734584,1.0508869021813476e-284,1.3090998898615039e-284,True
UBALD1,110.69851272731817,1.1836396453056854e-284,1.4743197472662885e-284,True
IL34,110.69196799706334,1.2267392842818754e-284,1.5278468718858412e-284,True
STK16,110.66635389078438,1.4110573917650576e-284,1.7572259814029206e-284,True
PDC,110.63677365384366,1.6586466511034138e-284,2.065343061599957e-284,True
LAP3,110.58409793560824,2.2120255504617884e-284,2.7541263067684674e-284,True
MYLK3,110.55995816564024,2.5240314117797658e-284,3.1422726480018814e-284,True
RTCA,110.53592162544761,2.878437934521922e-284,3.583120213829815e-284,True
CLN6,110.50765144358914,3.3594856946350355e-284,4.1815058620357225e-284,True
ARFGAP2,110.42588391895512,5.2531040513674283e-284,6.537795411773713e-284,True
ATP13A1,110.41158731566257,5.680203637237982e-284,7.068620109906459e-284,True
TIFA,110.40869449339357,5.770761779078039e-284,7.180576297062614e-284,True
COPZ1,110.40327876594382,5.944198858917013e-284,7.395625430338915e-284,True
TTI2,110.37310709469153,7.010376298659738e-284,8.721241942975508e-284,True
GRIP2,110.34179960224574,8.319376590620031e-284,1.0348638587121192e-283,True
RECQL5,110.32942652934746,8.901756598161495e-284,1.1071936536313734e-283,True
RGSL1,110.32566533318148,9.086745202409299e-284,1.1300864403776087e-283,True
NXF1,110.30577531580536,1.0130878136041845e-283,1.2598123180662622e-283,True
MYLK2,110.28556085160604,1.1315094367759227e-283,1.4069296740791605e-283,True
ZNF541,110.2815061925387,1.156880660165347e-283,1.4383289602589062e-283,True
COQ6,110.17722349581818,2.0464419221369447e-283,2.544043583237006e-283,True
NXPE4,110.1761540343751,2.0584486995962632e-283,2.558707458624477e-283,True
ZSCAN5A,110.1693729797807,2.1362364045871825e-283,2.6551274168364424e-283,True
TOR1A,110.15766515052437,2.27752544346933e-283,2.830445296876689e-283,True
ABCA7,110.15646224400535,2.292561417766085e-283,2.8488395188273174e-283,True
NDUFAF7,110.14281338212699,2.4702846040530243e-283,3.0693716656755596e-283,True
PIGU,110.11267626919708,2.9130473934344516e-283,3.619141181020029e-283,True
TOP3B,110.01925079479055,4.856638344940145e-283,6.03322094869486e-283,True
UBE3D,109.97725529251281,6.111302824827313e-283,7.591065974234725e-283,True
CDH15,109.93704832268172,7.615332576867475e-283,9.458305481228232e-283,True
PPP1R7,109.92680176850381,8.054559037457378e-283,1.0002803468093262e-282,True
LUC7L,109.90456019512645,9.097136575500539e-283,1.1296403356711486e-282,True
NGB,109.89085769059827,9.80558268671174e-283,1.217487179435826e-282,True
DFFA,109.81280979623915,1.5031307203209068e-282,1.8661358656011914e-282,True
AGPAT3,109.80517034052191,1.5673194578770009e-282,1.945626878482847e-282,True
ZNF831,109.75617830287368,2.049411623576093e-282,2.5438222098084574e-282,True
CRTAM,109.74874930156155,2.134477225399328e-282,2.6491382129917736e-282,True
WIPF3,109.74532660446788,2.1748485242872225e-282,2.6989674254104944e-282,True
IK,109.73142855150192,2.346779441067962e-282,2.9120340244268437e-282,True
KCNE2,109.72297918537629,2.457884376430433e-282,3.0495879642875856e-282,True
USP49,109.70205932165749,2.756143199281246e-282,3.4192987270174256e-282,True
PPA2,109.6909283802527,2.9293290855807627e-282,3.633782969239664e-282,True
PRORP,109.6893282070527,2.955105501068954e-282,3.6653830844119366e-282,True
ALKBH5,109.67636773785337,3.1724171033259575e-282,3.934524260949177e-282,True
LGR6,109.64633558637574,3.739412084564867e-282,4.637253533411285e-282,True
BTN1A1,109.61266305421844,4.496530294978067e-282,5.575587176322026e-282,True
IER3IP1,109.59194897269394,5.036613930278549e-282,6.244638852698842e-282,True
ZNF3,109.53416345814502,6.911481628951094e-282,8.568314615069049e-282,True
TNR,109.5143474138927,7.703772851002913e-282,9.549558697193713e-282,True
EMC10,109.45142495515212,1.0873655503468773e-281,1.3477551330577553e-281,True
HEXB,109.41359022311055,1.3377671973788726e-281,1.6579505128950714e-281,True
CLC,109.39680439843845,1.466608970261615e-281,1.8174436656625738e-281,True
RRP9,109.38813500519939,1.5379402934770085e-281,1.905643691866329e-281,True
MRPS12,109.38027585481498,1.60559967855341e-281,1.9892762983876162e-281,True
SSB,109.36548142587299,1.741147700530569e-281,2.1569946270650544e-281,True
DHRS7B,109.32594922605826,2.1621900572468402e-281,2.678322897398957e-281,True
ADCYAP1,109.29519461925689,2.5590132265108978e-281,3.169547188287024e-281,True
NR1H2,109.29183087381101,2.606613297854992e-281,3.22817392691032e-281,True
C16orf46,109.275816568851,2.8456634742214187e-281,3.5238668540721256e-281,True
DDA1,109.25550464075376,3.1806694616681316e-281,3.9383120750093044e-281,True
MAEA,109.24531957037958,3.363225511496903e-281,4.163928061522363e-281,True
SLC10A4,109.22869793826975,3.683931394537275e-281,4.560520462069122e-281,True
ZNF337,109.21442090935845,3.983716781185539e-281,4.931135997297161e-281,True
MAGT1,109.20714684602488,4.14571884848722e-281,5.1311419115133835e-281,True
PDZD11,109.19338713092799,4.4704057634342814e-281,5.532440904987275e-281,True
FDFT1,109.18908452568193,4.577064122360303e-281,5.663859870483013e-281,True
MYF5,109.15586363628805,5.49103647517787e-281,6.794155777493737e-281,True
INTS1,109.12404962547956,6.536989693789597e-281,8.08750653889748e-281,True
COX17,109.11474694709139,6.878928774368353e-281,8.509682069894191e-281,True
PRXL2A,109.10501968081815,7.2556257673811e-281,8.974764852264663e-281,True
IMMP1L,109.10223770342584,7.367106765000108e-281,9.111730252559057e-281,True
JAML,109.07241396129875,8.675413054459195e-281,1.0728765256698056e-280,True
MMP25,109.0054063299431,1.2525965302614803e-280,1.5489110619024445e-280,True
SSX2IP,108.97034840002324,1.518026786551983e-280,1.8769400965507078e-280,True
UNC45A,108.942806770387,1.7654530824193322e-280,2.182643780223064e-280,True
RAB40B,108.91529388778662,2.0529001848566612e-280,2.537758111445283e-280,True
FBXO2,108.9037276855127,2.1873054015612935e-280,2.703631699574386e-280,True
FITM1,108.8756350265662,2.551564193199358e-280,3.153554358682975e-280,True
FDPS,108.86228095789562,2.7454135984983473e-280,3.3927927047606245e-280,True
MYF6,108.805119080324,3.756138415029221e-280,4.64137715259778e-280,True
DNAAF6,108.73144420999513,5.626304763499428e-280,6.95159171778005e-280,True
GRB7,108.72420254554805,5.854273785343731e-280,7.232522098036762e-280,True
CFAP52,108.71936891015476,6.011556948026777e-280,7.426076971770162e-280,True
BCKDK,108.67555108961757,7.644827770464524e-280,9.442694338044729e-280,True
ENOSF1,108.64761103464322,8.911065326331802e-280,1.1005596931818043e-279,True
MOV10L1,108.64030487501005,9.275466225477302e-280,1.1454482639082708e-279,True
PRPS1,108.6381554680526,9.385480654403298e-280,1.1589161301077394e-279,True
HIGD2A,108.610439525615,1.0926702435043798e-279,1.349088275795487e-279,True
IGLL1,108.55907337744596,1.4483609013376537e-279,1.7880670990951256e-279,True
KHDRBS3,108.55755908878194,1.4604442849193608e-279,1.8028009798159363e-279,True
VCP,108.48427514546547,2.18331252067213e-279,2.694849238935705e-279,True
PPOX,108.43955029275334,2.790641518431947e-279,3.4441210024874834e-279,True
CDC23,108.43519509605628,2.858142107274506e-279,3.527068983445135e-279,True
ILKAP,108.42779640582954,2.976578597678193e-279,3.6728507492930634e-279,True
MYL12A,108.40896282808924,3.3006929286503807e-279,4.072366379755717e-279,True
HNRNPA2B1,108.40593878102699,3.3559289227359266e-279,4.140094687706585e-279,True
ZCCHC17,108.40364938131286,3.3983603289314122e-279,4.1920142370313e-279,True
WDCP,108.38834267652557,3.696177324968617e-279,4.558919569929749e-279,True
GBA1LP,108.37395563405258,3.99986297411748e-279,4.9329879918864686e-279,True
KLHL22,108.36924826368275,4.1045503925716884e-279,5.061582895091964e-279,True
ELAVL4,108.36571567183455,4.184908194514392e-279,5.160152287041344e-279,True
COMTD1,108.36273591560597,4.2539127056783316e-279,5.244704009177455e-279,True
MAST1,108.34443294017974,4.7034547624129914e-279,5.7983604830642e-279,True
NUTM2F,108.33934431179459,4.8366747823542335e-279,5.961986141112265e-279,True
UBTD1,108.33638151884375,4.915972414260819e-279,6.0591171942724605e-279,True
PLEKHA8P1,108.29390790328426,6.206690666040412e-279,7.649197260445492e-279,True
HARS2,108.2707752285339,7.047064731773222e-279,8.684001085549965e-279,True
MYCBPAP,108.26901982897172,7.115300066950867e-279,8.767195305100469e-279,True
TAF12,108.26693442430631,7.197222769443455e-279,8.86723593974932e-279,True
CYP11A1,108.24670691034814,8.042471121292957e-279,9.907605176048093e-279,True
DKK4,108.214254900352,9.61086286613058e-279,1.1838520441340808e-278,True
PLBD2,108.189610140459,1.1003330027150588e-278,1.3552364010274277e-278,True
RDH10,108.18241449541425,1.1446734016526162e-278,1.4097054734159314e-278,True
NSDHL,108.16499787022622,1.2595375583004766e-278,1.5510071395487988e-278,True
EFNB3,108.10256849927242,1.7745308275839787e-278,2.1849530413380385e-278,True
SDC3,108.10208065187928,1.7792909246897075e-278,2.1905915690725813e-278,True
DACH2,108.01273409710821,2.906282700686234e-278,3.577735238927443e-278,True
QRSL1,107.99795083360533,3.1520946757288355e-278,3.8799443195760505e-278,True
DCD,107.99262687649018,3.2456248665269054e-278,3.994665918574388e-278,True
LCT,107.95499718646924,3.990789651060701e-278,4.911304786818053e-278,True
PCBP4,107.93874993225228,4.3633133261707187e-278,5.369209637584149e-278,True
CHTOP,107.80406739671454,9.144176213642747e-278,1.1251086486173099e-277,True
HAS1,107.74437316289732,1.269375251239333e-277,1.5616935751063832e-277,True
CYP26A1,107.68576462878856,1.7517016068196468e-277,2.1548738459374629e-277,True
HDHD3,107.67170293752669,1.8924343693966386e-277,2.3277614841020855e-277,True
PTGES3,107.65568903641446,2.066530828138264e-277,2.541648406928981e-277,True
TMEM63B,107.64463701286058,2.1959421257898015e-277,2.700538748992997e-277,True
ANAPC5,107.63162641865335,2.3587141370598337e-277,2.9004192300100736e-277,True
TBX19,107.62403508073682,2.459207027724275e-277,3.023684713467254e-277,True
FZR1,107.61875005066537,2.5316874721368475e-277,3.112486362803536e-277,True
BUD13,107.59685131059484,2.8555001976956547e-277,3.5102295301152747e-277,True
TSC22D4,107.58731514787614,3.0091622068588867e-277,3.6987491656401767e-277,True
BAX,107.48677723389468,5.229502441512974e-277,6.427256270507987e-277,True
CC2D1B,107.47170294059475,5.681345475042729e-277,6.981880560469177e-277,True
USP22,107.39013946039273,8.896244419040836e-277,1.0931604140660215e-276,True
MIDN,107.38351231921445,9.226397277092057e-277,1.133614309678795e-276,True
DNAJA2,107.35854257280943,1.0584272820424759e-276,1.3003198046943238e-276,True
SMPD4BP,107.34509071077333,1.1396876081769739e-276,1.4000094432834694e-276,True
ARL8A,107.32577351107405,1.2674161208910729e-276,1.5567553163888525e-276,True
TESPA1,107.31108912860411,1.3740091641888776e-276,1.6875115590980317e-276,True
PPP1R35,107.30057052728351,1.4558330495327053e-276,1.7878237490057193e-276,True
SLC7A14,107.27786734512709,1.6494382466458043e-276,2.02537382757703e-276,True
HSP90AB1,107.26295871416612,1.790380003050131e-276,2.1982159826773716e-276,True
CLPB,107.25832996226515,1.836543250946358e-276,2.2546665270378525e-276,True
TRIM21,107.20240006877883,2.498039397587714e-276,3.0664540331704576e-276,True
XRRA1,107.18459146154667,2.7551237719418527e-276,3.381694042474599e-276,True
NOX1,107.17964470646247,2.831120458217433e-276,3.4746220709235316e-276,True
GJD2,107.16044261027457,3.1465236473099072e-276,3.861324119527303e-276,True
OSM,107.15133689412639,3.3081453416663934e-276,4.059250716841788e-276,True
OPRM1,107.1204594030369,3.920610924666578e-276,4.810288019110148e-276,True
PLEKHA5,107.09437025765864,4.525706878524024e-276,5.552132251944967e-276,True
USP5,107.0619688613203,5.408846652175652e-276,6.634895680800775e-276,True
SAAL1,107.01838891700142,6.874478308297377e-276,8.431895786014449e-276,True
COX7B,107.0171827829786,6.92025257622772e-276,8.487181478048605e-276,True
HECW1,106.9738023717469,8.78595295306041e-276,1.0774235882346818e-275,True
COQ4,106.9655988772541,9.19165786807926e-276,1.1270612651917539e-275,True
SGSM3,106.93646276747398,1.0790130459731328e-275,1.3229287087373637e-275,True
MTMR4,106.9311898330872,1.1107823451511493e-275,1.3617418677105817e-275,True
ALS2,106.92874530834992,1.1258263415983508e-275,1.3800451929270106e-275,True
RTBDN,106.87857960615493,1.483794631256857e-275,1.8186611243777172e-275,True
NDST3,106.86813924799776,1.5715528322431154e-275,1.9260300710192137e-275,True
RPUSD1,106.76336374689804,2.797671936969636e-275,3.428364255958949e-275,True
ADD2,106.75523831128059,2.925653157173682e-275,3.584834486127501e-275,True
RCL1,106.75061054542252,3.001144427080551e-275,3.676963083188846e-275,True
TOR2A,106.75024750305339,3.0071484041797914e-275,3.6839467362776585e-275,True
IQCH,106.74086312388131,3.16658633579385e-275,3.8788762694516015e-275,True
SRPRB,106.73500957151074,3.270290941960946e-275,4.005503364499402e-275,True
HDHD5,106.70525017012199,3.852471986985061e-275,4.7180910715531335e-275,True
ITGB5,106.69524100762581,4.0707247366047824e-275,4.9848798118116146e-275,True
TLL2,106.69314880938924,4.117885907599536e-275,5.042122522416321e-275,True
DNAJC8,106.68554615501354,4.293909467592684e-275,5.25712257005944e-275,True
PPIE,106.6748617484452,4.554079597504377e-275,5.5750911816752226e-275,True
ERMARD,106.60396520561913,6.72877326342268e-275,8.23651312725535e-275,True
LMAN2L,106.5610986239616,8.520279800971374e-275,1.0428395774169528e-274,True
CLEC4D,106.53774199549372,9.68982793287512e-275,1.1858666754398002e-274,True
ASCC2,106.53568787671017,9.800066700392083e-275,1.1992369123980703e-274,True
ACSBG2,106.48544284524405,1.2924362495693618e-274,1.58139822522255e-274,True
PABPC1L,106.4727341157198,1.386145039676623e-274,1.6958871791441284e-274,True
CELF1,106.45634044442097,1.517133303931969e-274,1.855958210744104e-274,True
HADH,106.4439119784559,1.624630108064288e-274,1.9872619747684462e-274,True
HAX1,106.42905879893442,1.7631385290258798e-274,2.1564690998740507e-274,True
SNAPIN,106.424538789298,1.8075879933801795e-274,2.210611547190732e-274,True
RRP1,106.41859676689037,1.8677313765243297e-274,2.283934202181774e-274,True
PDIA3,106.40457492125569,2.0177120420095376e-274,2.4670874897356883e-274,True
TPGS2,106.37890737197222,2.324162586094622e-274,2.8415026594693903e-274,True
CCT2,106.32054483693504,3.205565158090027e-274,3.918703191444868e-274,True
ZFYVE27,106.30967670857495,3.4033714763875005e-274,4.1600956979700796e-274,True
CCDC77,106.29010269012234,3.790936194711601e-274,4.633366460203068e-274,True
CLNS1A,106.27994916497882,4.0090614766234616e-274,4.899470029199475e-274,True
MRPS33,106.27207356862904,4.186860078121923e-274,5.116241720463099e-274,True
GPR31,106.2285810520282,5.320689036280997e-274,6.501097923374483e-274,True
PHPT1,106.18637023192994,6.714106634390772e-274,8.202822074388726e-274,True
SSX3,106.14751436609748,8.317377982924696e-274,1.0160561917667355e-273,True
GPR174,106.11842707354899,9.763573724704836e-274,1.1926041988197502e-273,True
MAGEA10,106.11005416565784,1.022470115310226e-273,1.2488043060746156e-273,True
SLC35C2,106.10968604485215,1.0245467570257675e-273,1.2512145666599187e-273,True
ITGB3BP,106.06219803091025,1.3310902028558235e-273,1.6254130592342392e-273,True
MTIF2,106.05881212232077,1.356166402918262e-273,1.65586715714899e-273,True
MTHFD1,106.04790560698035,1.4401984273833912e-273,1.7582924097836105e-273,True
UBL4A,106.04226887501324,1.4856497684224071e-273,1.8135998482191763e-273,True
SEZ6L,106.03499367079277,1.5464404208388804e-273,1.887619653751778e-273,True
HDAC10,106.01915842092349,1.687498565143189e-273,2.0595909793259904e-273,True
PSD2,105.99971562941576,1.8784159327390383e-273,2.2923747041842972e-273,True
P2RX6,105.99955070836458,1.880124509980052e-273,2.294228841350734e-273,True
PCID2,105.98902000421647,1.9925034418181853e-273,2.4311149191464563e-273,True
AMT,105.98806281694263,2.003045384972886e-273,2.4437314972465104e-273,True
VIPAS39,105.97039040979615,2.208020072523635e-273,2.6935311783366717e-273,True
TOM1L1,105.93481064780508,2.686545696658025e-273,3.2769477696607545e-273,True
GALNT13,105.92299281119465,2.86742317572976e-273,3.49722343658277e-273,True
SCN3A,105.88417843426625,3.551700913482899e-273,4.331360007368179e-273,True
PIR,105.86972318231228,3.846383112410961e-273,4.6902581318424364e-273,True
FIBCD1,105.86840109221613,3.8745262686233195e-273,4.724100525875265e-273,True
SDHB,105.8620000530412,4.013724741813623e-273,4.8933291079417415e-273,True
LRRC71,105.83575842101882,4.638654299662332e-273,5.654642741402533e-273,True
SPHKAP,105.83515804136111,4.6540372474852504e-273,5.672824486075033e-273,True
GOLGA8UP,105.82308231210862,4.974510144216647e-273,6.062840535712266e-273,True
SFSWAP,105.80055585447387,5.6325005272174745e-273,6.8640968524108e-273,True
ACTR1B,105.7780723341506,6.376048174275158e-273,7.769446719799302e-273,True
AMN1,105.74442297827537,7.676256716731099e-273,9.352857967656487e-273,True
ZNF839,105.70375215801326,9.606654359919933e-273,1.1703704939793912e-272,True
SLC8B1,105.67207734750916,1.1440657160167254e-272,1.3936654215209272e-272,True
ZNF300,105.66600967261975,1.1830059890912376e-272,1.4409564509409144e-272,True
SCAF1,105.5975432874078,1.7259144117141873e-272,2.102033005003454e-272,True
SCNM1,105.59462031056043,1.7539718276268232e-272,2.1359902043894263e-272,True
KIF5A,105.53239532489462,2.4724114424140846e-272,3.010604872420245e-272,True
ERCC1,105.52052848149953,2.6397148596650662e-272,3.2140039703555575e-272,True
UBE2R2,105.49499182039493,3.039149962679104e-272,3.69996744477213e-272,True
PICK1,105.47702434182474,3.355911376215012e-272,4.085193583297688e-272,True
POMP,105.4654774932405,3.5767024576918446e-272,4.3535281847716175e-272,True
TMEM175,105.44815987073676,3.935374573262445e-272,4.789619535852144e-272,True
SLC39A8,105.441211658125,4.089201186980083e-272,4.9763373946965735e-272,True
LARGE1,105.43521463217918,4.2267970691756954e-272,5.143267824989739e-272,True
TTYH1,105.42280766834118,4.526341980841748e-272,5.5072084203315944e-272,True
FLACC1,105.41820381764859,4.6428180069855835e-272,5.6483580771456486e-272,True
BLVRB,105.4074514574337,4.926662256828035e-272,5.993075752861961e-272,True
FURIN,105.39349086705587,5.3212558660083527e-272,6.472432631723184e-272,True
GABRB1,105.36237178922548,6.318366958846531e-272,7.68448322214685e-272,True
PPP2R5D,105.3488837314333,6.806695444017468e-272,8.277564423392833e-272,True
EI24,105.34048319889068,7.129731594696498e-272,8.669536201315172e-272,True
LOXL4,105.2895045303684,9.446710229860725e-272,1.1485759418893853e-271,True
CST3,105.28359200805552,9.760116517739737e-272,1.1865623551102308e-271,True
EXOSC9,105.27687459415804,1.0128828338471282e-271,1.2312641106994474e-271,True
WRAP53,105.25511799334785,1.1421403799883367e-271,1.3882508459058075e-271,True
OR1I1,105.2461919306518,1.1998303764827346e-271,1.45822576937274e-271,True
AP2S1,105.22171243558252,1.3734461460084286e-271,1.6690640783873857e-271,True
DYNLT5,105.2022632200313,1.5291313273018858e-271,1.8580723686400823e-271,True
VKORC1,105.16180643381107,1.9118462676369323e-271,2.322882675783792e-271,True
UNG,105.15577382002986,1.9765997291589574e-271,2.4013170892829105e-271,True
MADCAM1,105.15044637250674,2.0356058689070018e-271,2.472754218147177e-271,True
ESRRB,105.11808702740065,2.433843113385836e-271,2.9562170561586277e-271,True
OTOF,105.10490837427793,2.6175610174593707e-271,3.179047655910479e-271,True
CCNY,105.04368537129294,3.6705256203127427e-271,4.457434539113511e-271,True
TTC29,104.96943548631695,5.531267920146716e-271,6.716420888311979e-271,True
CDK5RAP1,104.94978225220807,6.165513535444777e-271,7.485812808159213e-271,True
NDUFAB1,104.93076529084078,6.848400679213922e-271,8.314102457028658e-271,True
RFX5,104.91412248672803,7.507840164366363e-271,9.113763115606754e-271,True
VGF,104.91029498038829,7.668268811963777e-271,9.307575301754771e-271,True
TXLNA,104.90780340539406,7.774540536607297e-271,9.435620783415463e-271,True
DNMT3A,104.90729749566508,7.796298101160133e-271,9.461079745946855e-271,True
RARS2,104.89759541005435,8.225541083929096e-271,9.980981883822673e-271,True
MANBAL,104.88355152400244,8.889095493610345e-271,1.0785068118661255e-270,True
SZRD1,104.860028431329,1.0122656278801442e-270,1.2280508347841383e-270,True
FAM193A,104.83207810445063,1.1812899678730031e-270,1.4329627729967521e-270,True
TBC1D17,104.83157623303241,1.1845699254543461e-270,1.436797742281127e-270,True
CST7,104.81799086489858,1.2769025796294418e-270,1.5486356248392289e-270,True
SUMO1,104.7726638257789,1.6402972357649501e-270,1.989163974784186e-270,True
ASB6,104.77071564065791,1.6580496826065303e-270,2.0104909725474e-270,True
IL10,104.58351014277656,4.66559485886569e-270,5.656765441005191e-270,True
ZFAT,104.57816438217442,4.805511543584077e-270,5.825823675500169e-270,True
NUBP1,104.57623823619427,4.856947473525784e-270,5.887591727407955e-270,True
RELB,104.50881842143825,7.05046183668124e-270,8.54571526689831e-270,True
NDUFAF4,104.49827647395682,7.473557370452349e-270,9.057634717518834e-270,True
RASGRF1,104.47389178824939,8.552117433345726e-270,1.0363767622414965e-269,True
ZYX,104.44263203666071,1.0165541054009264e-269,1.2317741768962446e-269,True
ZFAND5,104.38927706735626,1.365367747899888e-269,1.654271648180154e-269,True
RNF175,104.34754650652039,1.71974664353096e-269,2.0834268251931137e-269,True
EIF5A,104.31440443963469,2.0656647411224e-269,2.5022472261302826e-269,True
MRPL9,104.3138553873984,2.0719463454176014e-269,2.5096056753749164e-269,True
SLC25A13,104.28802447784135,2.3901137922072606e-269,2.8946907172681e-269,True
LRAT,104.2637270263187,2.7338731806296776e-269,3.310690379180115e-269,True
PCDHB6,104.23155347989433,3.266327607080202e-269,3.9550917244057747e-269,True
ATP6V1F,104.21223113714575,3.634750094880166e-269,4.4007631492346554e-269,True
LRP6,104.2056603298678,3.7692842034825416e-269,4.563194159054766e-269,True
CEP41,104.10810161532753,6.466008837112697e-269,7.827137919261046e-269,True
BCORL1,104.10061413195719,6.739476646929802e-269,8.157357555075693e-269,True
NUSAP1,104.09443759162905,6.973751867001301e-269,8.440077888557286e-269,True
MRPL49,104.06100801431305,8.390549670063778e-269,1.0153762913099045e-268,True
TATDN2,104.01447887371258,1.0854206266725286e-268,1.3133827946221195e-268,True
SPI1,103.9863892196294,1.267946986575287e-268,1.5340905650529625e-268,True
SEZ6,103.98633577708108,1.268322008317421e-268,1.5343911561700378e-268,True
CMC2,103.97281252816212,1.366875286510531e-268,1.6534539689732217e-268,True
HAUS4,103.95459178510718,1.51188470783762e-268,1.8286835390548423e-268,True
MTRF1,103.93254351949352,1.7080835585900616e-268,2.0657875782927994e-268,True
RNF214,103.92250648797567,1.8056462606751554e-268,2.1835638439649076e-268,True
DDX12B,103.90731368885253,1.9640328826623268e-268,2.3748635016092495e-268,True
OTX2,103.90478075191051,1.9917590590627907e-268,2.4081491436224963e-268,True
LY9,103.88011035906793,2.2831523453989144e-268,2.760184774202218e-268,True
MDH2,103.8702818965633,2.4107905448120346e-268,2.9142005369177784e-268,True
HTR2B,103.86407807951852,2.495006971157013e-268,3.015701914883369e-268,True
S1PR4,103.76589943174041,4.2962496818356095e-268,5.192336853759846e-268,True
KRT71,103.71510650040833,5.691291439288634e-268,6.877662728248113e-268,True
INSRR,103.69428025258543,6.386849410539848e-268,7.717443037735649e-268,True
TECR,103.6398282222997,8.634228901388172e-268,1.0431986718093036e-267,True
LSM14B,103.59617527163002,1.099517920382269e-267,1.328319337340429e-267,True
GPR143,103.51971415542185,1.679192292713133e-267,2.028417436200159e-267,True
PTS,103.5133130067041,1.7397912983045003e-267,2.1014099360349896e-267,True
PSIP1,103.48942345140969,1.9859141842581723e-267,2.3984509058062733e-267,True
NOMO3,103.45921302137245,2.347640282362598e-267,2.8350364119146656e-267,True
PSMD4,103.4580597473602,2.3626850352461388e-267,2.852920410125878e-267,True
ARID3A,103.36856728412438,3.878860962870956e-267,4.68322236971332e-267,True
MARCHF4,103.32197444641851,5.021231021580398e-267,6.061882526003146e-267,True
OSGEP,103.26806725876574,6.769043410002851e-267,8.171115735516288e-267,True
FN3KRP,103.26666932141312,6.821679890455588e-267,8.233834873255266e-267,True
CEP250,103.22406646351439,8.638061901940591e-267,1.0425187811163266e-266,True
TSPAN32,103.2128843180495,9.190260366545321e-267,1.1090526248209296e-266,True
RPTOR,103.19596881869221,1.0093425064443783e-266,1.2179225426158423e-266,True
NUDT15,103.18867164798876,1.0509962224924191e-266,1.2680577494827417e-266,True
MED26,103.18129174812444,1.0948713742360656e-266,1.3208629377477695e-266,True
JMJD4,103.16106965966253,1.2247145873042245e-266,1.477359958931417e-266,True
ACP5,103.128561977819,1.4664939693520487e-266,1.768839790695078e-266,True
SLC1A3,103.114162729001,1.588329239602756e-266,1.9156031282921707e-266,True
APBA1,103.09710717872967,1.7458058320340833e-266,2.105318175081293e-266,True
CIAPIN1,103.08072022522286,1.9118031232979408e-266,2.305269816036769e-266,True
CMTM2,103.07842954456791,1.936232327900963e-266,2.334494557272277e-266,True
NAALAD2,103.06697827682443,2.0631185407729553e-266,2.4872325162854065e-266,True
PDCD5,103.06399984360975,2.0974628699920898e-266,2.5283855320250708e-266,True
PLEKHH3,103.03362732445997,2.482067155540485e-266,2.991709064279781e-266,True
PCDHA6,103.01399305751148,2.767474090129814e-266,3.335386848335017e-266,True
AKAP3,103.00680637583655,2.8799578494285097e-266,3.470608316012764e-266,True
IRGQ,103.00241044544804,2.9510042522725856e-266,3.555872121873587e-266,True
SEC11A,102.9950062759689,3.0746551642729766e-266,3.704499542919891e-266,True
NFKBIB,102.9943632776171,3.0856348826049487e-266,3.717358979023771e-266,True
HDAC8,102.99357001200408,3.0992345939503223e-266,3.733371931617391e-266,True
RAD54L2,102.98876385663982,3.1829228331292415e-266,3.833802720905472e-266,True
DGCR8,102.97441722445026,3.446424373141017e-266,4.150775583826668e-266,True
WIPI2,102.96064440710907,3.719895037233162e-266,4.4796908048222124e-266,True
PADI4,102.91037197265018,4.9156729546272716e-266,5.91912064726252e-266,True
MRPL10,102.89948767412756,5.2214733665671946e-266,6.286720316798524e-266,True
TRAPPC6A,102.88971261597756,5.512295453203081e-266,6.636214667169306e-266,True
KCNJ6,102.88186466714667,5.757467927011758e-266,6.930687806478304e-266,True
UQCC2,102.7901642015067,9.57371803024245e-266,1.1523444540025714e-265,True
RGPD3,102.7377284051538,1.2805093456585768e-265,1.5411372406744704e-265,True
KLRB1,102.72335497041632,1.3867756826703091e-265,1.6688667552198438e-265,True
CUL7,102.70119183841732,1.5681793569876496e-265,1.8869833398257185e-265,True
NUFIP1,102.70091355737046,1.5706018596269928e-265,1.889710743662373e-265,True
KDELR1,102.7001480527565,1.577285089260573e-265,1.8975635025820432e-265,True
KCNC1,102.6724602294966,1.8391263847396635e-265,2.2123538787153123e-265,True
MINDY4,102.61935801292393,2.4691484968559503e-265,2.969936304712029e-265,True
ELOC,102.60674632523957,2.648095119138967e-265,3.184860505427379e-265,True
C1QBP,102.58908095557744,2.920770340118768e-265,3.512458141162669e-265,True
CCL17,102.56095296296193,3.4140770459047915e-265,4.105291335230422e-265,True
DNASE2,102.55519399616739,3.524928386134543e-265,4.2381652347473643e-265,True
LAMTOR5,102.50130457087441,4.75347427865387e-265,5.714729267662621e-265,True
UBIAD1,102.49330755294383,4.969162512716468e-265,5.973441886071899e-265,True
LANCL2,102.44861163103106,6.367976314846526e-265,7.654200187265205e-265,True
MYO18B,102.4091866614766,7.925452223645443e-265,9.525315472440021e-265,True
SF3B6,102.3988538223191,8.393238570140758e-265,1.0086530975240039e-264,True
EXOSC8,102.38925579671137,8.852468192363281e-265,1.0637353234320746e-264,True
GTPBP3,102.37888387062817,9.377024226447267e-265,1.126655641520406e-264,True
CYB5B,102.30831593810437,1.3873181475001566e-264,1.6667066981166401e-264,True
DUT,102.29625878041958,1.483348848732462e-264,1.7819001827702808e-264,True
NAT9,102.29249655837816,1.514653689612304e-264,1.8193254087871927e-264,True
OXSM,102.28828471454594,1.5504845015542626e-264,1.8621790476410156e-264,True
RAF1,102.28502506694707,1.57879584186199e-264,1.8959939761294872e-264,True
PDRG1,102.26394556497584,1.7747892942847424e-264,2.131153623112397e-264,True
RNF10,102.26124272665426,1.8016202362785502e-264,2.1631577361498203e-264,True
USF1,102.25326478735957,1.8832066687195684e-264,2.2608924668929986e-264,True
MKNK2,102.1751654425316,2.905426728444524e-264,3.48777805527872e-264,True
SCML4,102.13354590942751,3.6607795565082315e-264,4.394095433606573e-264,True
ASNSD1,102.08932520972911,4.679704295653422e-264,5.616571828902058e-264,True
PKD1L1-AS1,102.08610983085431,4.7640150387240915e-264,5.717195356837287e-264,True
SCAMP3,102.08580377246811,4.772118996896936e-264,5.726353838881871e-264,True
SLC30A3,102.08052960346619,4.913957397291489e-264,5.895970659206912e-264,True
PCCB,102.07708246949079,5.008932454138921e-264,6.00933087975772e-264,True
WDR88,102.05829758239183,5.55970130090793e-264,6.669440788679459e-264,True
ZNF837,101.91119790687826,1.2586027350465372e-263,1.5096756732865747e-263,True
GCDH,101.89689782514935,1.3626643062165797e-263,1.6343342950388223e-263,True
LARS2,101.85606324435933,1.7096649407931333e-263,2.0503124665902616e-263,True
UCHL1,101.84690908953938,1.798864249225546e-263,2.1570711671888483e-263,True
MRPL17,101.81659726010855,2.1288167363414928e-263,2.5524744290733505e-263,True
MRM2,101.74749134726503,3.1253637159030887e-263,3.7469744796931304e-263,True
PHKG2,101.70778063432199,3.897067148785528e-263,4.671701738288981e-263,True
GARIN1B,101.70417650339158,3.975908725205705e-263,4.765743653410813e-263,True
AK2,101.6756025822944,4.660164259300273e-263,5.5853778081113216e-263,True
GPX4,101.6408370064912,5.653468156889079e-263,6.775219080356838e-263,True
EML3,101.61417855988559,6.55638117878595e-263,7.85650975180341e-263,True
MARVELD3,101.61080820767896,6.680360780418503e-263,8.004283224299011e-263,True
PYCR3,101.58669235973102,7.638619487830993e-263,9.151546296845949e-263,True
RNF31,101.581590922009,7.858324114562769e-263,9.413835845116107e-263,True
ITM2C,101.55133293555927,9.297715818990794e-263,1.1137046557095495e-262,True
EIF3E,101.52833159950616,1.0565911507414424e-262,1.2654873954439052e-262,True
FANCC,101.5241357694793,1.0815259895483347e-262,1.295224070865927e-262,True
SLAMF1,101.49203516509353,1.2928260078684517e-262,1.5481217887366763e-262,True
SYT2,101.49071836587876,1.3023251760325705e-262,1.5593427285526293e-262,True
LGI1,101.38443025382264,2.3516544724419997e-262,2.815482026167103e-262,True
GATA5,101.36676833517218,2.594339080111684e-262,3.1057256892271215e-262,True
CREM,101.36101204964702,2.678726492195096e-262,3.206430585404261e-262,True
OPN3,101.35689354385516,2.740783957286042e-262,3.2803893296032187e-262,True
DGKQ,101.34377968812983,2.9481259896555975e-262,3.5282044867810397e-262,True
PLAAT4,101.33008820944299,3.181362246544306e-262,3.806956875874638e-262,True
STX16,101.31529037070841,3.454245470624965e-262,4.133092843245072e-262,True
BTN2A3P,101.25350638055019,4.8706398022570977e-262,5.827269609451297e-262,True
VRK3,101.22987063302665,5.554951709993446e-262,6.645329579447405e-262,True
HPS1,101.2246420838335,5.718875751847105e-262,6.840755068471542e-262,True
P2RX5,101.21782061491042,5.940037217891617e-262,7.104601002001202e-262,True
RPL5,101.20804935282753,6.271823142813996e-262,7.500694567599769e-262,True
SLC27A3,101.19092394536989,6.89866481581718e-262,8.249542754003734e-262,True
METTL21A,101.16286599015652,8.063986785042002e-262,9.642103749090468e-262,True
CHRND,101.14685143952035,8.815373223511938e-262,1.0539496421285305e-261,True
DEFB118,101.1414209987986,9.085750899094209e-262,1.0861683668522682e-261,True
ANKRD10,101.12082169286725,1.0188978277493356e-261,1.2179350624176556e-261,True
VAMP8,101.1201771878411,1.0225577641460961e-261,1.222189431766809e-261,True
ATP5F1A,101.10953566221609,1.0849245509687412e-261,1.2966041020253456e-261,True
BRDT,101.09987686174647,1.1448200893815275e-261,1.3680509782613246e-261,True
UBE2D2,101.051398109969,1.4992655275010562e-261,1.7914338811599606e-261,True
SEM1,101.01945931199401,1.7908511463644316e-261,2.139631144907317e-261,True
DYNC1I1,101.01554357025033,1.8303000830462162e-261,2.1865475122387143e-261,True
FERMT3,100.99322952017751,2.072277562312867e-261,2.4753792481628474e-261,True
SSBP4,100.98123190388671,2.2153538319581797e-261,2.6460261258249145e-261,True
TNFAIP8L2,100.93163155366469,2.919587006295978e-261,3.486821053233482e-261,True
KCNK17,100.92978300082463,2.9497783033012337e-261,3.5225310405494584e-261,True
FLOT2,100.89979119134193,3.4856340536393466e-261,4.162022852464161e-261,True
DGUOK,100.87109700851357,4.089230272104099e-261,4.882266262035447e-261,True
NPAS1,100.75375440600317,7.858177496295209e-261,9.381212094749904e-261,True
FAM162A,100.74671010307638,8.17247683760066e-261,9.755466688862157e-261,True
SDF2,100.73707415169049,8.622874593188369e-261,1.0292091947482217e-260,True
NR2E1,100.73156450406664,8.89147497573532e-261,1.0611643167851092e-260,True
IDUA,100.72861982401803,9.03844645436144e-261,1.0785986209861132e-260,True
KIAA0319,100.69510393163652,1.0892687992516218e-260,1.2997456821073098e-260,True
GSTM3,100.62180393354173,1.638294274837696e-260,1.954665669250251e-260,True
AP3D1,100.60329069019265,1.8162064214511844e-260,2.1667212125608953e-260,True
TFB1M,100.57202399819012,2.1616509788442712e-260,2.5785803154448193e-260,True
LTV1,100.56938897340169,2.193606590130335e-260,2.616441905496401e-260,True
HYAL4,100.53581511917862,2.6446272541433512e-260,3.1540900801579797e-260,True
ATP6V0E1,100.50263141702918,3.181497332550636e-260,3.794009903116459e-260,True
POLR2D,100.48266193633145,3.555802032122785e-260,4.23995988917887e-260,True
FAM98A,100.456359643235,4.11685311811226e-260,4.908477770999982e-260,True
CFAP161,100.45043604822061,4.25496074180145e-260,5.072643008666127e-260,True
L3HYPDH,100.41743688722543,5.113627247663133e-260,6.095721260317878e-260,True
DUSP23,100.36854895738752,6.714454329027516e-260,8.003207018335452e-260,True
U2AF2,100.30895872793758,9.358380678881827e-260,1.1153504138177712e-259,True
TARDBP,100.30844926960108,9.384983407482315e-260,1.1184110191260383e-259,True
HCST,100.30819102153758,9.39849739920327e-260,1.1199113877237987e-259,True
SNX17,100.30491140182144,9.571821136751395e-260,1.140452288379206e-259,True
NELFCD,100.26398792956401,1.2023388225269954e-259,1.4324079809997285e-259,True
PUS3,100.227914360252,1.4700395421931556e-259,1.751161490808317e-259,True
MED8,100.2265278897571,1.4814416537285867e-259,1.764570671759647e-259,True
ACVR2B,100.21349320292597,1.5930577397877566e-259,1.897332081126664e-259,True
GMPPA,100.20614505538677,1.6596483521869547e-259,1.9764473253964303e-259,True
NEUROD1,100.19866432407142,1.7303014959892807e-259,2.060384551511008e-259,True
PDE6D,100.18394852844108,1.8781892223035803e-259,2.2362645862650034e-259,True
PSMD8,100.14030814637186,2.3953594110140844e-259,2.851752777481117e-259,True
HIRIP3,100.0733106346927,3.4798035101495513e-259,4.142411681236655e-259,True
CCDC144CP,100.00800327425463,5.0080308636226307e-259,5.961051662297086e-259,True
NAPRT,99.98551537406661,5.676959348008635e-259,6.756612785131141e-259,True
PCDHB7,99.96833266087079,6.24771124949574e-259,7.435181206203354e-259,True
SARS2,99.96495944170353,6.366325108303572e-259,7.575595657490517e-259,True
THOC1,99.9415549626616,7.25373193406065e-259,8.630716382477738e-259,True
PAX7,99.9214141522314,8.115838380130071e-259,9.655529771708384e-259,True
IL13RA2,99.91527091370526,8.398657846744244e-259,9.991023593545999e-259,True
RGS9,99.89351089419948,9.482120070520132e-259,1.1278800853188602e-258,True
PPP4R2,99.86652661128726,1.1021874042583127e-258,1.3109022482750459e-258,True
AP5S1,99.79402694756018,1.65139170438867e-258,1.9639134936328323e-258,True
NCF1C,99.78810314944721,1.7068628824765302e-258,2.0296833295448793e-258,True
WDR64,99.77383631882415,1.848230766830252e-258,2.1975726685155776e-258,True
ROGDI,99.76568885601203,1.9341566692338997e-258,2.299514235430888e-258,True
TWNK,99.72919492292098,2.3707947986878533e-258,2.818355844826337e-258,True
RGS4,99.70628221501886,2.69401768395738e-258,3.202283032450614e-258,True
FARS2,99.67855281556105,3.144695844319371e-258,3.737621632007002e-258,True
TEKT4,99.67301316745193,3.24339326344675e-258,3.854550307794265e-258,True
TRO,99.67287634788094,3.245869733671535e-258,3.8571152741462945e-258,True
ACOT9,99.6699336417431,3.2995937330539183e-258,3.920571969425563e-258,True
CHCHD2,99.63067764961923,4.1074372071815335e-258,4.87997195192145e-258,True
DHX38,99.62497166042296,4.240295667106447e-258,5.037324978112931e-258,True
NUCB1,99.55849149339298,6.144461261736554e-258,7.298692740300884e-258,True
BTBD2,99.55387802985788,6.3046852837628295e-258,7.488280914145896e-258,True
EIF2D,99.55347261509895,6.318963411384757e-258,7.504504210130892e-258,True
CCKAR,99.47074256615757,1.002625008225231e-257,1.1906171972674619e-257,True
LAMTOR2,99.4553448381321,1.0925912182903111e-257,1.2973249826736363e-257,True
PLCG1,99.41966044584738,1.3333661549072727e-257,1.5830621478732578e-257,True
MOSPD1,99.41406108352837,1.375693457057748e-257,1.633156016693176e-257,True
USF2,99.40772724236881,1.4251953130577473e-257,1.691756520259108e-257,True
GTF3A,99.3460281651292,2.0111176823714862e-257,2.3870330505930828e-257,True
ZMYM3,99.32024525147868,2.322428262147124e-257,2.7562635004647975e-257,True
LRP5,99.30934356280397,2.4681519352534195e-257,2.9289219539052324e-257,True
TPH1,99.28643609005512,2.8048493773310353e-257,3.328150367267699e-257,True
DYNC2I2,99.2768614930939,2.958851923744778e-257,3.510541550321445e-257,True
SAMHD1,99.26023097276652,3.2467216397920483e-257,3.851708721624507e-257,True
COA7,99.25098908028305,3.4186386341368386e-257,4.055263482043914e-257,True
PARK7,99.22071032771393,4.0482805636348764e-257,4.8016885511136955e-257,True
RGR,99.1922560655369,4.7453467383241945e-257,5.627932018585841e-257,True
EIF2B1,99.12500951736732,6.907891444752125e-257,8.191886137085233e-257,True
C1QC,99.1111340857823,7.464435323660811e-257,8.85101095504415e-257,True
PANK4,99.08922399817858,8.43599457171225e-257,1.000206633394913e-256,True
GRWD1,99.07918864229985,8.922285934177635e-257,1.057759903120795e-256,True
PHTF1,99.07615718788131,9.074626210303348e-257,1.075715029545249e-256,True
PGLYRP1,99.07250582020043,9.261577622616728e-257,1.097769081268798e-256,True
TBXT,99.03294706741272,1.15514585532069e-256,1.3690533885605598e-256,True
BRF2,99.02790413884789,1.1881444084214503e-256,1.408024882088652e-256,True
AMH,99.01524267285312,1.2752111083280959e-256,1.5110566036317866e-256,True
SVOP,99.00526665780943,1.3482839844711043e-256,1.5974878760393633e-256,True
LSM5,99.00192067167818,1.3737192795712012e-256,1.627465315379408e-256,True
CHMP1A,98.98583944171106,1.5028242401977298e-256,1.780243861983473e-256,True
CD74,98.98099289566866,1.544063938407807e-256,1.8289176335137226e-256,True
PFDN2,98.97182299336482,1.625214022358263e-256,1.924850452274242e-256,True
CMA1,98.96837519160832,1.656817556418193e-256,1.96208894283913e-256,True
AIFM2,98.95703173263054,1.765198351507167e-256,2.0902348751557954e-256,True
TCIRG1,98.90254908602952,2.3931760852069044e-256,2.833569105770473e-256,True
AHSA1,98.88328572376612,2.665097013204602e-256,3.155220821766402e-256,True
DEPDC5,98.88064864591684,2.704652361536014e-256,3.20173788345113e-256,True
COL21A1,98.8114334544054,3.981639336461428e-256,4.7129608472400574e-256,True
OS9,98.79455649468804,4.3753936603328515e-256,5.17853172725589e-256,True
MMP24OS,98.7729097873405,4.937975956288239e-256,5.843809874267893e-256,True
ZNF276,98.7563114264902,5.417900481050349e-256,6.411146976893042e-256,True
DMPK,98.72873291687341,6.32067188616555e-256,7.47869054212775e-256,True
PHF23,98.70651668841522,7.156223574011557e-256,8.46649835683858e-256,True
PIGF,98.66507719929277,9.021256961435025e-256,1.0671970028936798e-255,True
ATP1A3,98.60222194618342,1.2818764463264708e-255,1.5162867176394887e-255,True
CPLX2,98.60127176081696,1.288703033701303e-255,1.5242129158481016e-255,True
PZP,98.59281841944714,1.351059517663932e-255,1.5978091193289936e-255,True
MRPL19,98.57009833935945,1.534024056600058e-255,1.8140122538392257e-255,True
SLC35G3,98.54971646299448,1.7191564278512063e-255,2.0327364629742804e-255,True
UXS1,98.5080630452914,2.1699398114964322e-255,2.565494040276968e-255,True
DIMT1,98.50672394734808,2.1862462540830427e-255,2.584520878876014e-255,True
FRS3,98.50368789803512,2.2236722388332427e-255,2.628508520637403e-255,True
ACTR3B,98.50225608967737,2.241544158019166e-255,2.649375807674369e-255,True
ZSWIM3,98.50040617332814,2.2648478449042786e-255,2.6766584357930846e-255,True
PSMA5,98.49301323672276,2.3604226733594104e-255,2.7893394079218924e-255,True
PABPC4,98.49279226795838,2.3633405928281317e-255,2.7925153198423447e-255,True
SAA2,98.46759175462232,2.720930442413437e-255,3.2147289301106905e-255,True
CDKN2A,98.43821643761548,3.2066337846123695e-255,3.7882092132415108e-255,True
KIR2DL1,98.42908001755214,3.374707125303014e-255,3.9863769024481714e-255,True
PROCA1,98.4038161705682,3.8867657387774576e-255,4.5907994042151755e-255,True
CD81,98.39344276380395,4.1188941329807415e-255,4.864500650817668e-255,True
PTGES2,98.3766579019738,4.524227445456372e-255,5.342687296037228e-255,True
RPL22L1,98.3710430036158,4.668540044571126e-255,5.512569883137657e-255,True
METTL13,98.36184071249848,4.915080132714003e-255,5.803116915239032e-255,True
HNRNPA1,98.3241060040185,6.069886529564736e-255,7.165871105510687e-255,True
SLC22A14,98.30731716457866,6.667443745277115e-255,7.870557316218638e-255,True
USP6NL,98.29169956618,7.276029520464563e-255,8.588123646258172e-255,True
RASAL3,98.27185925124829,8.129954563957239e-255,9.595103614476649e-255,True
KIR3DL1,98.23124281306836,1.020361871019645e-254,1.2041303154692502e-254,True
MYPN,98.19031439072357,1.282879427117018e-254,1.5137802409726947e-254,True
TESK1,98.09517656045271,2.184457380880934e-254,2.577379051103629e-254,True
UBE2Q1,98.09425590780067,2.195738926780327e-254,2.590437690552907e-254,True
ABCF2,98.08530703545684,2.3084797736436744e-254,2.723179429360512e-254,True
AQP8,98.05603572186737,2.7192971069749213e-254,3.207484628855697e-254,True
FBXO10,98.00610009758726,3.5959322006461925e-254,4.241086800567537e-254,True
TET1,98.00048680329775,3.710682367613468e-254,4.375998799514589e-254,True
DKKL1,97.99242459279887,3.88193312507998e-254,4.577509079982443e-254,True
TRPM1,97.98481141326182,4.050897682255889e-254,4.7762845739038896e-254,True
CIART,97.97751413277233,4.219752510133055e-254,4.974892037330567e-254,True
RBM46,97.95805069727476,4.705363319245069e-254,5.5468651323435494e-254,True
LIN7B,97.95507758480683,4.784312196714551e-254,5.639384718842259e-254,True
LAIR2,97.93490812531581,5.3560398807690976e-254,6.3126801589385514e-254,True
PPAN,97.91771194111178,5.8971566243208526e-254,6.949769842506064e-254,True
RNF40,97.9038622174815,6.372476574849716e-254,7.509202006447775e-254,True
MYO15A,97.89431510932401,6.722265284935865e-254,7.920616230947954e-254,True
ASIC4,97.86970275653742,7.715179347011437e-254,9.08964953294515e-254,True
KCNA10,97.86537733857865,7.904256197465142e-254,9.31150569734426e-254,True
TSHB,97.84159696794659,9.02967299797534e-254,1.0636254599305905e-253,True
PDIA4,97.74638221686776,1.5387525515103764e-253,1.812355074757946e-253,True
BMP4,97.73317337338923,1.656864098902587e-253,1.95127820916129e-253,True
NSUN4,97.70743572217818,1.9136911160361675e-253,2.253522800523647e-253,True
RPL10,97.63870023572193,2.812077956508826e-253,3.3111227769596884e-253,True
EPX,97.6330871407225,2.901874389373479e-253,3.416523052446126e-253,True
MDH1,97.62792815984083,2.9869336007829083e-253,3.51632602784213e-253,True
CPSF1,97.62189473343557,3.089579588784347e-253,3.636811397867922e-253,True
DNAJC11,97.61592319541126,3.1946468225662873e-253,3.760123194790614e-253,True
TAS2R5,97.59362166006393,3.619630093307529e-253,4.2599180573858124e-253,True
TMEM123,97.58403035132285,3.8193783012617986e-253,4.4945640003781694e-253,True
NIT1,97.55004144466619,4.620252195755352e-253,5.436487780716984e-253,True
MRPL24,97.52422120278291,5.339162715640687e-253,6.281794665533961e-253,True
DOK2,97.52402713147158,5.344969663517489e-253,6.288016523792604e-253,True
NAPB,97.46960182350256,7.250105332574486e-253,8.528459664383107e-253,True
ADISSP,97.45636332225155,7.80820736714674e-253,9.184076237585172e-253,True
WHRN,97.44144724530913,8.488688183688609e-253,9.983494534071342e-253,True
FGF5,97.41748289221776,9.708350840933992e-253,1.141682468896021e-252,True
HIP1R,97.41444236246546,9.875138840989255e-253,1.1611837523568896e-252,True
CDKAL1,97.40782666048055,1.0248012872978548e-252,1.2049118530188745e-252,True
NOXRED1,97.36806370305894,1.2805303251082722e-252,1.5054396858658205e-252,True
RSRP1,97.36289842658326,1.3181305271656333e-252,1.549493623962549e-252,True
APBB3,97.36243165402728,1.3215822933253167e-252,1.5534006166672635e-252,True
DYNLT1,97.32952707659514,1.58914351705274e-252,1.8677135654172303e-252,True
WNT11,97.32538998880028,1.6264118304207e-252,1.9113295403160179e-252,True
CLCN7,97.29985225950973,1.8766232810578718e-252,2.205159694938302e-252,True
LYL1,97.2960767698214,1.9167482857018232e-252,2.25209098762019e-252,True
KLHL7,97.28739741562651,2.012274842340949e-252,2.3641011473984283e-252,True
MTMR14,97.1188119763403,5.176403276838123e-252,6.080856722728144e-252,True
GPR18,97.09062131716394,6.062580920961888e-252,7.121182744563955e-252,True
NPR2,97.08742978095792,6.172022383873422e-252,7.249031618768881e-252,True
STX4,97.07718885224853,6.536719177545561e-252,7.676623703759669e-252,True
EQTN,97.05102587266842,7.569336603729458e-252,8.888452805425603e-252,True
DGKB,96.98907538552719,1.071269655119583e-251,1.2578390894381621e-251,True
NDUFS8,96.97510047267639,1.1585859218369747e-251,1.3602303675068095e-251,True
AKR1E2,96.93808672787574,1.4258126319920142e-251,1.6738040601401506e-251,True
ZDHHC6,96.93108432768238,1.482911035251659e-251,1.74066501107007e-251,True
PRPSAP2,96.80979130471366,2.9277261546672345e-251,3.436279671463615e-251,True
ERICH6,96.777920655231,3.500775550277142e-251,4.108471412572322e-251,True
SEPTIN6,96.75043788187483,4.0842600883924394e-251,4.792778392206501e-251,True
ITGB1BP2,96.73519216252399,4.448914542188935e-251,5.22018604979327e-251,True
PKN3,96.6804520217335,6.0480781987516775e-251,7.095896624590383e-251,True
ANKRD31,96.62767612483808,8.132204563428128e-251,9.540170687881134e-251,True
CCDC28B,96.61967112558027,8.505776403579417e-251,9.97745515426647e-251,True
CD6,96.59778921994616,9.616893195663289e-251,1.1279727074777976e-250,True
CA10,96.5299907460618,1.4068798539096067e-250,1.64998041690134e-250,True
BCAS2,96.48635386585381,1.79725441864777e-250,2.1076055009043504e-250,True
NSFL1C,96.4794471966592,1.8682862399886917e-250,2.1906912169803562e-250,True
POLL,96.45457054469192,2.148215906453871e-250,2.5186839363607527e-250,True
EIF3M,96.45230304767244,2.1757294063692292e-250,2.5506955381052028e-250,True
AIP,96.44417488567723,2.277284123403896e-250,2.6694940667152138e-250,True
HDHD2,96.40970456363894,2.7633873242532516e-250,3.2390041717847526e-250,True
CPNE9,96.39178974886056,3.0557154496047105e-250,3.581299688688804e-250,True
CHCHD6,96.36157297898548,3.6205622806643985e-250,4.24289017461464e-250,True
SMPX,96.35093944914651,3.843259218141572e-250,4.503430472915625e-250,True
FUS,96.34158484672948,4.050473963917249e-250,4.7457805326314414e-250,True
NABP2,96.31304098581053,4.754416120614719e-250,5.570023409112943e-250,True
YIF1B,96.30349083785578,5.01627988798942e-250,5.876241283553126e-250,True
GBP3,96.29273633273208,5.328478546577614e-250,6.241358289845767e-250,True
AMHR2,96.28436668788335,5.5848346992710943e-250,6.541001567590745e-250,True
LINC00470,96.26695745499323,6.158274371318025e-250,7.211921739843213e-250,True
STK32C,96.23819227967094,7.237687919632041e-250,8.475198315473299e-250,True
SLC17A7,96.23415845556089,7.403485128211969e-250,8.668506396617935e-250,True
PRPH2,96.2255979765037,7.768030465257657e-250,9.094462555519926e-250,True
BANF2,96.21953757724725,8.036915388846129e-250,9.408352326759322e-250,True
ERF,96.17470305426403,1.0337726985321748e-249,1.2100610903444402e-249,True
KDM4A,96.17260499200682,1.0460241768323282e-249,1.2242835832346705e-249,True
ETV2,96.1434785376677,1.2319020049147376e-249,1.4416987935486049e-249,True
PMVK,96.13765441514519,1.2728600893056852e-249,1.489488367850518e-249,True
HOOK1,96.12634879224485,1.3562960770494364e-249,1.5869711434356436e-249,True
PIN1,96.12329838464646,1.37973091247422e-249,1.6142358962467421e-249,True
PAN2,96.11897411850104,1.4136479740890813e-249,1.6537580333823436e-249,True
PPP1R12C,96.11845660883858,1.4177625045326664e-249,1.658411375079126e-249,True
CCDC12,96.086547026459,1.696030518592614e-249,1.9837207590100027e-249,True
PPP2R5B,96.05157016604886,2.064194322157701e-249,2.414101647196879e-249,True
P3H1,96.0273929749619,2.36443738397889e-249,2.764972985586736e-249,True
NODAL,96.01817201020319,2.490129416627869e-249,2.911676356550885e-249,True
TMEM60,96.00286954326668,2.7136411591691044e-249,3.172719727184402e-249,True
GHRL,95.97461302430975,3.180440487493368e-249,3.7181309277070697e-249,True
ART5,95.96329305034551,3.3892578857274227e-249,3.96186924694193e-249,True
ATP5IF1,95.94591768170774,3.73677073356572e-249,4.3676728215489013e-249,True
LGMN,95.89927244947681,4.856314420733695e-249,5.675688720413985e-249,True
GRPEL1,95.8906128020283,5.098432736502238e-249,5.958083643293177e-249,True
SMPD2,95.86588408036016,5.85838214353395e-249,6.845508805081796e-249,True
SMARCB1,95.84304176065822,6.660673748230146e-249,7.782234908534538e-249,True
XRCC1,95.83273576650667,7.057776849963736e-249,8.245409693066731e-249,True
PRDX6,95.72755559719418,1.2745812912889773e-248,1.4889153332374467e-248,True
LLCFC1,95.71034646384993,1.40401742781644e-248,1.6399594584689618e-248,True
NDUFAF5,95.69801753050959,1.5047572635356844e-248,1.7574590566123487e-248,True
CPD,95.65787725599458,1.8856041963768542e-248,2.2020514516840295e-248,True
GPR45,95.63146075718082,2.1874511776177317e-248,2.554309139300852e-248,True
EBF4,95.62152120144326,2.3131489487266402e-248,2.700827543485295e-248,True
CDAN1,95.61036111287564,2.462912787064248e-248,2.8754145049400765e-248,True
MBD6,95.60594551354218,2.5248124186266623e-248,2.947397548015447e-248,True
PPM1B,95.58015292779695,2.918770839980064e-248,3.406965827851549e-248,True
SLC25A28,95.56878851062889,3.1113326101647458e-248,3.631385894513484e-248,True
DGCR2,95.56722370422565,3.1388242002900793e-248,3.663119953395238e-248,True
PEX5,95.5575226563927,3.3147656358711245e-248,3.868077496922389e-248,True
COX7A2L,95.55076698137297,3.4430836285924983e-248,4.0174280244295184e-248,True
RFXANK,95.53161710384573,3.834469648380675e-248,4.473670941065499e-248,True
NRDE2,95.50970889300108,4.33710623541479e-248,5.059609449109623e-248,True
NMRAL1,95.50221147464315,4.5238429628125256e-248,5.2769461504246955e-248,True
POU4F1,95.50107679054385,4.552796670678231e-248,5.310208913880643e-248,True
MATN1,95.46088190088896,5.7073195404400806e-248,6.656160041294463e-248,True
CAMSAP3,95.44171143178232,6.356940587708426e-248,7.413067225031412e-248,True
MSH4,95.41861517175568,7.238581935486048e-248,8.440370356094832e-248,True
SPMIP2,95.4161252045886,7.340651434754964e-248,8.558562728873682e-248,True
KCNH4,95.39082925614058,8.462820061167796e-248,9.865965068424315e-248,True
MTCH2,95.38194736155091,8.896273627830076e-248,1.0370288385090507e-247,True
SDCBP,95.37636594638983,9.179949569974983e-248,1.0699937373772764e-247,True
ATP5PB,95.37419675434394,9.292625037062907e-248,1.0830227929937175e-247,True
SURF1,95.33765231377969,1.1412984459322744e-247,1.3300153587378419e-247,True
ERH,95.2403575652068,1.9727607485160092e-247,2.298741304768919e-247,True
UBXN1,95.22990445673852,2.0922436429035414e-247,2.437733317885114e-247,True
PARVG,95.18655993643092,2.6700046326598477e-247,3.110600303421689e-247,True
C4orf17,95.18460656851515,2.6995085475626587e-247,3.1446706336300736e-247,True
CD8A,95.15485356545501,3.1914116622796915e-247,3.7173337340400134e-247,True
RETN,95.0792873795562,4.882460042719704e-247,5.68650851631901e-247,True
CYB561A3,94.99977721162246,7.637666491113181e-247,8.894590566363145e-247,True
STXBP2,94.93427179885933,1.1042748043369953e-246,1.285880804819698e-246,True
ANTKMT,94.9017686223497,1.3259673493331119e-246,1.5438839889171054e-246,True
GTF3C6,94.89753537094437,1.3579431471992834e-246,1.5809630071407716e-246,True
EEF1D,94.8877674649009,1.434699265907257e-246,1.6701646500842953e-246,True
CD5,94.8823617660214,1.4790273510497479e-246,1.7216026070121992e-246,True
ACOD1,94.82730455078354,2.016426747545962e-246,2.346915509721762e-246,True
GLRA2,94.79979818981892,2.354162473851147e-246,2.73974246428798e-246,True
TRIM41,94.75679583618623,2.9990634389940324e-246,3.4899344348167094e-246,True
FCRL3,94.65857185801211,5.214284152032001e-246,6.067148444128615e-246,True
PRPH,94.62922988225928,6.151199909244882e-246,7.15662206544452e-246,True
ADGRG4,94.62740787301831,6.214644303443953e-246,7.229742634006486e-246,True
NONO,94.60430801552303,7.078110406730409e-246,8.233456899566838e-246,True
KCTD17,94.57325339055059,8.431002706719577e-246,9.806238227869383e-246,True
IFT20,94.55089957177549,9.562271608986612e-246,1.112096866968586e-245,True
ATP5PF,94.54702959163912,9.77300327552697e-246,1.1364960255749995e-245,True
AGRP,94.54601819921722,9.828838119713574e-246,1.14287938309034e-245,True
PTGR1,94.52816515861372,1.0868667495670656e-245,1.2636676326733138e-245,True
SLA2,94.5132137267023,1.1823697649539096e-245,1.3745743062022913e-245,True
CHMP4C,94.51228325941322,1.1885833284976595e-245,1.3816654303844103e-245,True
UNK,94.5121323966574,1.1895938471349517e-245,1.382707509346043e-245,True
C11orf21,94.51203222740985,1.1902652819628535e-245,1.3833552970233664e-245,True
POLR3H,94.50940156734627,1.208034964618946e-245,1.4038730554223817e-245,True
TBC1D27P,94.44233089691502,1.7626835202750925e-245,2.0482409540619893e-245,True
TP53I3,94.42003919252713,1.9985625788101007e-245,2.3221101869391394e-245,True
GHRH,94.39688528771721,2.2770534691081817e-245,2.6454324470509278e-245,True
PBDC1,94.39546129837525,2.29539631866044e-245,2.6664872232680262e-245,True
ADAMTS17,94.39121208777838,2.3510150333233363e-245,2.730835974889372e-245,True
OGFOD2,94.38098226480572,2.490507776559417e-245,2.892587454963424e-245,True
TTN,94.36028893718972,2.798505708929493e-245,3.2499986782566884e-245,True
MTHFSD,94.34999075031344,2.96570163434777e-245,3.4438389895165887e-245,True
MS4A1,94.32454986670565,3.42284589539528e-245,3.974304400764519e-245,True
MAS1,94.32073556632545,3.4972131663404075e-245,4.060264151171192e-245,True
IFNK,94.3191241679383,3.5291141754005863e-245,4.096908833001906e-245,True
CALB1,94.29671060528688,4.004239741916276e-245,4.648031614623106e-245,True
COX4I1,94.26219247223061,4.864110040298272e-245,5.6456091448195764e-245,True
ZNF29P,94.18055762894208,7.705965790681762e-245,8.943199359946799e-245,True
PKD2L1,94.17131362745745,8.11813470438107e-245,9.420642244544066e-245,True
C9orf40,94.16993372261327,8.181525221841439e-245,9.493294605069582e-245,True
ISOC2,94.12108931121512,1.0774857685631869e-244,1.2501227494757802e-244,True
NKG7,94.09650013296327,1.2376935571455137e-244,1.4358619293442353e-244,True
MYH3,94.01959476158976,1.9094941438795443e-244,2.2150132069002714e-244,True
FCRL1,94.00323433814972,2.094020233307088e-244,2.4288310466126226e-244,True
C1RL,93.96824329121158,2.5507580740493848e-244,2.958313181556319e-244,True
FAM136A,93.9557416592007,2.7370672719079607e-244,3.174086814318215e-244,True
HLTF,93.91784966067095,3.389116575252021e-244,3.929870970461546e-244,True
GZMK,93.86579174459101,4.5456087285760003e-244,5.270384410119395e-244,True
B3GAT2,93.81572491638694,6.028824925724589e-244,6.98942384751659e-244,True
ANP32A,93.79710840433499,6.696340049694903e-244,7.762554660266004e-244,True
ACOT13,93.7857141814103,7.140862893625293e-244,8.277064447937063e-244,True
DNAJC14,93.74997163222254,8.736058438692225e-244,1.0125107600518898e-243,True
RIT2,93.60130621988844,2.0211150556041653e-243,2.34225207495542e-243,True
C1orf35,93.5923436568094,2.1259611401208993e-243,2.4635217417594435e-243,True
NUTF2,93.50798385104237,3.4222492501414944e-243,3.9652557264591086e-243,True
MITD1,93.50366201991415,3.506750311951148e-243,4.062776190525835e-243,True
NADK,93.499266254271,3.594838306275606e-243,4.164433290201921e-243,True
TCF7L1,93.48734210459507,3.845096520150836e-243,4.453918778525412e-243,True
BFSP1,93.4774298668612,4.066344175809636e-243,4.709748146298912e-243,True
CHCHD5,93.47551978654786,4.110419791843094e-243,4.760342860105282e-243,True
CHCHD4,93.4672808820108,4.3060771890230276e-243,4.986460420838473e-243,True
PDCL2,93.46358935169627,4.3967399989954625e-243,5.090962104100009e-243,True
KAT2A,93.44775612160645,4.807764426475355e-243,5.566353426717694e-243,True
MRPL44,93.44606490583585,4.853879251083293e-243,5.619207743446821e-243,True
DHX30,93.44414788911166,4.906686306776121e-243,5.679798645028661e-243,True
IRF3,93.36590649826505,7.631357178140341e-243,8.83293342054972e-243,True
PWWP3A,93.3441446305573,8.628938306638819e-243,9.98663262870687e-243,True
PARP2,93.33848258907572,8.909223934625212e-243,1.0310034609596833e-242,True
PPP2R1A,93.335311477982,9.070162091933882e-243,1.0495275379765418e-242,True
TCTE1,93.30053385095339,1.1037953608122168e-242,1.2771029267696565e-242,True
XYLT2,93.2916600958172,1.1605065575372653e-242,1.3425902357765537e-242,True
NDUFAF2,93.28234604267331,1.2231695651277705e-242,1.4149500399349971e-242,True
MCF2,93.26958955946998,1.3145212145935276e-242,1.5204795957349944e-242,True
NSUN5,93.26865912031894,1.3214453720814894e-242,1.5283427917538225e-242,True
SLC12A9,93.26333210724259,1.3617962922840415e-242,1.5748611577053189e-242,True
TRPC4AP,93.21229904628068,1.8166129365844756e-242,2.100637414602405e-242,True
MLC1,93.17988744547505,2.1814880941616777e-242,2.522319599144206e-242,True
PSMA3,93.15398837828445,2.5250769146078052e-242,2.919311622210378e-242,True
SPINT4,93.13847088240735,2.756356203250081e-242,3.1863961373066456e-242,True
HEATR3,93.13092339764859,2.8763910669532017e-242,3.3248414716893974e-242,True
CLEC4M,93.03455106094476,4.957409581059154e-242,5.729759624485037e-242,True
FBL,93.02884546628786,5.119791867613725e-242,5.916876443818627e-242,True
H2BC1,93.01080389008646,5.669106330925622e-242,6.551087411199274e-242,True
IWS1,92.9122117189947,9.895150619037964e-242,1.1433515947381393e-241,True
DEPDC4,92.87510229934662,1.2203560576390708e-241,1.4099462572150987e-241,True
METTL2B,92.79696290166906,1.8978269279524808e-241,2.1924576403926402e-241,True
PSTPIP1,92.7706621670141,2.201964775014025e-241,2.54356937323423e-241,True
EIF3D,92.72009858971184,2.930387369157687e-241,3.384674196181942e-241,True
SEMA3D,92.71367752825982,3.038695540777758e-241,3.509438580917299e-241,True
SLC9C2,92.70624214508962,3.169125936726902e-241,3.659726074593075e-241,True
HSPD1,92.69006785901476,3.472520935240888e-241,4.009706494283677e-241,True
GNG3,92.67061105365303,3.876233569076164e-241,4.47544559713699e-241,True
CLUHP3,92.65291931675534,4.283940359758874e-241,4.945707146761626e-241,True
COX18,92.6489237615474,4.381802160907074e-241,5.0582045323793494e-241,True
SSU72,92.61845897104517,5.2053299031294865e-241,6.008285001498347e-241,True
RCN1,92.60636075615322,5.573812249878568e-241,6.43299553394535e-241,True
CCT8,92.57053998483417,6.825038154927171e-241,7.8763435371313e-241,True
EMG1,92.55945827412751,7.266342066238535e-241,8.384826132978917e-241,True
TSC2,92.53859060776334,8.176307544288286e-241,9.433961550719837e-241,True
TARS2,92.53167966714545,8.502130240794659e-241,9.808967619578649e-241,True
TAFAZZIN,92.45283372399622,1.3278772168605208e-240,1.5318355179656673e-240,True
CA14,92.4466651786499,1.3750163972902602e-240,1.5860642085786027e-240,True
USP41P,92.43760759127727,1.447283623731844e-240,1.6692647085516093e-240,True
COPS5,92.40775744656409,1.7134420274354476e-240,1.9760578685731612e-240,True
METTL22,92.37327151202955,2.082458902430745e-240,2.401404757920994e-240,True
NDUFA10,92.35156441742208,2.3544958368959021e-240,2.7148481437127484e-240,True
LENG1,92.33335661140717,2.6099093612418433e-240,3.009066128683054e-240,True
NDUFB3,92.32417451224872,2.749044998736119e-240,3.169179598162552e-240,True
PSMD6,92.31001333984071,2.9783138391110875e-240,3.4331609316949983e-240,True
TTC23,92.26399149247031,3.863981800857413e-240,4.453664294950419e-240,True
MTMR8,92.21492102167328,5.10035361717996e-240,5.878159968383292e-240,True
BUD31,92.18352107152673,6.091934915566462e-240,7.020290431266911e-240,True
NAT16,92.15246709289598,7.262140214250636e-240,8.368028866648879e-240,True
IGHMBP2,92.12399297918299,8.531755788501777e-240,9.830048823136446e-240,True
USP6,92.09863257430148,9.848352635332235e-240,1.134591623697941e-239,True
CLTA,92.07833090505983,1.104736461623917e-239,1.2726043322061314e-239,True
MTX2,92.06371281507984,1.2000146011134993e-239,1.382228904855363e-239,True
ARHGAP9,92.0237220113215,1.5048030100856865e-239,1.733132739977073e-239,True
FLRT1,92.01944902937666,1.5416387745246689e-239,1.775389058026604e-239,True
PCSK4,92.01565272419283,1.5751212851421787e-239,1.8137760253152361e-239,True
IL17F,92.00954109886531,1.630559340630421e-239,1.8774354414059615e-239,True
CENPB,92.00503968267701,1.6726357417058198e-239,1.925699540408201e-239,True
MAGEC3,91.96431930673941,2.106196614616114e-239,2.4246263402066987e-239,True
ENTR1,91.95704308896784,2.194754217985274e-239,2.5263327917973117e-239,True
PIK3R2,91.95143341359669,2.265563371777447e-239,2.60759202361244e-239,True
WDR59,91.93459241050464,2.492169095164397e-239,2.868135742104132e-239,True
HTR4,91.87131981225352,3.565630288253254e-239,4.103148884963541e-239,True
OXT,91.75702805380105,6.810446058235111e-239,7.836376565536404e-239,True
TMEM14C,91.7456414056703,7.2640403108353295e-239,8.357507274861984e-239,True
UVSSA,91.73577768459995,7.681325241985765e-239,8.836768015882268e-239,True
PLAA,91.63544781289528,1.3558255183573861e-238,1.5596239261271813e-238,True
IRF1,91.56530435668806,2.017223217810597e-238,2.3202182224404648e-238,True
SPATA1,91.55730911488065,2.1106848730939204e-238,2.427487858789801e-238,True
NFKBIE,91.520763273826,2.596182377307003e-238,2.985572789841143e-238,True
POMZP3,91.49550544155336,2.9955691540178627e-238,3.4445351247395686e-238,True
ATF3,91.45456135404824,3.777671206352846e-238,4.343444025743071e-238,True
CTSZ,91.43795534749434,4.150364387362389e-238,4.7715020014801667e-238,True
ZNF133,91.43612779494099,4.193564517601246e-238,4.820710202215486e-238,True
RPL34,91.43495401060828,4.2215476495702594e-238,4.852418036041218e-238,True
CWF19L1,91.42539630412615,4.456468823874831e-238,5.12196028093398e-238,True
RCCD1,91.42012985042871,4.591456867563612e-238,5.276606005745744e-238,True
SPPL2B,91.41702005361789,4.673079036342353e-238,5.369898955213005e-238,True
KNCN,91.41100636679288,4.835059156585279e-238,5.555505885888792e-238,True
PRKRIP1,91.3234866565179,7.93948078932078e-238,9.121636444711069e-238,True
CD2,91.30948280847531,8.595271129464686e-238,9.874135389629541e-238,True
COQ8A,91.2421069642894,1.2592258307443903e-237,1.4464451360071542e-237,True
VPS18,91.22399710491176,1.3953534462951887e-237,1.602660079210752e-237,True
PRMT5,91.21827774558845,1.4413310981281355e-237,1.6553117547616542e-237,True
NDUFA2,91.19949333970342,1.603271225744484e-237,1.8411191548384462e-237,True
POLD2,91.1067718249597,2.7120141104310305e-237,3.114050871141892e-237,True
WASF1,91.09480989402823,2.9023229436426743e-237,3.33225598814515e-237,True
RPL7A,91.0801386670736,3.154071408756906e-237,3.6209540313430453e-237,True
MAGEB2,91.0674726936257,3.388913383225195e-237,3.890190154493922e-237,True
HIKESHI,91.03701967073356,4.02764952596578e-237,4.622968237265144e-237,True
CCT7,90.97847719566536,5.613399018603877e-237,6.442494120764646e-237,True
C19orf25,90.96610687233066,6.021333984858487e-237,6.910026561057898e-237,True
FGF12,90.9206304200586,7.792962294537514e-237,8.942284071789448e-237,True
MRPS24,90.80675514333657,1.4866995294107438e-236,1.705799497919265e-236,True
METTL3,90.7933933585884,1.6037720188554792e-236,1.8399512031578762e-236,True
LSM4,90.78661062725367,1.6666851513221998e-236,1.9119482733346934e-236,True
TSFM,90.76516837172765,1.8822758718641745e-236,2.159060192916117e-236,True
CDIPT,90.7557518717922,1.9855665611523682e-236,2.2773240471462776e-236,True
CCAR2,90.74770697679493,2.0782915735278147e-236,2.3834484819587673e-236,True
ATPSCKMT,90.73597566765818,2.2213249660401705e-236,2.547242572920154e-236,True
ASB16,90.73528514029512,2.2300446477736443e-236,2.556999737070764e-236,True
TNNC2,90.71996403842056,2.4325700093680646e-236,2.7889542848349266e-236,True
RHOXF2,90.69886405287562,2.741942413704574e-236,3.143354070259773e-236,True
VPS25,90.65078062366342,3.6020492369385344e-236,4.128987314436777e-236,True
BCAR3,90.62620535068477,4.141086675632629e-236,4.746430851174237e-236,True
AKR7A2,90.60118273639043,4.772922176570192e-236,5.470110865499088e-236,True
CEBPE,90.58724023615594,5.1659228855144365e-236,5.919958141256002e-236,True
LGALS1,90.58641597882722,5.190144676059341e-236,5.947153205708605e-236,True
VSX1,90.57939164383122,5.401227311346485e-236,6.188438324020992e-236,True
ELAC2,90.5261407277708,7.307155544509535e-236,8.371358048440088e-236,True
MRPS27,90.46679184777925,1.0234119867804956e-235,1.1723492821539564e-235,True
NUP88,90.46244766614643,1.0489627804236236e-235,1.201504944183612e-235,True
NAGPA,90.4448822688155,1.1589492570273792e-235,1.3273604396906548e-235,True
MRS2,90.41419432868369,1.3795057367063359e-235,1.5798175286116394e-235,True
GGT7,90.39044379310704,1.578635680611088e-235,1.807691452896997e-235,True
CIAO2B,90.34950556451825,1.991699577909716e-235,2.280474382112173e-235,True
MARK4,90.30541474655037,2.558279006604542e-235,2.9289250205950376e-235,True
MANF,90.29379299455533,2.7327986886436003e-235,3.128433818466118e-235,True
ATP5F1C,90.28196169873056,2.922703556541388e-235,3.345515817978725e-235,True
ARHGEF16,90.23245265038314,3.871560180925957e-235,4.431220140986163e-235,True
PIN4,90.230328877356,3.918537502076218e-235,4.484564916934282e-235,True
CEP57,90.1798082422135,5.220744154125868e-235,5.974309509705822e-235,True
GAR1,90.13646399816223,6.678053322429471e-235,7.641246212430626e-235,True
SIRPG,90.11450869814914,7.565027200498806e-235,8.655333621939266e-235,True
PTMS,90.00964903318099,1.3725101891167643e-234,1.5701744538008132e-234,True
MRPL37,90.00218033438449,1.4320031838533328e-234,1.638080833695395e-234,True
C7orf25,89.9925162654224,1.5128284221480703e-234,1.7303742341270907e-234,True
MED11,89.97036208660965,1.7157572791007998e-234,1.9622992487272282e-234,True
GNRH1,89.93390084300657,2.1107179045467178e-234,2.4137851357467277e-234,True
CCNC,89.90248263461167,2.523277338758526e-234,2.8853096783728754e-234,True
C12orf43,89.86688416989654,3.089025798127251e-234,3.5318968802960325e-234,True
CCDC61,89.83616629755075,3.6782193206732715e-234,4.2051659535227196e-234,True
NUDT22,89.7596956230942,5.680641262148549e-234,6.493845094281848e-234,True
ANKRD16,89.7197139915994,7.1301505086677e-234,8.150088115612434e-234,True
AWAT2,89.7126528670761,7.422172462611096e-234,8.483082650553622e-234,True
PAF1,89.65647986997428,1.0214520759035896e-233,1.1673462868014814e-233,True
TMEM14B,89.6399999799625,1.1217818980972839e-233,1.2818853854388458e-233,True
NGDN,89.63105103628482,1.1803335819686408e-233,1.3486665737226754e-233,True
DPH5,89.63016541437113,1.186291783535128e-233,1.3553467483518211e-233,True
CD1B,89.62276956529671,1.2372382561020918e-233,1.4134202375336498e-233,True
PES1,89.60809565357654,1.3448904122341514e-233,1.536257216085788e-233,True
DUSP2,89.57488377885791,1.6244227111546817e-233,1.8553898148136296e-233,True
PIGC,89.53049612414155,2.090818538374796e-233,2.387874724154822e-233,True
ADAMTS13,89.51153934132705,2.3288085095936317e-233,2.659426919763919e-233,True
RNF167,89.47199309143811,2.916126188952932e-233,3.3298117617263983e-233,True
SLC41A3,89.40178832670135,4.347286559345276e-233,4.963530910086035e-233,True
GPX7,89.35033306899528,5.82548362738585e-233,6.650641602106919e-233,True
LRRC47,89.33352372892713,6.410029565441143e-233,7.3172971458967455e-233,True
THEM6,89.32457943542983,6.744624177265237e-233,7.698524884821959e-233,True
SRRT,89.30488886550945,7.544083608046776e-233,8.610242114371813e-233,True
ACAP1,89.27444105310607,8.970906357292218e-233,1.0237744950395054e-232,True
TRPV5,89.26978068728415,9.211947280974685e-233,1.051183516332252e-232,True
ATP5MC3,89.24810878152833,1.0420800252991278e-232,1.1890148782639333e-232,True
ING1,89.24533410736103,1.0586617914903658e-232,1.2078210104890554e-232,True
IZUMO2,89.23718292308153,1.1089165661124149e-232,1.2650373249025684e-232,True
WFIKKN1,89.21270000444112,1.274671302292263e-232,1.4539912982390904e-232,True
SLC8A3,89.20044221846388,1.3667506185922739e-232,1.558877587370676e-232,True
SIRPD,89.1483181250229,1.838673637825251e-232,2.096942500490892e-232,True
ABT1,89.13129857320796,2.0256676432403496e-232,2.3099852466001427e-232,True
ANKRD30BL,89.09287218243752,2.5208290093383617e-232,2.874375811419398e-232,True
SLC25A39,89.03074324885341,3.59018473982945e-232,4.0933238728567156e-232,True
RPH3A,89.0284657629779,3.637028840880006e-232,4.146342858003144e-232,True
PRDX4,89.01750891566019,3.8710825075241554e-232,4.41275739667179e-232,True
AGAP3,88.99937602720792,4.291990555700856e-232,4.89210244628169e-232,True
MAD2L2,88.94870018359596,5.727205306075449e-232,6.527377089154436e-232,True
ABCA10,88.93491560995196,6.1947520294809426e-232,7.059582974651498e-232,True
AMDHD2,88.89341579113244,7.84574265993698e-232,8.940223023477728e-232,True
WARS2,88.88384550354267,8.285107855499698e-232,9.439992238402795e-232,True
YPEL3,88.76013901558227,1.6757974848277174e-231,1.9092121345001494e-231,True
CCDC51,88.6881271143859,2.5254483774734303e-231,2.876936869817961e-231,True
MMD,88.68316949547123,2.5977763299453285e-231,2.959053248599631e-231,True
TUBGCP6,88.66617087913382,2.8618754671029284e-231,3.2595747826948883e-231,True
SIT1,88.56388164516368,5.1251821295977716e-231,5.836852477920348e-231,True
ZNF474,88.55191230872282,5.486862476828205e-231,6.248167866990278e-231,True
METTL26,88.53909431555219,5.902545699912219e-231,6.720896014872808e-231,True
TBC1D7,88.49025570499319,7.796268040368966e-231,8.876337107669071e-231,True
PPP5C,88.45367545121015,9.603049208618401e-231,1.0932396929646156e-230,True
FSHB,88.4268865393771,1.1186794179196676e-230,1.2734183401279193e-230,True
ACSBG1,88.4224589742502,1.1472635472438376e-230,1.3058336825999811e-230,True
POLDIP2,88.36156124238967,1.623248976943588e-230,1.8474344285522648e-230,True
SAA4,88.34682739688124,1.7654443922242617e-230,2.0090796960704562e-230,True
BCL2L10,88.34640734464392,1.7696760045006127e-230,2.0137062354788723e-230,True
RNF207,88.3218690695408,2.035320012622562e-230,2.315763956543148e-230,True
NANOG,88.32093882131804,2.0461401503883737e-230,2.327856490193136e-230,True
NME8,88.25492548712117,2.980923258279716e-230,3.3910239993305853e-230,True
UBE2L6,88.2529777067565,3.014205237824804e-230,3.428563000179438e-230,True
MRPL51,88.22945663757895,3.446705616552461e-230,3.920150636502996e-230,True
MYDGF,88.20252567394219,4.0186545693492384e-230,4.570234608279526e-230,True
G0S2,88.18647481012333,4.403738388029912e-230,5.007703258883545e-230,True
BCL2L11,88.18111591799017,4.540357285244465e-230,5.162574900265773e-230,True
LYZL2,88.17338027855287,4.745080326013819e-230,5.394847468761913e-230,True
PRSS53,88.11288974323068,6.69928738409068e-230,7.615939385721394e-230,True
TOM1,88.06724825515967,8.690729816809303e-230,9.878941001440582e-230,True
MRPS5,88.06464549020913,8.820680508124113e-230,1.0025718623486217e-229,True
DDT,88.05745610730055,9.189820522095999e-230,1.0444309428918779e-229,True
MTRES1,87.97872563414049,1.4398050988664543e-229,1.63619737587505e-229,True
MT2A,87.95465430195492,1.6516898892718177e-229,1.8768077275733945e-229,True
RTCB,87.89321723369054,2.34488095986051e-229,2.664227855977983e-229,True
UQCRB,87.86666472499181,2.728364238874968e-229,3.099646795093005e-229,True
RGL4,87.85135889176591,2.977300974627037e-229,3.382142480969819e-229,True
ADAM11,87.8425718351303,3.1303527539316982e-229,3.555672421585461e-229,True
TEPSIN,87.8391022192388,3.1929314438498957e-229,3.626413844499994e-229,True
TUBBP5,87.83106637797046,3.3427153569078334e-229,3.7961772115829824e-229,True
L2HGDH,87.79560423973295,4.092276038997638e-229,4.646985493651463e-229,True
GABRG2,87.79292382852728,4.1553392967029884e-229,4.718155016357589e-229,True
MEN1,87.77804946199105,4.523380020479914e-229,5.13556360478201e-229,True
MFSD14A,87.76909290587254,4.760544868598218e-229,5.404319619511857e-229,True
PLEKHF1,87.74304535629547,5.523348347922999e-229,6.2696908580880786e-229,True
GPAT4,87.71984659602366,6.305094591038438e-229,7.156400433761044e-229,True
BCL7C,87.67586647023109,8.103755686343368e-229,9.19705331241029e-229,True
PPIL2,87.66673722086851,8.53713698228041e-229,9.687996114885146e-229,True
UBASH3A,87.66487974880309,8.628113561325797e-229,9.79032037727149e-229,True
TCP10L2,87.6542120551181,9.169702202538008e-229,1.0403887130210197e-228,True
SEC13,87.64759935490144,9.522363785553116e-229,1.080300363205193e-228,True
CCR7,87.6332264070518,1.0336386598935365e-228,1.1725405048876521e-228,True
RPL11,87.62721426016887,1.0697207017963108e-228,1.2133577568236999e-228,True
SLC39A3,87.62124045509275,1.106820494225168e-228,1.2553216720618907e-228,True
CCDC107,87.61178723134388,1.1681765490404804e-228,1.3247858665421184e-228,True
FGF22,87.60901807006096,1.1867858570827859e-228,1.3457640935039787e-228,True
ELMOD1,87.55733137747542,1.5940209816654657e-228,1.807382128869963e-228,True
MYOD1,87.49887908100416,2.2253666019014433e-228,2.522997937546698e-228,True
CARMIL2,87.48996271825736,2.341570839226147e-228,2.654495624530006e-228,True
TYSND1,87.46168876860041,2.7517404855454805e-228,3.1191881583862274e-228,True
GRN,87.4504938956077,2.9333520621729006e-228,3.324739943680215e-228,True
FBXL12,87.40049719862695,3.9024188969004606e-228,4.4226927700287387e-228,True
METTL5,87.36573820272791,4.7591322839804154e-228,5.39311971079841e-228,True
RBM6,87.31845651762646,6.234247799671224e-228,7.06408224225225e-228,True
CIB2,87.29334550166203,7.195524453633831e-228,8.152551399845715e-228,True
MID1IP1,87.26947740887158,8.246335595434082e-228,9.34225047550018e-228,True
ASTN1,87.26188129687796,8.611954671324278e-228,9.755547568058396e-228,True
SYT5,87.23349559603493,1.0127670215007238e-227,1.147146499218069e-227,True
RPS15A,87.2301032247319,1.0325812490132946e-227,1.169480510187719e-227,True
CBX8,87.21176070577303,1.1466299645820492e-227,1.2985284408318013e-227,True
CIAO3,87.2051986555086,1.190422135722146e-227,1.3479959952567822e-227,True
CMTM6,87.20423828622839,1.1969700565291238e-227,1.3552840486872817e-227,True
CUL9,87.17371337416934,1.4249698025339945e-227,1.6132888714221614e-227,True
DCTN3,87.16535104438152,1.4946883461903087e-227,1.69206314274551e-227,True
ESYT1,87.14040769431311,1.7235791719935474e-227,1.950996985984292e-227,True
ZDHHC4,87.11407903313962,2.0033265992500803e-227,2.2674439809626026e-227,True
TIMM21,87.02820031818281,3.272176468981631e-227,3.703232485948588e-227,True
TOMM22,87.02743572615839,3.286502775786307e-227,3.719098828237642e-227,True
VPS72,86.98705779704541,4.1393598073019214e-227,4.683778547943049e-227,True
LBX1,86.96109538583534,4.801355202114099e-227,5.432334119845726e-227,True
GZMA,86.91607451155342,6.210109309742352e-227,7.025566500485002e-227,True
RPL13A,86.89882081269593,6.853667189945976e-227,7.752907211321866e-227,True
FASLG,86.89260181218967,7.101644805657482e-227,8.0326713011271805e-227,True
WAS,86.89058491172283,7.183979016522964e-227,8.125041391891339e-227,True
CDK5RAP3,86.88122624429147,7.578692174762326e-227,8.570660186814902e-227,True
PTPN3,86.87585150145772,7.8151108191515455e-227,8.837199006507e-227,True
AIMP2,86.85258556490103,8.926599835419002e-227,1.0093111016225086e-226,True
RPL29,86.81646648223412,1.0973527661013042e-226,1.2406370295355354e-226,True
CEP131,86.68949913424035,2.2676320568646962e-226,2.563483707294027e-226,True
ADA2,86.66020460124358,2.6811060103061846e-226,3.0306198300010786e-226,True
CUEDC2,86.5949543839783,3.89360339514175e-226,4.4007701963550854e-226,True
ALDH16A1,86.57422626914031,4.383597257202506e-226,4.9541269766743226e-226,True
CCNB3,86.54259885557526,5.252695854581415e-226,5.9357862542403205e-226,True
LENG8,86.52647969875026,5.75994733346191e-226,6.508396865792811e-226,True
ZFAND3,86.52572557021745,5.7848436216410945e-226,6.535918946922672e-226,True
UGT2B28,86.49117214245754,7.048855586750694e-226,7.963301716923756e-226,True
SPIC,86.46382231581048,8.24245605347484e-226,9.310879906832729e-226,True
SDF2L1,86.3262698075188,1.8104897637324026e-225,2.0449829403619256e-225,True
IFNG,86.32567658163754,1.8166451145422255e-225,2.0517443471984402e-225,True
VAV2,86.31396961447255,1.9424926865186784e-225,2.1936739655281743e-225,True
GFER,86.28168559070801,2.3365851622248273e-225,2.638480236282194e-225,True
DERL2,86.26891400733659,2.513731842240605e-225,2.838250502201995e-225,True
C22orf31,86.24817563644069,2.830449156753216e-225,3.1955578539780645e-225,True
ERP29,86.22772688582965,3.181808485032576e-225,3.5919056114327514e-225,True
STK11,86.2236788853214,3.256373793355513e-225,3.6757391864284875e-225,True
CORO1A,86.20877740338331,3.546243401261689e-225,4.0025663417219924e-225,True
SLC16A8,86.11430905390166,6.089377447288217e-225,6.872305503773184e-225,True
NOP2,86.10488136100614,6.426996619387307e-225,7.25265807300437e-225,True
MPND,86.09734059088814,6.710472105051696e-225,7.571846119094914e-225,True
SUPV3L1,86.06355463378863,8.142208528747542e-225,9.18650891525295e-225,True
TAPBPL,85.98182163825598,1.3000084573332001e-224,1.4666079590314615e-224,True
SESN2,85.8894009835487,2.2067841177867017e-224,2.489357628495291e-224,True
B3GAT3,85.87526017321983,2.3929081669061046e-224,2.699063254790714e-224,True
GNRH2,85.85484435568465,2.6896696096305526e-224,3.0335108864850724e-224,True
MDM2,85.83671118242702,2.9839854313216185e-224,3.3651382824895953e-224,True
AQP6,85.79184568977942,3.858204699134986e-224,4.350619289573423e-224,True
GIPR,85.77040816151424,4.362220677393036e-224,4.91850423694153e-224,True
CTNNBL1,85.71078117136989,6.13806574684654e-224,6.920166758116979e-224,True
CGA,85.68961026963034,6.929451140850946e-224,7.81166248762161e-224,True
SLC38A10,85.6538900281058,8.502872318854757e-224,9.584509786977624e-224,True
ARGLU1,85.63661583604964,9.387361285828317e-224,1.0580529382316212e-223,True
POU1F1,85.61144946572185,1.0843251633442983e-223,1.22203324935474e-223,True
CAPRIN2,85.61076865416696,1.0885628111607483e-223,1.2266950262053166e-223,True
TUT1,85.60920344354126,1.0983682504862638e-223,1.2376296646583464e-223,True
TUBB2B,85.59537362014821,1.1889378076321324e-223,1.3395579611596534e-223,True
CCNB1IP1,85.58036702170814,1.2956848049993222e-223,1.4596924912826935e-223,True
PPP2R3B,85.57252322663012,1.3552429132403864e-223,1.5266475786915682e-223,True
NLN,85.57112236120311,1.3661643887357552e-223,1.5388073518170252e-223,True
ADGB,85.53627172214203,1.668114476108792e-223,1.8787404700725426e-223,True
CLEC1B,85.49737771423642,2.084573104023123e-223,2.347565511609838e-223,True
YIPF2,85.47953446896022,2.3090007381578167e-223,2.600065670966006e-223,True
HSP90B1,85.44497412463112,2.8147484148149496e-223,3.1692718079497325e-223,True
NAXE,85.4045765617213,3.5480541631811115e-223,3.994567898772307e-223,True
PHRF1,85.38153111710615,4.049062338474742e-223,4.5582033494605155e-223,True
TMEM106C,85.37496104763292,4.204448136574675e-223,4.7326883008225654e-223,True
POLR1E,85.37182798988252,4.280633358546308e-223,4.817997917576448e-223,True
KEAP1,85.34274425238121,5.0571703059506585e-223,5.691488111478404e-223,True
NAA60,85.33607455210736,5.254257479511053e-223,5.912746859137856e-223,True
FAIM,85.27592231698674,7.41764167706452e-223,8.346482169254257e-223,True
RPL24,85.27155918541183,7.605520372028851e-223,8.557092811373097e-223,True
RTL8C,85.22616099819945,9.866524404831841e-223,1.1099954416275786e-222,True
MTG2,85.22218280424009,1.009415148956352e-222,1.1354983700490811e-222,True
TRPT1,85.20945061861919,1.0858584416340413e-222,1.2213766381634821e-222,True
DMAC2,85.18722773729337,1.2334185335281919e-222,1.3872239249794714e-222,True
ZCCHC18,85.1554643347584,1.4798192672386668e-222,1.6641960439249576e-222,True
WDR12,85.10796717364444,1.943106108324608e-222,2.1850029911976716e-222,True
EXO5,85.10740982845785,1.94932657596972e-222,2.1917945231337487e-222,True
IFI6,85.10706951293147,1.953134590767692e-222,2.1958725198744168e-222,True
SAP30BP,85.07802918808697,2.3070667225300436e-222,2.593551220486802e-222,True
IFT27,84.98291865370045,3.980805787162887e-222,4.474715110533059e-222,True
RPS24,84.93220125501858,5.3250112610561996e-222,5.985144785027654e-222,True
GLP1R,84.85216538074611,8.428193240787892e-222,9.472145231302691e-222,True
TSKS,84.84502395023632,8.780702157540353e-222,9.867402572884413e-222,True
INPP5E,84.8386534239443,9.107586414676991e-222,1.0233793336921995e-221,True
CRYBB3,84.81146339772805,1.0645289555133572e-221,1.1960533875922622e-221,True
RASSF7,84.80279728012408,1.11880167856377e-221,1.2569151017191864e-221,True
RHAG,84.77681906565275,1.298649508843334e-221,1.4588295196180979e-221,True
NPHS1,84.77630705390426,1.302470643576099e-221,1.4629863919041394e-221,True
MAIP1,84.53426470034866,5.22519957937289e-221,5.868606439466152e-221,True
GRM2,84.52524655571989,5.502849633308521e-221,6.1798724527483685e-221,True
COPE,84.50827362947471,6.066063581228061e-221,6.811748284543451e-221,True
CPSF4,84.4440884946861,8.769096513812334e-221,9.846145603967497e-221,True
EMD,84.43178734705367,9.410884266974322e-221,1.056578115071434e-220,True
BPI,84.35258482416796,1.483051945797154e-220,1.6648968037556122e-220,True
HOXD1,84.32003251450487,1.787921133115546e-220,2.0069617534611214e-220,True
SLC7A10,84.26767627261404,2.415160036220435e-220,2.7107935147281586e-220,True
ARF1,84.2400236401973,2.8309225172891515e-220,3.1771542222552628e-220,True
IDH3B,84.20516627592838,3.4585026538268647e-220,3.8811302693657896e-220,True
PEX6,84.19598821971053,3.645742218926558e-220,4.090871718765874e-220,True
TMEM260,84.18439774673016,3.8967539573563404e-220,4.37212620058067e-220,True
MAPRE3,84.16701187577097,4.306060512620876e-220,4.830917680147178e-220,True
ZNF23,84.14369430536105,4.923329647312786e-220,5.5229133800412355e-220,True
CACNG2,84.11380996573642,5.845558142918001e-220,6.556847951184603e-220,True
RPAP1,84.10474788163953,6.1579822892198e-220,6.9066488998817936e-220,True
MAP2K7,84.10057318762587,6.307475959017393e-220,7.073663019262543e-220,True
SEC61G,84.0712747893349,7.463913780399076e-220,8.36980229842716e-220,True
TAF1C,84.0258429046613,9.690475620901936e-220,1.0865594808673877e-219,True
BAP1,84.01901764835196,1.0078104382515269e-219,1.1299184362268783e-219,True
CCDC9,84.01597103013485,1.0256102534942095e-219,1.1497685649548515e-219,True
GPN2,83.97472761710573,1.299926085493418e-219,1.4571577592335132e-219,True
RPL36AL,83.85830618060604,2.5382231956988664e-219,2.8449691704356595e-219,True
SLC38A8,83.81377885939145,3.278656855142691e-219,3.6745449702329605e-219,True
DHRS4,83.70588500370287,6.0967884786554e-219,6.832325962675489e-219,True
ZFPL1,83.69490139149657,6.494260861050868e-219,7.277078032691684e-219,True
SYNGR4,83.66994099728606,7.496589025696164e-219,8.399450242119317e-219,True
KCNK1,83.66610399193243,7.663835569771264e-219,8.586045727982187e-219,True
ABHD12B,83.65627028962481,8.109704477332465e-219,9.08472762907533e-219,True
ANKRD18CP,83.64792068217822,8.508594717218702e-219,9.53069535780125e-219,True
ZNF22,83.64055280435088,8.876854322161728e-219,9.942273685045226e-219,True
ARPC3,83.63818556988302,8.998524622951241e-219,1.007761599033767e-218,True
RNF123,83.60110414066699,1.1137466900526116e-218,1.2471905197984072e-218,True
NARF,83.52102499075828,1.7652883044395199e-218,1.9766141535577183e-218,True
ZFYVE19,83.48900589595145,2.1222889005729763e-218,2.3761324515327995e-218,True
ZFHX2-AS1,83.48351698274747,2.190368491175923e-218,2.4521284493936586e-218,True
MRI1,83.46684375605882,2.41085984335264e-218,2.6987203824102594e-218,True
IFT25,83.42936871444144,2.990892668961667e-218,3.347700917188673e-218,True
R3HCC1,83.39834196985105,3.5753958112849003e-218,4.001564770048524e-218,True
PDAP1,83.34646968769296,4.81883725034776e-218,5.392720194674626e-218,True
QRICH2,83.3393317096888,5.020877182772592e-218,5.618302705581959e-218,True
TEX29,83.2726041806284,7.371215006052433e-218,8.247541840812958e-218,True
RER1,83.27176293412211,7.4069870061092e-218,8.286801706327247e-218,True
MGAT1,83.25296593632828,8.253179140563841e-218,9.232653889065604e-218,True
PGGHG,83.0997801872364,1.993169150150235e-217,2.2295096833183673e-217,True
CHRNE,83.08588474544327,2.1591585728980726e-217,2.414958499785056e-217,True
PCDH11X,83.06337408878872,2.4579102291342996e-217,2.7488502442629377e-217,True
MFSD9,83.04451538438707,2.739798933148259e-217,3.063823124319483e-217,True
MAP4K1,83.0262604718035,3.0434299910453835e-217,3.403049382109781e-217,True
TPTE2,83.01330733525083,3.2790824164360338e-217,3.666208914594872e-217,True
GRIPAP1,83.0098018548153,3.3459376384168164e-217,3.74061201262461e-217,True
CAPN10,83.00376688005039,3.464244457645363e-217,3.8725167203593775e-217,True
TXN2,82.99857251641895,3.5694177407020036e-217,3.989717091082498e-217,True
LAS1L,82.98652802577541,3.8257440596936065e-217,4.275831596128148e-217,True
ELP3,82.97479011841378,4.093251876931602e-217,4.574389163101768e-217,True
COX7A2,82.94492462553455,4.861328686837084e-217,5.432248003488121e-217,True
LAG3,82.89597968495622,6.444123990230873e-217,7.2002646335679464e-217,True
TGIF2,82.80118049009607,1.1124604559400658e-216,1.2428797831249288e-216,True
GRID2,82.65654908041803,2.5593697999427878e-216,2.8591540609074257e-216,True
RPL10L,82.62469781556244,3.0749218361987304e-216,3.434777229856341e-216,True
INTS3,82.61399023581426,3.27060893227404e-216,3.653028791765034e-216,True
DPM2,82.59610537639158,3.6256404185490494e-216,4.049199664054872e-216,True
AP4B1,82.56566062163301,4.320907500690344e-216,4.825245575621221e-216,True
CACNA1S,82.53589250959891,5.1295131190064035e-216,5.7277043136141876e-216,True
QPCTL,82.47118911258418,7.447749861455886e-216,8.315522135080433e-216,True
CEP70,82.40255568781542,1.1061971487108064e-215,1.2349716187762381e-215,True
SLC8A2,82.37356013672954,1.3074430118030221e-215,1.459510469571437e-215,True
SNRNP25,82.33222351351665,1.6592650792277774e-215,1.8520820709391452e-215,True
CPA2,82.29852497030349,2.0150769783707886e-215,2.2490344472710338e-215,True
KCNIP2,82.29832370081638,2.017416669168258e-215,2.251438488644598e-215,True
SLC18B1,82.29028099289307,2.1131683388356864e-215,2.3580803280278183e-215,True
DGCR6L,82.28130764071369,2.2253751371752062e-215,2.4830630902833073e-215,True
BLK,82.22485410251122,3.08156165918874e-215,3.438075511521943e-215,True
RPN2,82.22017828252964,3.1657780175640954e-215,3.531710024748018e-215,True
PPCDC,82.21343445262819,3.291312595083179e-215,3.6714172520105177e-215,True
RPS6,82.1849379376773,3.879142882004675e-215,4.3267362914667523e-215,True
THOC6,82.16843167769717,4.266539937299923e-215,4.758395171584291e-215,True
ACTR1A,82.16379431057715,4.3821815583509573e-215,4.886918569487608e-215,True
LMO1,82.14598943789773,4.856066736620298e-215,5.414887405143156e-215,True
EIPR1,82.14203598656913,4.968058602061497e-215,5.53925739276945e-215,True
PPP1R17,82.1301976994014,5.319099051108048e-215,5.930113004463512e-215,True
COG4,82.12025658790859,5.632978660562645e-215,6.279470969591721e-215,True
ZNF653,82.09870647708873,6.378483454949522e-215,7.109882891117067e-215,True
GGA1,82.05800263302808,8.066397831181482e-215,8.990518068185172e-215,True
ALKBH4,81.9940780748845,1.1663401041887946e-214,1.2998413848466092e-214,True
DCPS,81.97270441671701,1.3193968785358965e-214,1.4702821255388986e-214,True
MRPS26,81.94856023417567,1.516595231611391e-214,1.6898765877004577e-214,True
NTPCR,81.922557109757,1.7620762443320633e-214,1.963225021488352e-214,True
EIF3I,81.91208737410994,1.8717990252888086e-214,2.0852814800616613e-214,True
HEMGN,81.90960049022604,1.8988506106154846e-214,2.115223957166045e-214,True
SAFB,81.87068302667838,2.3769126671901544e-214,2.647517720451994e-214,True
LRRC14,81.86884704910085,2.4022275345809577e-214,2.6754687774890084e-214,True
SRSF9,81.85543192695229,2.595569143578669e-214,2.890536440832396e-214,True
BCCIP,81.84430530753531,2.767685269077966e-214,3.0819291596328405e-214,True
ZNF787,81.7329246647972,5.26353105144904e-214,5.860615725697186e-214,True
KIRREL2,81.71832768943803,5.726205553934942e-214,6.375189541219633e-214,True
COX5B,81.7058345987708,6.1543721249290125e-214,6.851253457469877e-214,True
TAS2R3,81.67019897677878,7.559912715396628e-214,8.41517556804756e-214,True
ACTN2,81.6685379145727,7.632748585313868e-214,8.495471338827905e-214,True
RPL6,81.66793261530775,7.659464489169662e-214,8.524424213892275e-214,True
UXT,81.63927612035323,9.03733874645097e-214,1.0056974229732733e-213,True
FBXW12,81.59349720810575,1.1771097878202308e-213,1.3097966631133504e-213,True
THAP3,81.58899620817401,1.2080985777495674e-213,1.3441552050922676e-213,True
HTR5BP,81.5404347669709,1.5990687418258797e-213,1.7789933267633366e-213,True
COMMD9,81.53489084600817,1.6510829242540308e-213,1.8366914937879564e-213,True
GZMH,81.50508634832185,1.9611381068609768e-213,2.1814017371415634e-213,True
ROBO3,81.49028496991725,2.13612399817701e-213,2.3758230210020843e-213,True
USP40,81.48228112890456,2.2371679854379982e-213,2.4879770935302212e-213,True
RASSF1,81.40366867710861,3.522574972137501e-213,3.9171318055454347e-213,True
MRPL32,81.34582124450746,4.9199616702798863e-213,5.47053525657061e-213,True
TPSD1,81.24229800533203,8.946930168618407e-213,9.94723355993693e-213,True
FADS1,81.2374208262033,9.202606733177196e-213,1.0230557485287414e-212,True
MED31,81.20689215293925,1.0977658788121288e-212,1.22027675222014e-212,True
PCGF1,81.19185966826707,1.197371915507769e-212,1.3308767980730952e-212,True
XKR8,81.17903395613305,1.2894724138564182e-212,1.433114935432979e-212,True
RCVRN,81.15541841998015,1.4779901244888516e-212,1.642482241387409e-212,True
DEDD2,81.15055570851551,1.52010670483927e-212,1.689131311399911e-212,True
RTN4IP1,81.06832876688092,2.4447387425346996e-212,2.71632658451014e-212,True
FKBP3,81.0299527963844,3.051776060274088e-212,3.390489359604298e-212,True
CLPTM1,81.0134175470103,3.3578154035901524e-212,3.730153805197932e-212,True
TRAF2,80.96994248670401,4.3170518415534723e-212,4.795317733282432e-212,True
WDR45B,80.95117602628005,4.811686849659567e-212,5.344261314969147e-212,True
CPA1,80.91938513715901,5.782384605735321e-212,6.42181091990138e-212,True
CTRC,80.91687185373019,5.867007836923527e-212,6.515195034736808e-212,True
CFAP74,80.89782840783518,6.549783560565635e-212,7.272737594685044e-212,True
MAGEA9,80.84560437998037,8.858271590171664e-212,9.835131728893652e-212,True
OPN5,80.84544965208451,8.866199426076177e-212,9.84303227794628e-212,True
NDUFA9,80.81855610684943,1.035776091033667e-211,1.1497873420796804e-211,True
IGSF8,80.79008121573223,1.2211492171145078e-211,1.3554409678474556e-211,True
MINPP1,80.78048187061583,1.2908458355559415e-211,1.4326710509621976e-211,True
CD207,80.77597752909399,1.3249080037973794e-211,1.4703410072353597e-211,True
CYP51A1,80.76456939967537,1.4152539106533176e-211,1.570460262261032e-211,True
NLE1,80.72715195381599,1.7571273074869867e-211,1.9496473429159955e-211,True
MOGS,80.71837258647767,1.8486402214389382e-211,2.0509991547028016e-211,True
PMS2P5,80.67655197422623,2.3544471131266192e-211,2.611934465573431e-211,True
PNN,80.66485085144154,2.519294583839436e-211,2.794554259269916e-211,True
SPG21,80.61000381447693,3.459779669681323e-211,3.837446166701162e-211,True
SHANK1,80.60404178730019,3.5811725254615266e-211,3.971726747817441e-211,True
TIMM29,80.6017423063122,3.6291227582630884e-211,4.024538109565928e-211,True
TMCO6,80.60073448152346,3.6503404817482927e-211,4.04769733989689e-211,True
ZPR1,80.58418542620093,4.01704118879787e-211,4.4539077371817235e-211,True
JMJD6,80.57822312672268,4.158000237776367e-211,4.609774911498547e-211,True
NDUFA1,80.53421203022111,5.363552330305494e-211,5.945768756100887e-211,True
PTCD3,80.52821246934201,5.552975974723422e-211,6.155191547695439e-211,True
HCN1,80.52092381162797,5.792126269188726e-211,6.419690466773862e-211,True
NFKB2,80.50658908122153,6.292942176028604e-211,6.974131016439818e-211,True
UBE2M,80.48292897456506,7.216081672730727e-211,7.996466042311168e-211,True
LIMD2,80.48200869793295,7.254604730283616e-211,8.038420341910237e-211,True
PREB,80.44175628163451,9.157083374383483e-211,1.0145522773446355e-210,True
NDUFB6,80.41711790039261,1.0560162093969916e-210,1.169898418050661e-210,True
SEC61A1,80.41665160547844,1.0588693028051737e-210,1.1729519956688583e-210,True
PTPN6,80.40408483755945,1.138734165043819e-210,1.2613062453089523e-210,True
NDUFB10,80.40197346518275,1.1527317481331235e-210,1.2766938557213087e-210,True
HMOX2,80.40171400599655,1.1544636949788076e-210,1.2784952412326974e-210,True
DPPA2,80.3959732663121,1.1934574558483295e-210,1.321557621247232e-210,True
SNRPC,80.39198926143322,1.2212904649755685e-210,1.3522545685452906e-210,True
CACNG5,80.38404226461053,1.2787641032642772e-210,1.4157620293880324e-210,True
ACOT8,80.3728396787759,1.3644071622291725e-210,1.5104423397755278e-210,True
WDR55,80.3653411941986,1.4249151159683037e-210,1.577282534541848e-210,True
TUT4,80.34808173675678,1.5745848025638193e-210,1.7427973864754033e-210,True
ATP6V0D1,80.23761681389345,2.9841744246519015e-210,3.302671631117534e-210,True
TCF23,80.2209382310954,3.28663599892859e-210,3.6370824884984814e-210,True
AURKC,80.19286627652384,3.8665463776484136e-210,4.278436804185675e-210,True
EXTL2,80.1479024274741,5.01612312195356e-210,5.549967550595204e-210,True
CDKN2C,80.1139452008088,6.105869454651204e-210,6.755074338713324e-210,True
NDUFB4,80.1037516966497,6.477066052437262e-210,7.165084384709299e-210,True
LMF2,80.09591051122926,6.777893584714048e-210,7.497182775244428e-210,True
XAB2,80.02088457510708,1.0465503051241404e-209,1.1575075546272655e-209,True
APLP1,80.00747761369989,1.131037551320752e-209,1.2508381714360145e-209,True
POMC,79.95913035391142,1.4964831118723778e-209,1.654841113128714e-209,True
SH2D6,79.77898722772782,4.24850515792325e-209,4.697653883457597e-209,True
LMOD3,79.75780955305316,4.8030878351464043e-209,5.310382227074491e-209,True
CASP9,79.75274159130517,4.946205585079033e-209,5.468117109195444e-209,True
MAPK8IP3,79.74049891846806,5.309783231114618e-209,5.869523283564781e-209,True
CXCR5,79.73135401592303,5.598702337688989e-209,6.188334981076494e-209,True
DPH7,79.71539531892373,6.141068403576513e-209,6.78720196828542e-209,True
LIM2,79.69512746171563,6.906298001695988e-209,7.632249464541778e-209,True
TBX21,79.6622886873356,8.353797406097326e-209,9.231060360684757e-209,True
NCSTN,79.64930295849624,9.006662681753062e-209,9.951578254326007e-209,True
TMED1,79.63935370122685,9.541195716856169e-209,1.0541229901543063e-208,True
GIGYF1,79.62567243299705,1.0328439156864416e-208,1.1409946182403213e-208,True
PRADC1,79.58294532101941,1.323038795811713e-208,1.4614430729751765e-208,True
EBI3,79.57654925851222,1.3730023745297261e-208,1.5164951967243136e-208,True
KXD1,79.53001794325571,1.7980229302594368e-208,1.985753822941408e-208,True
HAMP,79.5188248107718,1.9185406554369095e-208,2.118661731366149e-208,True
PABPN1,79.5131162704934,1.9830834707269953e-208,2.1897374596604698e-208,True
HSPA5,79.50573144143047,2.0698120061712884e-208,2.285295667985095e-208,True
PLCZ1,79.4568102959837,2.7484462201728765e-208,3.034304652179928e-208,True
AMPD2,79.4429154143015,2.9789894097757247e-208,3.288526511729472e-208,True
MATK,79.43991912571809,3.0311855998737766e-208,3.345841544497352e-208,True
SMR3A,79.43640855132732,3.093505833543031e-208,3.4143201050904686e-208,True
RPS27A,79.41477529785301,3.5068507879932923e-208,3.8701789195242803e-208,True
SCML2,79.3977030787416,3.8717013193662173e-208,4.2724409097275635e-208,True
ACKR2,79.38649144856777,4.131724306860795e-208,4.558962502072325e-208,True
SMYD2,79.38130875054371,4.257757552580017e-208,4.6976005326636e-208,True
ZSCAN21,79.33793326315251,5.4752227114079325e-208,6.040284829603837e-208,True
GUCA1C,79.313975627979,6.2911749801533825e-208,6.939814642771799e-208,True
NT5C,79.28709966111744,7.352143185124932e-208,8.109434002737437e-208,True
BRAT1,79.27142397273782,8.05178015758067e-208,8.880327456117994e-208,True
MCOLN1,79.25190679433852,9.016666298700898e-208,9.943597968782049e-208,True
FUCA2,79.25106780712935,9.06064324220587e-208,9.991186880926003e-208,True
ART3,79.23355011541044,1.002949434846501e-207,1.1058534700026635e-207,True
HPF1,79.14382163715212,1.6876877865974486e-207,1.860677703422853e-207,True
TMUB1,79.1404342396529,1.72117580438915e-207,1.8974257094220875e-207,True
FTSJ3,79.13979052344895,1.727614383165122e-207,1.904350418543931e-207,True
DPY30,79.11946596849651,1.9437804617537006e-207,2.142435602598505e-207,True
LRRC61,79.09304263002458,2.265761957469686e-207,2.4970966859212234e-207,True
SURF6,79.09170907118272,2.2833576489928315e-207,2.5162601291901004e-207,True
SPHK2,79.04602688355693,2.976234528711623e-207,3.279512313157194e-207,True
ATP5MC1,79.00239687555417,3.8335349156100236e-207,4.2237875156357665e-207,True
SGPL1,78.91654516980991,6.308735476919884e-207,6.95033095076096e-207,True
LMX1A,78.91089825043068,6.518888855860721e-207,7.18120417218681e-207,True
SPACA3,78.90909526371594,6.587451969809654e-207,7.256073855341448e-207,True
KARS1,78.87760097449062,7.908458925726737e-207,8.710370624900918e-207,True
HIPK4,78.86800609588087,8.361315032344075e-207,9.208309332431624e-207,True
SYCP2L,78.8143996342087,1.1412776619494186e-206,1.256773966038413e-206,True
LAMC1,78.80206267107322,1.2259957724368767e-206,1.3499428425360905e-206,True
ERG28,78.78609408073464,1.3450608235031046e-206,1.480910745004962e-206,True
TBATA,78.74430237796503,1.7143303423554727e-206,1.8873047325431875e-206,True
HMGCR,78.65377691322759,2.8995379534402986e-206,3.1918088513987737e-206,True
RPAIN,78.62845314660862,3.3587878264936747e-206,3.697014985267986e-206,True
CWC15,78.6044349105717,3.8614224064821303e-206,4.249878555599817e-206,True
LPO,78.58785272585446,4.251702032048832e-206,4.6789951913296365e-206,True
SIRT6,78.58085102028011,4.428121310146294e-206,4.8727021170654844e-206,True
C20orf173,78.57391651789246,4.6100640745017157e-206,5.072451367079042e-206,True
CELA3A,78.53308432466369,5.843626243531243e-206,6.429155683797943e-206,True
LSP1P4,78.52193347946344,6.234553468838802e-206,6.858631196049002e-206,True
TSPAN17,78.50993484614993,6.684471965893146e-206,7.35291916248246e-206,True
CC2D1A,78.4798327517731,7.961422190319449e-206,8.756769784144121e-206,True
SETD9,78.43951216060499,1.006222825424696e-205,1.1066442650878393e-205,True
C5orf63,78.42998111140764,1.0634967286052079e-205,1.1695280181577002e-205,True
CDH20,78.4108021291707,1.1888205754570075e-205,1.3072281400299206e-205,True
RPL7,78.41062310742899,1.1900574149388904e-205,1.3084694769967556e-205,True
C19orf12,78.40993659053917,1.1948124215404787e-205,1.3135784667072087e-205,True
STRCP1,78.33021424436429,1.89855675514303e-205,2.087086695007147e-205,True
PNPLA6,78.26921483120822,2.7060378816681044e-205,2.974482336015666e-205,True
PITPNC1,78.14618163149494,5.5311952832181834e-205,6.0793498252942986e-205,True
NDUFV3,78.10071332870302,7.204117088588897e-205,7.9173442745126566e-205,True
DUS3L,78.0582786168957,9.219232655486384e-205,1.0131043264418995e-204,True
TIMM9,78.04058814847792,1.021766724186268e-204,1.1227208330842949e-204,True
SYCE2,78.0234696212561,1.1286684706133943e-204,1.2400724373040484e-204,True
SNAPC4,77.88225225226475,2.5651615608449467e-204,2.8180975566940767e-204,True
SMC1B,77.84411032461637,3.202084047020911e-204,3.517504559853872e-204,True
CHAT,77.83613111101411,3.354155142626104e-204,3.684221514943243e-204,True
DDX56,77.83088386973391,3.458075803107339e-204,3.7980243621697165e-204,True
IGF2-AS,77.70938507406174,7.009778767221447e-204,7.698182480182858e-204,True
LENEP,77.70230583336438,7.304433965619023e-204,8.0210479691307e-204,True
MRPL16,77.68714149228609,7.977975696507599e-204,8.759875126183433e-204,True
FLOT1,77.59185281562536,1.388748932252966e-203,1.5247182824717375e-203,True
RASL10A,77.58804563874826,1.4198512590109986e-203,1.5587245935275607e-203,True
ITPA,77.57775240231088,1.5074739706450252e-203,1.6547676783626727e-203,True
CD69,77.56151992974993,1.6567766089636726e-203,1.8184938476872184e-203,True
C14orf93,77.54630333559955,1.8101411970911008e-203,1.9866484011895267e-203,True
MVB12A,77.51408063308446,2.1834074975263203e-203,2.3960950285183828e-203,True
MRPL15,77.51230282887353,2.2061102406124217e-203,2.4207901092336175e-203,True
CACNG6,77.49994900031149,2.3705279326577856e-203,2.600972085416155e-203,True
ELOCP28,77.49033500058769,2.5069170509776453e-203,2.750370937817994e-203,True
EBPL,77.42948951113114,3.571978584184766e-203,3.9185089952477585e-203,True
PTX3,77.36207423074832,5.288126529056583e-203,5.800621643762909e-203,True
CCDC116,77.35598332544879,5.478955370962731e-203,6.009400742563357e-203,True
EEFSEC,77.34092790103554,5.980727154350199e-203,6.559158107756546e-203,True
CFAP47,77.3240220596335,6.59916368910384e-203,7.236752509437014e-203,True
POLR1H,77.31813990932,6.82901769350922e-203,7.488136814176279e-203,True
PELP1,77.30611878383209,7.323971634594484e-203,8.030136048711499e-203,True
NAPSB,77.29607398307701,7.764967089402518e-203,8.512881528238883e-203,True
APOL2,77.24619682356513,1.0380896662622285e-202,1.1379745826036114e-202,True
STYXL1,77.21604748324275,1.237262181099484e-202,1.356188819901252e-202,True
SPSB3,77.20988990069941,1.2824208050910588e-202,1.4055610306793684e-202,True
POLE4,77.20220609521564,1.341091863909837e-202,1.4697328970540677e-202,True
EDF1,77.16112370232757,1.703481321373114e-202,1.8667149319910403e-202,True
SENP3,77.08647952379667,2.630872224832235e-202,2.8827111189927103e-202,True
NOPCHAP1,77.01350652659204,4.024038067843737e-202,4.408838526608982e-202,True
NINL,77.01148948617639,4.0715888677197804e-202,4.460533235833636e-202,True
GTF3C5,76.92423550867565,6.768309470059962e-202,7.41419188469789e-202,True
TMC2,76.85964179485545,9.86050602131913e-202,1.0800492815616742e-201,True
C7orf50,76.83594617000443,1.1320172963699506e-201,1.2398187266531027e-201,True
C18orf21,76.82469351331294,1.208718313930536e-201,1.323704345601767e-201,True
ABHD14A-ACY1,76.79857041901398,1.4074255755930467e-201,1.5411755038246532e-201,True
CLEC10A,76.77766559115592,1.5897329027069453e-201,1.7406505506831894e-201,True
CNGA4,76.76514976550322,1.7099992053984245e-201,1.8721649537427478e-201,True
CACTIN,76.64645350324372,3.4150635351032946e-201,3.738589377090413e-201,True
C12orf57,76.64417219333734,3.46077303499642e-201,3.788287044448853e-201,True
THOC5,76.63382085099279,3.6759889962068096e-201,4.02350687241706e-201,True
SPTBN5,76.60225775221025,4.418442551135035e-201,4.835713308492136e-201,True
RHBDL1,76.5863558785764,4.847559192726969e-201,5.304876097701211e-201,True
TAS2R10,76.5552706331931,5.810528899842863e-201,6.3581180108228184e-201,True
URM1,76.54523933776254,6.160429174522617e-201,6.740384732698183e-201,True
LBHD1,76.5081077981718,7.649229646119298e-201,8.368588607424019e-201,True
PGBD1,76.50373784487765,7.846602375783008e-201,8.583748217601446e-201,True
U2AF1,76.47743607174826,9.146922944271143e-201,1.0005323942470203e-200,True
BTF3P11,76.47370630568045,9.347999376629852e-201,1.022434796025508e-200,True
DRD4,76.46377452191105,9.905262244829451e-201,1.0832875219399368e-200,True
LRRC74A,76.44159476743951,1.1272672837360528e-200,1.2327229601667507e-200,True
TRAP1,76.39878187354185,1.4469027551102572e-200,1.5821175534409648e-200,True
SLC4A2,76.3845501002989,1.5720977642596614e-200,1.7188571388432954e-200,True
GANAB,76.34495537173831,1.9804025310791358e-200,2.165082925842468e-200,True
ATF4,76.33596573408877,2.0869923199448836e-200,2.281406880906473e-200,True
PSMB7,76.31392785771317,2.373210047771833e-200,2.5940533993769307e-200,True
DOHH,76.31119544493257,2.4113304150967647e-200,2.6354834813635365e-200,True
ADCY10P1,76.27624783281922,2.956472408346058e-200,3.2310096045772556e-200,True
MVD,76.26675647586175,3.124748363011921e-200,3.4146037732291087e-200,True
RPL13,76.18119382479571,5.1470865190127666e-200,5.624029455874594e-200,True
METTL1,76.11656033685959,7.504364046605899e-200,8.198999637039811e-200,True
COPS7B,76.088224303687,8.853421720454036e-200,9.672060030222045e-200,True
NIPSNAP3A,76.05710662386781,1.0616001628391471e-199,1.1596573104385095e-199,True
IER2,76.03057692210051,1.2393356012880539e-199,1.3536877057860686e-199,True
CNTLN,75.93465619193935,2.169135316199621e-199,2.369065528693739e-199,True
CDC42EP2,75.89838262176507,2.680578860577585e-199,2.9273853106235573e-199,True
PCDHB2,75.75083460229854,6.34280900847653e-199,6.926180596410458e-199,True
TRMU,75.7189374871549,7.641151016302126e-199,8.343184346929775e-199,True
SLC5A5,75.71473080882575,7.831148331148382e-199,8.549867609671322e-199,True
COL9A3,75.66364858135739,1.0552588332547872e-198,1.1520035641853864e-198,True
SEPHS1,75.60772292161523,1.4628135541672753e-198,1.5967785595331573e-198,True
CDC20B,75.53584572861591,2.2258457549947694e-198,2.4294707583330267e-198,True
GADL1,75.53086353511974,2.2915672548350613e-198,2.5009794060601972e-198,True
SLC25A1,75.42452183593183,4.264828083105292e-198,4.6541453027909925e-198,True
FBXO40,75.3968325728462,5.0136383651140315e-198,5.470818639113538e-198,True
ATG10,75.39056707232517,5.200558187742846e-198,5.6742723989035814e-198,True
FAM3A,75.37578747132454,5.6695660468621875e-198,6.185445020255912e-198,True
MCCC1,75.35111466553224,6.548680288186879e-198,7.143907708189467e-198,True
ARHGAP33,75.26618997615286,1.0756265869120159e-197,1.1732876348913396e-197,True
CD1C,75.25390341566872,1.1556949580937797e-197,1.2605123521695877e-197,True
NTMT1,75.25373023056335,1.1568651679128298e-197,1.2616751745784364e-197,True
CTNS,75.25351753322548,1.1583039833524574e-197,1.2631307022488746e-197,True
RPL32,75.18567364358252,1.7219274272809296e-197,1.8775932601870494e-197,True
KATNB1,75.1521055378844,2.0951793099170107e-197,2.284382406441267e-197,True
GALNT8,75.14096587337131,2.2361367570042552e-197,2.4378496059362874e-197,True
STUB1,75.07250034896377,3.3366139910842596e-197,3.6372693165398734e-197,True
SHISA5,75.06794658519475,3.4266285401138523e-197,3.735059002181469e-197,True
WDR74,75.02204773295446,4.4812618182217097e-197,4.8841805215324193e-197,True
PSMC4,74.99862325773164,5.138981105105014e-197,5.600533035699269e-197,True
CTBP1,74.99407034419704,5.27761322047008e-197,5.751099196200855e-197,True
MT2P1,74.99183919099256,5.346909484979712e-197,5.826088699049355e-197,True
STON1-GTF2A1L,74.98887490128091,5.440385817608377e-197,5.927409390710835e-197,True
SDR39U1,74.97638852849651,5.852417861694118e-197,6.37575351122999e-197,True
BUD23,74.9702011999912,6.068014170730952e-197,6.610034847016589e-197,True
CHPF,74.88155414401251,1.0189791254872543e-196,1.1098989090804651e-196,True
MC4R,74.86121065307053,1.1477118352702878e-196,1.2500056484408291e-196,True
LAMTOR1,74.84811087757787,1.239093856876517e-196,1.3494111699808766e-196,True
TERB2,74.84447554516261,1.265719634792745e-196,1.3782836339343922e-196,True
CFP,74.83640583298417,1.3268867560446292e-196,1.4447607344626782e-196,True
OGFR,74.81592394269926,1.4957445808422844e-196,1.6284727689033744e-196,True
HERC5,74.80638140706088,1.5815975316697333e-196,1.7217894278312086e-196,True
RPL9,74.80557845172581,1.5890426261884144e-196,1.7297391087155137e-196,True
DCST2,74.80218932668687,1.6208552138138742e-196,1.7642100118390756e-196,True
MCHR2,74.79475834510552,1.6928550101718034e-196,1.8424123211799787e-196,True
CSAD,74.75549291158111,2.1299180949365752e-196,2.317880164002259e-196,True
NR5A1,74.7185959959654,2.642994772180504e-196,2.875976896622268e-196,True
CSMD3,74.6916884943418,3.0935464768009715e-196,3.365942948728245e-196,True
ART1,74.68815287991158,3.15819816120832e-196,3.435979008272057e-196,True
ANKLE1,74.68311163714934,3.252725958374338e-196,3.5385034611337813e-196,True
RTP4,74.63441046205709,4.325010036548381e-196,4.704573910897296e-196,True
RPL18,74.5989787171469,5.32131698955723e-196,5.787797626506302e-196,True
SPATC1L,74.53780799569152,7.611464413836585e-196,8.277962643506825e-196,True
FBXO24,74.44719739566085,1.2934939113066918e-195,1.4066325641750892e-195,True
ZP4,74.447075346452,1.2944182169526833e-195,1.4075114483226073e-195,True
SEC61B,74.35211858965937,2.2566277995079168e-195,2.4535691259875294e-195,True
LGALS13,74.32803843946287,2.5982442975094825e-195,2.8247459528618784e-195,True
DRG2,74.26011382986039,3.8670784945649686e-195,4.203813605157972e-195,True
KLHDC4,74.25832041465169,3.907897587414139e-195,4.247806183163037e-195,True
PSD,74.25498637935824,3.984930909992528e-195,4.33115148309239e-195,True
PPEF2,74.1501739573507,7.361398182750118e-195,8.000257196637702e-195,True
MAD2L1BP,74.01822591712227,1.5943445364165997e-194,1.7325544124107595e-194,True
PPP1R3A,74.01442562789087,1.630233512080084e-194,1.771395718307169e-194,True
ARHGEF18,74.00429830964738,1.729869198749921e-194,1.8794904030874376e-194,True
YJU2,74.00360507517458,1.7369081060083723e-194,1.8869689963285078e-194,True
AXDND1,73.98805505107926,1.9025515822507893e-194,2.06673808406166e-194,True
RAB13,73.98603107581006,1.9252430480518516e-194,2.0912003788964645e-194,True
FAM217A,73.95830154956263,2.2648178366819872e-194,2.4598263431824252e-194,True
CHMP2A,73.93646618376256,2.5738786928848303e-194,2.795247940794653e-194,True
CCN6,73.92009795802,2.832921777557394e-194,3.076294704609042e-194,True
AVIL,73.88117261518163,3.5586031126569057e-194,3.8639723156240604e-194,True
KCNS1,73.74733174994175,7.796362871595577e-194,8.46462254630377e-194,True
FGFR2,73.74270862828169,8.010488791666706e-194,8.696323225200054e-194,True
IZUMO4,73.62240173559057,1.621459272116058e-193,1.7601262018976318e-193,True
USE1,73.59888588242704,1.861122815996638e-193,2.0201048330507918e-193,True
CMTR1,73.56865605121342,2.221984850352336e-193,2.4115767173400503e-193,True
TP53,73.54315470197476,2.580309262986566e-193,2.800224609303774e-193,True
MYG1,73.4629333488224,4.129993056079297e-193,4.481584086097328e-193,True
ANKRD33,73.42782732275406,5.074041480158498e-193,5.505507592416873e-193,True
ERAL1,73.40271927600502,5.878959768757656e-193,6.37830039531731e-193,True
SHB,73.35847771177686,7.620521279173696e-193,8.267044831407153e-193,True
NDUFB9,73.31936000300333,9.585753527278427e-193,1.0398076443639292e-192,True
SAXO4,73.27596297484494,1.2364511331675634e-192,1.3411113668805657e-192,True
CRYBB1,73.2737475651051,1.2526241914767752e-192,1.3585318465671888e-192,True
SLIRP,73.1836427762974,2.125134179480171e-192,2.3046051640417458e-192,True
TIMM44,73.13143280787958,2.8868423034399295e-192,3.1303607122550163e-192,True
RFPL3,73.11581736482474,3.1638471960238266e-192,3.430425376583258e-192,True
CRYBB2P1,73.05834282000025,4.4328872316671596e-192,4.8059618122054654e-192,True
CD3D,73.0394586785431,4.952398137235884e-192,5.3687149185810574e-192,True
PAGE5,73.02618217351821,5.3536949071471455e-192,5.803227189880863e-192,True
RHBDL3,72.98917995119712,6.6522166834715206e-192,7.210136859535208e-192,True
NDUFA8,72.96500651752092,7.66627205626904e-192,8.308497976405301e-192,True
PTCD1,72.89462563805439,1.1587790293693964e-191,1.2557410507791725e-191,True
TRMT61A,72.88661941092322,1.2145399357601042e-191,1.316050156546347e-191,True
REXO4,72.8841804956774,1.2320537696763273e-191,1.3349084551319665e-191,True
HTR3B,72.7950764773928,2.0788095895834114e-191,2.252152099823944e-191,True
SLC12A5,72.75877671584931,2.5726334716152105e-191,2.7869046419052353e-191,True
JPH3,72.73032989813699,3.040330998453482e-191,3.293261760633823e-191,True
CCT8L1P,72.68316611675895,4.010542576438295e-191,4.3437988841659234e-191,True
GEMIN6,72.66563822039335,4.44536545059452e-191,4.814323237032678e-191,True
RPP25L,72.64560861018599,5.0002784173072636e-191,5.4148092705555345e-191,True
TMPRSS15,72.63004101971968,5.4790038946492894e-191,5.932691845550575e-191,True
LYZL4,72.60354843148451,6.401438272101626e-191,6.930889133120393e-191,True
APBA3,72.56093592301642,8.222021040096246e-191,8.901253822277993e-191,True
RPS8,72.46714613546403,1.4264610125349675e-190,1.544165064649837e-190,True
ULK3,72.3982322482107,2.1384738633187368e-190,2.314722758384653e-190,True
RPS13,72.35680557542025,2.727855974191755e-190,2.9524169749243264e-190,True
FKBP8,72.33520285676913,3.097085106216472e-190,3.3517423138609115e-190,True
SMUG1,72.3282745478554,3.2257831499017463e-190,3.490710885833688e-190,True
HPS6,72.29357476236765,3.9554644406374876e-190,4.2799375122206216e-190,True
ANKMY1,72.21367621278469,6.326163999895385e-190,6.844498394031761e-190,True
TELO2,72.2010625785359,6.813023736051437e-190,7.370591140420841e-190,True
PRLHR,72.16762630710971,8.292741147191197e-190,8.970605763542004e-190,True
CXorf58,72.1547787786683,8.94329461803233e-190,9.67347348619505e-190,True
PLOD1,72.14744708525906,9.337175784070021e-190,1.0098612139052177e-189,True
RPS3,72.1186986096603,1.105639764102499e-189,1.1956967811981883e-189,True
SCYL1,72.03921316254694,1.7642902366138543e-189,1.9078257134909134e-189,True
INSL4,72.01923269548124,1.984232560102729e-189,2.1454702607764945e-189,True
TYR,71.97149632238934,2.627248073515648e-189,2.8404835129465473e-189,True
CCDC22,71.94568232711485,3.0579414105159775e-189,3.305838382081038e-189,True
ELOF1,71.93029444343273,3.3475791110596432e-189,3.618633314095327e-189,True
TBCB,71.9148459900492,3.665965741944336e-189,3.962446431016428e-189,True
CEACAM21,71.90880729561789,3.798502409787699e-189,4.105335789180322e-189,True
CD1E,71.87687301487686,4.5833366409212265e-189,4.953125324172872e-189,True
SNU13,71.86239073929995,4.990859037460782e-189,5.393046287404135e-189,True
SUMF2,71.80598894944612,6.9543717119958045e-189,7.514118361067219e-189,True
MNS1,71.79302367907951,7.505521164018997e-189,8.108906198773466e-189,True
PILRB,71.79250692500251,7.528371563926257e-189,8.132868737003305e-189,True
RBCK1,71.76715885926119,8.738991522386661e-189,9.439855216037348e-189,True
SLC19A4P,71.76119729841056,9.05091764985703e-189,9.775926557209919e-189,True
NTN5,71.71984874822597,1.1543553712650743e-188,1.2467120287308651e-188,True
LACRT,71.69359451475627,1.3471759014936898e-188,1.4548299579426734e-188,True
TARBP2,71.66257941445046,1.6168822294603464e-188,1.745933225148612e-188,True
MRPS18C,71.59968115141713,2.341095864639489e-188,2.5277245988385044e-188,True
ENGASE,71.59006458740143,2.477403179218293e-188,2.6746598983331092e-188,True
SSBP1,71.55208246587667,3.0979454089920887e-188,3.344313317998228e-188,True
ARFGAP1,71.50862803661862,4.00079182708365e-188,4.318575113794124e-188,True
RPS12,71.49124348284244,4.431844676993596e-188,4.7834405818285436e-188,True
MRPS18A,71.49058660754427,4.449012968833128e-188,4.801543376798004e-188,True
GSDMD,71.45877677719078,5.365129662250625e-188,5.78973575766065e-188,True
CALHM4,71.38955150142516,8.064180970377281e-188,8.701620235260227e-188,True
TAF11,71.32567419635339,1.1745962150147677e-187,1.267330246409347e-187,True
ARMC6,71.31319170493867,1.2641758818778416e-187,1.363860808127732e-187,True
NAA10,71.28887732039217,1.4587600354353062e-187,1.5736485849912595e-187,True
STT3A,71.2543215864417,1.7879452194461785e-187,1.928588000545166e-187,True
ALLC,71.24968152576199,1.837472345270095e-187,1.9818346622799265e-187,True
ACTL6B,71.22985162876219,2.0650732275688155e-187,2.2271190093050875e-187,True
GATA1,71.17898586031284,2.7863306418839096e-187,3.0047059906517883e-187,True
IL5,71.16521221712154,3.021781704669643e-187,3.2583203899666795e-187,True
TBX20,71.13984016119117,3.508831832745351e-187,3.783159252560628e-187,True
TUBGCP2,70.99508443135228,8.231806804987963e-187,8.874596414982577e-187,True
CFAP20,70.9890476684852,8.529850455335067e-187,9.195095350784498e-187,True
TBCD,70.8959026675523,1.4767055051693274e-186,1.5917325390060989e-186,True
COQ8B,70.83856242071275,2.0703572308427004e-186,2.231427967660284e-186,True
NTN3,70.80673235348719,2.4975558544024064e-186,2.691622694440431e-186,True
RPP30,70.79846707404221,2.6222326986716234e-186,2.825736045274906e-186,True
PYCR2,70.73878289313457,3.727780316234898e-186,4.016724710524394e-186,True
HSPBP1,70.70683411253952,4.500281842190747e-186,4.848672694963669e-186,True
FLT3LG,70.66882252511724,5.6306238760493146e-186,6.065981392238695e-186,True
SNRNP70,70.63469768882229,6.885389946550106e-186,7.417106276733349e-186,True
SURF2,70.60042081175911,8.427438469216017e-186,9.077431057742719e-186,True
SLC35B2,70.5881696453537,9.058712865964983e-186,9.756527530984231e-186,True
COASY,70.55910639493624,1.0752021920130236e-185,1.157924748719072e-185,True
TMIGD2,70.37037802640032,3.27247698016415e-185,3.523937634676186e-185,True
SNRPD2,70.36230972193641,3.4319874487392864e-185,3.69537678571839e-185,True
ARFRP1,70.35536151676378,3.575572657121706e-185,3.849639554989725e-185,True
DDX54,70.30311889621419,4.8661822387228e-185,5.2387088008701405e-185,True
PDE6C,70.3003776566833,4.945516394362754e-185,5.323643524772694e-185,True
JOSD2,70.2950173166134,5.104407941836859e-185,5.494195797455728e-185,True
ANAPC15,70.26072898280799,6.248832240054565e-185,6.725414579946855e-185,True
NPPC,70.24500613143682,6.856237405943019e-185,7.378489864598835e-185,True
EXOSC5,70.21080104485338,8.389468037367615e-185,9.027708082465178e-185,True
SHISAL2B,70.19732313468427,9.083900597530732e-185,9.774102879750358e-185,True
NKX2-4,70.14876526874943,1.2097961306396052e-184,1.3016019078382262e-184,True
ABHD8,70.1318684529291,1.33664652475713e-184,1.437950760836522e-184,True
AAMP,70.09230747821869,1.6881529064070677e-184,1.8159365987635526e-184,True
GJA10,70.06665005638558,1.964156712769965e-184,2.1126448688728942e-184,True
INTS11,70.05936273287732,2.0504792529364224e-184,2.205297622579657e-184,True
RFT1,70.03273206370602,2.399488655787401e-184,2.5804295143235337e-184,True
RPL36,69.8330681413823,7.79893016899776e-184,8.386288610715057e-184,True
ENY2,69.77937089897654,1.070883518918228e-183,1.1514325010046796e-183,True
TRIM67,69.77363058764908,1.107807158607907e-183,1.1910277939374765e-183,True
PFKL,69.74847890451875,1.2852023962014687e-183,1.381626768956563e-183,True
IFT43,69.71292668112868,1.5854727949874067e-183,1.7042742946561446e-183,True
SGTA,69.56988667170431,3.690645056383669e-183,3.966838036308107e-183,True
RHOC,69.54089081294998,4.380242939381734e-183,4.707625224859064e-183,True
UNC13A,69.49342797317614,5.798084646344212e-183,6.230884936434799e-183,True
PARS2,69.48523252167816,6.085757332056127e-183,6.53945132339193e-183,True
ATP23,69.46405114654405,6.897139207756561e-183,7.410664906614521e-183,True
TP53I13,69.33011000427409,1.522059551585771e-182,1.6352393764355858e-182,True
CLEC4F,69.32637818461876,1.5560039570041407e-182,1.671559727650141e-182,True
IFRD1,69.28080424814506,2.0370329428884878e-182,2.188118150969805e-182,True
CNBD2,69.23565427414064,2.6601563598091617e-182,2.8572049790542847e-182,True
WDR83,69.15887786392904,4.188231936513965e-182,4.4980727858972516e-182,True
HTRA2,69.08509334264755,6.478879325966687e-182,6.957563358377762e-182,True
TRAPPC2L,69.06872038083846,7.137517376145442e-182,7.664185103519803e-182,True
MAP1LC3A,69.0438812700179,8.266826793162445e-182,8.87603847535121e-182,True
TIMM13,69.03020932930714,8.962977999864453e-182,9.62263920949047e-182,True
CHCT1,69.00762905658044,1.0243467710498975e-181,1.0996397058684784e-181,True
SLC35B1,68.95499702289631,1.398413726080045e-181,1.501068908841079e-181,True
DEFA6,68.91438076983296,1.778158105973182e-181,1.9085206800608208e-181,True
SETD6,68.90049829511382,1.9303382635673352e-181,2.0716742302756297e-181,True
PLA2G2D,68.87621873308379,2.2284766408356362e-181,2.3914300495936247e-181,True
RHOT2,68.873097448121,2.270005649262438e-181,2.4357801611365207e-181,True
AP1S1,68.79130123642803,3.682863068319557e-181,3.951466287322506e-181,True
CAPNS1,68.75951828457785,4.444820595756879e-181,4.768573790757136e-181,True
PPIB,68.69983568336019,6.327418311866048e-181,6.787695997915065e-181,True
ANKZF1,68.62534837627565,9.832603935063679e-181,1.0546927254299788e-180,True
NXPH2,68.60611033952527,1.1018366571989631e-180,1.18177879654626e-180,True
PRODHLP,68.56908770103159,1.3717779854156623e-180,1.4711751516596177e-180,True
MZT2B,68.55384126924424,1.5013318840782653e-180,1.6099739117831503e-180,True
GLS2,68.51919378043154,1.8430906873209378e-180,1.976288837833207e-180,True
CTDP1,68.50920823383159,1.9553213138325384e-180,2.096444805083852e-180,True
NLRP2,68.5078252796861,1.97139455488522e-180,2.1134911819508836e-180,True
FPGS,68.48607435555962,2.2423012069722078e-180,2.4037119942445263e-180,True
WDR24,68.43552679217278,3.0245298000109256e-180,3.2419621748812843e-180,True
AUP1,68.42430707491341,3.232264005324029e-180,3.464323985193446e-180,True
MED24,68.42048756940167,3.306191151532778e-180,3.5432454370860516e-180,True
SLC22A16,68.382480730783,4.140561487279307e-180,4.437047944554435e-180,True
RPL23,68.3537952067696,4.90711540810582e-180,5.2580264277431935e-180,True
FBXW5,68.33104362293302,5.614829843514215e-180,6.015818221944433e-180,True
EMC9,68.29091016697802,7.1212159308874515e-180,7.6291099879997955e-180,True
MMACHC,68.28137094281078,7.535097067656761e-180,8.071796275551012e-180,True
MLF2,68.25948303429122,8.57799546678209e-180,9.188164800594902e-180,True
MAP2K3,68.2272229207146,1.0384007146098296e-179,1.1121658828857002e-179,True
LYPLA2,68.22314065183738,1.0638140393567829e-179,1.1392838400108597e-179,True
TXNL4B,68.17028936427627,1.4548607780510128e-179,1.557934836707984e-179,True
SMIM8,68.16638352561435,1.4889134023904008e-179,1.594259187684519e-179,True
PGAP2,68.0783045484849,2.5088679417976635e-179,2.6861417762295773e-179,True
PSPH,68.06797129240104,2.6672612815268497e-179,2.855474808325397e-179,True
MIEN1,68.05461374387426,2.886926235626792e-179,3.090367346191096e-179,True
CHFR,67.96969343903076,4.7748914346897024e-179,5.1109257369808894e-179,True
DDX49,67.94976682753443,5.3733651322145696e-179,5.7510093707138455e-179,True
CCDC175,67.91386875720936,6.647189500783337e-179,7.113731008077657e-179,True
GPSM1,67.88116651112298,8.068821706617142e-179,8.634380007734198e-179,True
CLRN1,67.87961512276804,8.143354787630795e-179,8.713368058580678e-179,True
CCDC81,67.85909240718688,9.196645800610585e-179,9.839518128420256e-179,True
MRPS7,67.82376758184992,1.1338654099087197e-178,1.2130188420186656e-178,True
PSMB1,67.80739340725552,1.2494344359161205e-178,1.3365376131464182e-178,True
SPZ1,67.78664453027837,1.412957530993911e-178,1.5113272029213966e-178,True
CNPY1,67.75334810784773,1.7212795569764438e-178,1.840952072495893e-178,True
WDR18,67.7513417953224,1.7418745612454569e-178,1.8628145947434875e-178,True
CRTC2,67.74972673812462,1.758632230733011e-178,1.880569857175861e-178,True
POP4,67.67870339266493,2.6794493107962646e-178,2.8649805544211273e-178,True
TAB1,67.67108412367249,2.803270921173438e-178,2.9971114928968437e-178,True
PNLDC1,67.65655091492079,3.055545133228047e-178,3.2665418559829243e-178,True
MAN2B1,67.63783708280874,3.4141228837185387e-178,3.6495588709379304e-178,True
GLRA1,67.62361841407781,3.714455345678157e-178,3.970251979570639e-178,True
TRUB2,67.5639517483582,5.291269915654274e-178,5.655155520857089e-178,True
TEX12,67.5491542476777,5.776595055438581e-178,6.17331263881041e-178,True
RNF8,67.41595130067189,1.272899319807e-177,1.360197950872748e-177,True
OAZ1,67.36809846304436,1.690756959844837e-177,1.806554064983615e-177,True
RPL31,67.36609610565573,1.710961608268752e-177,1.8279813692432409e-177,True
PCOLCE,67.32612058931608,2.168909616754293e-177,2.3170461244642236e-177,True
CDK9,67.30835260031621,2.41004473037212e-177,2.5744238827609126e-177,True
DAPK3,67.26816396232398,3.059052098583406e-177,3.2674094227709975e-177,True
RLBP1,67.25424451225246,3.322443807640879e-177,3.5484285318257916e-177,True
EPB42,67.23055302327438,3.8239605082357003e-177,4.083697408231271e-177,True
YIPF3,67.09703359865836,8.446180497284058e-177,9.019080337216117e-177,True
SMAD5-AS1,67.0568630033941,1.0720559359801235e-176,1.1446720739849428e-176,True
SLC2A4RG,67.03961380677096,1.1876463874702324e-176,1.2679804041671797e-176,True
FFAR1,67.01650481099786,1.3622792819550734e-176,1.4542976183055392e-176,True
ARHGAP4,66.97786402733362,1.7135416798014067e-176,1.8291257698619806e-176,True
IL22,66.94234783185757,2.11579446144594e-176,2.2583129754026316e-176,True
MAP2K2,66.79407614096091,5.103409197245966e-176,5.446691872602184e-176,True
INTS4P1,66.71336173526015,8.242619273254012e-176,8.796287598414045e-176,True
CROCC,66.66406110031588,1.1047226756337937e-175,1.1788246720099337e-175,True
FKBP1B,66.57631744374821,1.8605784757531735e-175,1.9852066088442892e-175,True
TTLL8,66.57402842913801,1.8860559754503577e-175,2.0122135657814854e-175,True
CCL1,66.54714702380643,2.212694367431025e-175,2.360492926339777e-175,True
AKAP8L,66.53137487020399,2.4300923069257168e-175,2.5921839972328e-175,True
DNAAF2,66.51709437610583,2.645305400072211e-175,2.8215039207809366e-175,True
PRKAG3,66.50150314972541,2.9021012747962644e-175,3.095132117990526e-175,True
UBE2J2,66.44119857520371,4.152920995820957e-175,4.4287594186101564e-175,True
RBFA,66.43318717325982,4.3554374627198527e-175,4.644318518920659e-175,True
CRYAA,66.38663503478992,5.743717764666014e-175,6.124139919366824e-175,True
TPRA1,66.37052261150782,6.320992702357557e-175,6.739056599646289e-175,True
RPL27,66.29066996533965,1.0160937029370139e-174,1.0832018175184666e-174,True
IMPG2,66.2552672244677,1.2541224013550542e-174,1.3368336043990475e-174,True
ATP5MC2,66.23871787270949,1.383791747908827e-174,1.4749251356854656e-174,True
DNAJC17,66.22903277284782,1.4658128206485904e-174,1.562210569008459e-174,True
TBCC,66.14281794137975,2.4474463364362394e-174,2.608170944200448e-174,True
GFM2,66.09046053219944,3.3414493536014925e-174,3.5605704170496915e-174,True
MOV10,66.08247005289385,3.5040703105275637e-174,3.7335273186442058e-174,True
DDX43,66.07836110732657,3.590753399273749e-174,3.825550422393776e-174,True
POLR2J,66.075424581142,3.6540141305109326e-174,3.8926056147335907e-174,True
WNT6,65.98638171198787,6.205487034026601e-174,6.610097875788265e-174,True
ATP6V0B,65.97069647736109,6.8123394424410545e-174,7.255880741698485e-174,True
TULP2,65.96579348814474,7.01394978253331e-174,7.469961277795536e-174,True
MAGOH,65.93703684209079,8.32252102512195e-174,8.86283052503982e-174,True
TSR3,65.93520788117397,8.413566365146858e-174,8.958999602803075e-174,True
ASB15,65.83705298880056,1.5086657622895245e-173,1.6063281836164793e-173,True
TKFC,65.79795759628581,1.9037988673680745e-173,2.026861924313701e-173,True
ZMAT5,65.67017440376345,4.072710390500645e-173,4.3355928122990095e-173,True
LRRIQ3,65.66313054649426,4.247086395417296e-173,4.520827299372012e-173,True
ZNF516,65.66156026612231,4.286966842845029e-173,4.562877519445732e-173,True
HDGFL1,65.64263140418848,4.798223037170759e-173,5.106589961069705e-173,True
TRMT2A,65.62997517603168,5.173652225273411e-173,5.505663442609454e-173,True
MAGEB4,65.56373809568656,7.674239271269711e-173,8.166004954909711e-173,True
MSS51,65.45846006054234,1.4363088929575434e-172,1.5282134995551077e-172,True
NHP2,65.25709426178733,4.764994373541981e-172,5.0694454797328323e-172,True
ZIC3,65.04857056690835,1.650445322422417e-171,1.7557435891535355e-171,True
UBAC2,64.9625866929331,2.7551179612041255e-171,2.9306370591186737e-171,True
GGACT,64.91022100416465,3.764335089148608e-171,4.0037966088145503e-171,True
PFDN5,64.86478941858886,4.935128491378396e-171,5.248607437488061e-171,True
TAAR8,64.8335598004408,5.944967432318209e-171,6.32203660097915e-171,True
ANAPC11,64.81436413910589,6.665733113386309e-171,7.087896210567442e-171,True
ZNF285CP,64.81128582197164,6.789190481511651e-171,7.218539340135447e-171,True
AHCY,64.78863323008319,7.770863325111838e-171,8.261568604368154e-171,True
CTCFL,64.7010194253534,1.3102061698903019e-170,1.3928193625721512e-170,True
SLC13A4,64.69541174598271,1.3547577989707243e-170,1.4400538441882778e-170,True
C10orf90,64.57097988025832,2.8453693953218326e-170,3.0242496983859055e-170,True
VDAC3,64.5455625212606,3.3111488762227402e-170,3.519002864945823e-170,True
NPHS2,64.538661969295,3.45027853867258e-170,3.666544792302009e-170,True
AGBL2,64.47562109958322,5.02537507365119e-170,5.339901528997171e-170,True
TRIM5,64.46438589016932,5.373739273635157e-170,5.7095685401880425e-170,True
RWDD2B,64.4461359692565,5.991833002735832e-170,6.365731784326359e-170,True
PRDM14,64.42035200560139,6.988199804580296e-170,7.423622647543803e-170,True
FNDC8,64.40152583182952,7.81889784993644e-170,8.305352237726035e-170,True
NDUFS6,64.39561690776871,8.099466765225788e-170,8.602622985022956e-170,True
PCDHB8,64.37131505981617,9.36327742631171e-170,9.944072977199102e-170,True
SPATA22,64.36700703683056,9.607076220302481e-170,1.0202100564389546e-169,True
CUZD1,64.35269564272157,1.046349795356479e-169,1.1110592343475156e-169,True
IGKV1OR-2,64.27116668399499,1.7020224034504505e-169,1.8071223241329912e-169,True
MRPL22,64.19814959259818,2.6316152073891065e-169,2.7938727924304387e-169,True
SYMPK,64.16602212994223,3.187892836780727e-169,3.384152462339607e-169,True
LMNTD1,64.15352891466642,3.434711032003241e-169,3.6458465087516013e-169,True
FASTK,64.07257200075733,5.568979726121938e-169,5.910793471679374e-169,True
GUCA1A,64.06985964457742,5.659891894563086e-169,6.006759722105913e-169,True
MRPL43,64.04144614893977,6.706251060174765e-169,7.116622196571698e-169,True
SPACA7,63.98369178861495,9.467601456285273e-169,1.0046066601285897e-168,True
HMGB1P1,63.9197984723272,1.3865577888759788e-168,1.4711469161273185e-168,True
TAF6L,63.858875225108775,1.995043318826494e-168,2.1165688001763313e-168,True
GPHA2,63.797481272100214,2.8787642049633546e-168,3.0538531279045936e-168,True
LCN1,63.7867056272087,3.070150470821894e-168,3.256594680373031e-168,True
TMEM147,63.73451594606113,4.1932938253982697e-168,4.447555144936374e-168,True
KLRC1,63.709351640353546,4.873532159587733e-168,5.16858764991448e-168,True
ASCL1,63.62286049480996,8.170866641162874e-168,8.664792706165371e-168,True
HCRTR2,63.54674475777197,1.2876601051840134e-167,1.365379268285568e-167,True
UTS2,63.53261273166339,1.4011330368711539e-167,1.4855711250723458e-167,True
DAD1,63.50052093717353,1.6973593349954886e-167,1.7994918540156823e-167,True
ATG101,63.458702090669284,2.179327339677081e-167,2.3102585056025863e-167,True
TEX55,63.44945385272364,2.3031868581682222e-167,2.4413458459876872e-167,True
AIPL1,63.44385179206991,2.3816135231824332e-167,2.5242562846915675e-167,True
SULT4A1,63.39256751442879,3.235972586061704e-167,3.4294858968560915e-167,True
CENPT,63.30438096172645,5.482350197095239e-167,5.809690452765844e-167,True
SIGLEC5,63.24960191514402,7.606956896191457e-167,8.060448557310563e-167,True
TXNL4A,63.23452909921053,8.324400811922625e-167,8.819892198420249e-167,True
PITRM1,63.181830207590366,1.1408106776727297e-166,1.2086092496721578e-166,True
BOLA3,63.00996263884548,3.188997683353882e-166,3.378225108591782e-166,True
PLEKHJ1,62.984191857799956,3.7205623938535313e-166,3.940987184401652e-166,True
ZNHIT1,62.84465377163138,8.5742443992847e-166,9.081432119539461e-166,True
SORL1,62.837487794401824,8.949919393493061e-166,9.478501038609373e-166,True
ICOSLG,62.7603466552901,1.4200808941978575e-165,1.503819393681002e-165,True
CDRT15P1,62.745661720425986,1.5505413510012364e-165,1.6418293375993175e-165,True
NPFFR2,62.692984139498094,2.1252789929497048e-165,2.2502080489594135e-165,True
DHX58,62.676876382952564,2.340399270775539e-165,2.477757201776514e-165,True
TMEM161A,62.6608123484384,2.576627135681458e-165,2.7276110504524175e-165,True
POM121L15P,62.58969544976711,3.944112521366005e-165,4.1748630792873485e-165,True
IDH3G,62.58950361616253,3.948644911575817e-165,4.1792956970332706e-165,True
HINT2,62.50910788234976,6.389989766487411e-165,6.762655487110215e-165,True
ESS2,62.42797863405897,1.0387044774019462e-164,1.0991860039342114e-164,True
MRPS2,62.4119253780502,1.1435242221984638e-164,1.2100035458702669e-164,True
SIGLEC16,62.36386166253619,1.524976877135109e-164,1.6134912895724703e-164,True
RXFP2,62.32562209639228,1.9175020972159603e-164,2.028622833169128e-164,True
ESPNL,62.27718638935822,2.5629612701398442e-164,2.711250241437751e-164,True
RNF113A,62.2713798070092,2.653681097296759e-164,2.806974019322104e-164,True
PLEKHO1,62.24108660886787,3.1817327303162785e-164,3.365235507974341e-164,True
FUT5,62.06105436328968,9.35737629098796e-164,9.896188745363467e-164,True
ADAM21,62.038569661882384,1.070721093343883e-163,1.1322761138894312e-163,True
PAXX,61.97608493532645,1.5571203894782445e-163,1.646494536048088e-163,True
PSMB6,61.96779109663903,1.6364858418076695e-163,1.7302644024764562e-163,True
RBX1,61.96497366538707,1.6643570904200693e-163,1.759579334560621e-163,True
IMP4,61.90243693511085,2.421310512327539e-163,2.559616816118813e-163,True
HRH4,61.901640603628444,2.4328970338158267e-163,2.5716409002367848e-163,True
ANKRD1,61.87821425420479,2.7997252106899554e-163,2.9591306133040053e-163,True
PRR4,61.87749836901089,2.811766768884823e-163,2.9715986723994617e-163,True
DIS3L2,61.79785567470257,4.532665235478184e-163,4.78990218677243e-163,True
MEPE,61.715210192771615,7.440118694358769e-163,7.861673536699529e-163,True
RPLP0,61.69266705041246,8.517120965282847e-163,8.998914001669892e-163,True
BNIP1,61.656663092243534,1.0569861120891992e-162,1.116679941672065e-162,True
ARF5,61.61675577370424,1.3428267832226016e-162,1.4185399796273967e-162,True
YJU2B,61.603660658974746,1.452552739500882e-162,1.5343189533138454e-162,True
NYAP1,61.60141587180538,1.4722430685961648e-162,1.5549821797963502e-162,True
SNX15,61.557096579529066,1.9205921785892495e-162,2.0283514888359369e-162,True
SLC25A2,61.51376540200499,2.4907266372273864e-162,2.630245517594771e-162,True
KLF1,61.50743975544393,2.58706343444184e-162,2.731740675287803e-162,True
KCNJ9,61.47364941889674,3.168463419409859e-162,3.34536308423363e-162,True
C16orf78,61.46280783299486,3.381410795987999e-162,3.5698886665185963e-162,True
SLC12A3,61.45859794489681,3.4679077153798225e-162,3.66088803673554e-162,True
PUDP,61.36368213584544,6.129294546783636e-162,6.469810910493839e-162,True
B4GALT1,61.36239824437107,6.176700103459065e-162,6.519282425261713e-162,True
CGB2,61.320216602513526,7.955968545433981e-162,8.396504501806611e-162,True
TRIM74,61.30910002103899,8.504862214423402e-162,8.975009990706056e-162,True
NFYC,60.98910980382419,5.806989064147352e-161,6.127465306023173e-161,True
CFC1B,60.979783728390366,6.141489373232381e-161,6.4798619707827424e-161,True
OCM,60.9272240121858,8.420912190930617e-161,8.884099005958305e-161,True
ZNF205,60.91607121365452,9.004289565578833e-161,9.498737978761344e-161,True
RPUSD4,60.89965161909416,9.937530926740916e-161,1.0482313774273702e-160,True
PSMC5,60.89100276929169,1.0467399001439958e-160,1.104026891981686e-160,True
MTRFR,60.879719882863064,1.1201351698828254e-160,1.181336221447678e-160,True
PSMB5,60.873338044646275,1.1639059167176712e-160,1.2273916939931806e-160,True
ANKRD23,60.853566893818545,1.3106704140378158e-160,1.3820412977528186e-160,True
INSL6,60.83297879958752,1.4832087398828935e-160,1.5638389444951235e-160,True
NTHL1,60.82918143698912,1.5174304647281742e-160,1.599781883234904e-160,True
CNPY3,60.823628938983965,1.5688962712006228e-160,1.6538969127310157e-160,True
MYH7B,60.75414998606039,2.3815777500249024e-160,2.5103900422436407e-160,True
CDK5,60.736496614869274,2.6480501305082715e-160,2.7910324043145178e-160,True
RPN1,60.71302721621726,3.049055253882782e-160,3.213410518828646e-160,True
MRPS28,60.71232803869616,3.061890899108129e-160,3.2266575222975525e-160,True
COMMD4,60.61155712509208,5.610018142352217e-160,5.911390813768565e-160,True
TIMM17B,60.53822462551926,8.716986557433899e-160,9.184468583156342e-160,True
THOC7,60.49447130964288,1.1339078636869401e-159,1.1946142120296444e-159,True
TAF7L,60.4404386649738,1.5690430611996063e-159,1.652901710946522e-159,True
PEX16,60.438150933145565,1.5907704388631097e-159,1.6756447045445442e-159,True
EDEM2,60.40440504874154,1.9485515611545153e-159,2.052336608247027e-159,True
NCAPH2,60.39600437739678,2.049488139930637e-159,2.1584617925490168e-159,True
RPL35,60.394962122409446,2.0623704693733687e-159,2.171840398726781e-159,True
EMC4,60.37349803206158,2.346440083227281e-159,2.4707736873593726e-159,True
SLC5A11,60.36726609744685,2.4360235987159154e-159,2.5648812701845154e-159,True
PSMB4,60.35407191851734,2.6371392361776236e-159,2.776394113335518e-159,True
PDXK,60.29107994073597,3.851451898972661e-159,4.0544767624269733e-159,True
KIZ,60.19902864835701,6.699370909617954e-159,7.051908142270653e-159,True
UBL7,60.19406944622682,6.902193304832536e-159,7.26477270479986e-159,True
STAG3,60.179707528926045,7.524889822051207e-159,7.919492483322168e-159,True
KRT85,60.12990444979107,1.0152959527879186e-158,1.068444963946102e-158,True
ASB10,60.12167565501016,1.0668136980511807e-158,1.1225621222028137e-158,True
CGB3,60.10497324724839,1.179562630010214e-158,1.2410952348740399e-158,True
ANO8,60.02507418674329,1.907497061422178e-158,2.0068286216420446e-158,True
JAKMIP1,59.9446932637352,3.093837813336513e-158,3.2546647551215143e-158,True
ABCB5,59.90325743571138,3.969912967203386e-158,4.175918516872566e-158,True
GOLGA6A,59.87928312997793,4.5860253764785284e-158,4.823583480578978e-158,True
NARS2,59.86648751323528,4.953112882198754e-158,5.209234284054599e-158,True
THAP8,59.64109879953047,1.923410749208259e-157,2.0226932507940066e-157,True
GTSF1L,59.58748870067845,2.656149100137838e-157,2.793011744610589e-157,True
PRPF6,59.58155443123957,2.75277257299495e-157,2.8943628354449463e-157,True
B4GALT7,59.56087996494649,3.1177020971894406e-157,3.277778388736374e-157,True
CLASRP,59.464091187317926,5.5842904404140785e-157,5.870502880816881e-157,True
VPS28,59.46176002463234,5.6632443505017565e-157,5.952987167601656e-157,True
RNASE2CP,59.4415110503429,6.39777402527101e-157,6.72451372013658e-157,True
SUGP1,59.42666458475869,6.996210680198988e-157,7.352875486853834e-157,True
REX1BD,59.378725295995196,9.338247786463415e-157,9.813458141960079e-157,True
ABHD4,59.3561784124351,1.0696675962113033e-156,1.1240040396388193e-156,True
ATP5MJ,59.229968762869255,2.2880432132588935e-156,2.4040616998460873e-156,True
CELF5,59.202922673439616,2.6930100088734253e-156,2.829317674429161e-156,True
PRR35,59.10729469910436,4.791865862762754e-156,5.033971573655439e-156,True
U2AF1L4,59.06839147293548,6.058020179479174e-156,6.363545980558625e-156,True
DMRTB1,59.03745899719837,7.299604455022359e-156,7.667083026061956e-156,True
TVP23BP2,59.009316508492375,8.649061902890183e-156,9.083688129166072e-156,True
L3MBTL2,58.79191146364727,3.2078251976364376e-155,3.368730576604773e-155,True
MRPL18,58.76409406870862,3.793701437867591e-155,3.9836494135335185e-155,True
ABTB1,58.76338602315387,3.809934744870629e-155,4.000348980279061e-155,True
NDUFB7,58.75941819795555,3.902198985920482e-155,4.096869574513085e-155,True
ROMO1,58.715723965493694,5.078685323256989e-155,5.3315859953686e-155,True
CYLC2,58.60114128425992,1.0136914752174374e-154,1.0640775946125544e-154,True
MRPL39,58.55374065776619,1.3492513764862611e-154,1.4161940588593347e-154,True
ACP2,58.44212477804134,2.645844738265934e-154,2.7768770491133898e-154,True
NIBAN3,58.412497957250935,3.16378553722466e-154,3.3201807880042705e-154,True
UBE2L2,58.37280310888848,4.0201447890406314e-154,4.21850719639461e-154,True
AARS1,58.30761888552959,5.957957016641089e-154,6.25139400638131e-154,True
SOX3,58.28781107920092,6.714600349347558e-154,7.044693217482352e-154,True
TAAR5,58.284254541261525,6.860302010337408e-154,7.196934744206843e-154,True
CHKB,58.22335659945222,9.908093336147006e-154,1.0393380704462963e-153,True
HHLA1,58.222989943632456,9.930048058201472e-154,1.0415509436836397e-153,True
USP26,58.21534399682728,1.0399126821984762e-153,1.0905895557721825e-153,True
CINP,58.2153400133336,1.0399376897517454e-153,1.0905895557721825e-153,True
KCNH5,58.21303118152671,1.0545337495287449e-153,1.1058008747220974e-153,True
RHOXF1,58.16362257670117,1.4210308436595354e-153,1.4899866695649934e-153,True
ATP5F1E,58.07483646688963,2.428956013376341e-153,2.5466013487413943e-153,True
DNAJA1,58.063148930684434,2.606572279247459e-153,2.7325840326072556e-153,True
C16orf87,58.028376769269585,3.2156031770979427e-153,3.370766318988349e-153,True
LINC02871,57.99760452623402,3.87230914457931e-153,4.0588094639507476e-153,True
INO80B,57.96903851847682,4.601457428538339e-153,4.822658390864754e-153,True
FOXRED1,57.90911014687735,6.608362025614927e-153,6.925439999524869e-153,True
DPYSL5,57.85636250457643,9.08805909839996e-153,9.52329291068502e-153,True
GALNTL5,57.75555836621058,1.6709266735455829e-152,1.7507972285175517e-152,True
DMRTC2,57.75169681563646,1.710370464840056e-152,1.79197154492577e-152,True
CDH12,57.7284882771559,1.9678476642447424e-152,2.0615546958754446e-152,True
C4orf36,57.67287948826519,2.7537516476938805e-152,2.8846333799987225e-152,True
MAGEC2,57.64955971061714,3.170494903423769e-152,3.3208968477752463e-152,True
CLEC11A,57.63721791096483,3.416008590846468e-152,3.5777480679316472e-152,True
FAAP20,57.63449950929376,3.4725914055462155e-152,3.6366957250998898e-152,True
LRWD1,57.63157648937013,3.534479774933237e-152,3.7011889972132603e-152,True
PRMT7,57.61218106837742,3.974039414084204e-152,4.1611216876158525e-152,True
UCP1,57.60865964918819,4.059522466821094e-152,4.250261819209303e-152,True
NT5C3B,57.582343116874405,4.7593836920783005e-152,4.982576139163413e-152,True
APOBEC3F,57.5821678294848,4.764428621124921e-152,4.987426921008315e-152,True
ASZ1,57.55684024030629,5.552570334914334e-152,5.811955582404935e-152,True
C3orf20,57.48132019355619,8.764921441165495e-152,9.173577768071848e-152,True
MRPS34,57.4773400045909,8.978370768348525e-152,9.39616769868953e-152,True
PRKCSH,57.402198903758865,1.4141197128641745e-151,1.4797961981474037e-151,True
TRMT1,57.38887962203711,1.5327095797823602e-151,1.6037553324231138e-151,True
RPS5,57.2662732881824,3.216918950499098e-151,3.3657424061755623e-151,True
SYN1,57.259608128935874,3.349236604034787e-151,3.5038790121782766e-151,True
SCNN1D,57.172480770007105,5.6728555336432037e-151,5.934272935694072e-151,True
IFI35,57.03971629626994,1.2664965884387697e-150,1.3247451587759743e-150,True
SERF2,56.95582556678027,2.1040152970643214e-150,2.2005930484049788e-150,True
NENF,56.94941849735064,2.1871903297984888e-150,2.2873885926854697e-150,True
AAAS,56.83304429603356,4.4233529787946926e-150,4.6255939276181217e-150,True
CTAG2,56.753252005078544,7.169807448668239e-150,7.496972819180229e-150,True
ZSCAN10,56.72535523992545,8.488856847370365e-150,8.875446153512468e-150,True
H1-1,56.69660238105407,1.0102890812810363e-149,1.056207351728221e-149,True
RRN3P2,56.65310235775567,1.31468840772905e-149,1.3743232906598434e-149,True
ZP2,56.61069122239778,1.6995969331817192e-149,1.7765382447209452e-149,True
OR1J1,56.59718167242464,1.844472275370541e-149,1.9278059080911965e-149,True
C19orf53,56.58406333827833,1.996964774142598e-149,2.0870081034706937e-149,True
TRIR,56.496679559823995,3.3899385566091167e-149,3.542485791656527e-149,True
HSD17B10,56.495735516008736,3.4093759280732806e-149,3.5624907335664433e-149,True
DHPS,56.414416719010894,5.579298018888205e-149,5.829361367433444e-149,True
RSPH10B,56.30328052901313,1.09388112550794e-148,1.1428102217880933e-148,True
HM13,56.27992230229735,1.2601770030892438e-148,1.3164310264949856e-148,True
GPR55,56.24162611736568,1.5892944436648677e-148,1.66009713452008e-148,True
PDIA6,56.09210031914581,3.9331170686342746e-148,4.107982518178931e-148,True
ZBTB17,56.026441746671004,5.855670572901077e-148,6.115485369579293e-148,True
POM121L2,56.02452659889198,5.924045630942802e-148,6.1863612283157004e-148,True
CRYGC,55.969854963644245,8.251879839512623e-148,8.616529194122838e-148,True
USP29,55.96979720228532,8.2547699016126e-148,8.618804543268556e-148,True
MRPL55,55.91446166647064,1.1545224604086796e-147,1.2053329829535798e-147,True
FRMPD2B,55.805393524552784,2.2367684834981285e-147,2.3350075402139437e-147,True
KRT36,55.76197051042154,2.9106300153194314e-147,3.038203482795328e-147,True
SEC31B,55.652091385278055,5.667927597445281e-147,5.915844526970183e-147,True
OR1K1,55.642918585586244,5.992243519792419e-147,6.253807657935747e-147,True
GOLGA8F,55.596899872729566,7.921895623164836e-147,8.266978197658759e-147,True
MCAT,55.57928184055967,8.815518848108127e-147,9.198736289641621e-147,True
WNT1,55.538759503159724,1.12724709755326e-146,1.1761481594543482e-146,True
TJAP1,55.48207791892476,1.5899430119302668e-146,1.658773490887227e-146,True
LIN28A,55.35483910250166,3.4413443439567694e-146,3.5900151581277076e-146,True
TCF15,55.28058448104025,5.400925579730529e-146,5.633768167756086e-146,True
TSPAN6,55.23337773877014,7.193204810935321e-146,7.502669826033209e-146,True
FAM32A,55.17951709684701,9.975443464488209e-146,1.0403710373959052e-145,True
AKR1A1,55.177879376750134,1.0075125710366001e-145,1.0506768226174868e-145,True
DEFA5,55.14311645128341,1.2442705368895223e-145,1.2974664471548206e-145,True
PRB2,55.1247875751453,1.390745205577263e-145,1.450078563737105e-145,True
TKTL1,55.114968758263466,1.4761830353751226e-145,1.5390290491801183e-145,True
FCER2,55.0767672568531,1.861588664899194e-145,1.94067576504197e-145,True
FKBP6P2,55.060304035574774,2.0573212659304385e-145,2.1445393744611554e-145,True
MBD3,55.05002260058385,2.1898682276362994e-145,2.2825092566988154e-145,True
APEX1,55.036247762002446,2.380937734934932e-145,2.481448475873205e-145,True
RHO,55.020893648947045,2.6136318276493862e-145,2.723731517775607e-145,True
SDF4,55.00371197049422,2.901097693430199e-145,3.0230470420150324e-145,True
KIRREL3,54.968650430774474,3.589585241490001e-145,3.740154056845607e-145,True
RPS11,54.95615407843396,3.8726424337052094e-145,4.034737566082901e-145,True
PEX14,54.881212075434746,6.105301167362105e-145,6.360300855170456e-145,True
VPREB3,54.833483449862854,8.158895454812695e-145,8.498937071688536e-145,True
HYOU1,54.69101737619904,1.9389739690362293e-144,2.0196118278619324e-144,True
CCDC17,54.52678766957657,5.260983176990373e-144,5.479305616588822e-144,True
NCR2,54.489771669137,6.588573843867719e-144,6.86139966798664e-144,True
CD79B,54.46602420247805,7.611841586121723e-144,7.92635887870179e-144,True
GPKOW,54.432701925237836,9.321209652493425e-144,9.705523398687966e-144,True
STMN4,54.41697222495182,1.0256663840300778e-143,1.0678629139579665e-143,True
ERGIC3,54.40847742483993,1.0800327328410233e-143,1.124369356535459e-143,True
FBXO6,54.395779146741404,1.166723104462339e-143,1.2145141667919686e-143,True
CDC34,54.39553312701633,1.168469665025004e-143,1.2162278275316073e-143,True
C9orf43,54.32555718875182,1.7881716062625315e-143,1.8610986701394698e-143,True
TMEM101,54.30832098097263,1.985775305113715e-143,2.06658381255052e-143,True
AOC2,54.26194744116574,2.6327530854433765e-143,2.7396542966559028e-143,True
IL25,54.12565608594479,6.031690477941026e-143,6.276064547090224e-143,True
RPL30,54.09374979942306,7.323797311904725e-143,7.6198670513182635e-143,True
CCDC70,54.082993177269024,7.8190993927920065e-143,8.134493892844551e-143,True
ARMC7,54.05402340325764,9.32613165283095e-143,9.701481841209713e-143,True
OTOP1,53.93671825606986,1.9041055822674714e-142,1.9805704366094293e-142,True
TMPRSS5,53.854572452266225,3.139128837851384e-142,3.264909461384339e-142,True
MLNR,53.808073028163356,4.166061569038407e-142,4.33261825153428e-142,True
TMOD4,53.74349398030263,6.172364538160805e-142,6.4185813615497366e-142,True
TYK2,53.73193632875465,6.622292919340647e-142,6.885866766876593e-142,True
NSUN5P2,53.69310808143749,8.388217425980915e-142,8.721328727827486e-142,True
LZTR1,53.675411346912426,9.34247703679369e-142,9.712650655232687e-142,True
POLR2E,53.651980637921575,1.077502068312155e-141,1.1200994830700578e-141,True
CDK11A,53.62562921771588,1.2650288675854421e-141,1.314927107946384e-141,True
SNF8,53.56370576863137,1.8444251957738373e-141,1.9170129660610867e-141,True
PSMC3,53.47574829417112,3.1513947739462936e-141,3.275137812909548e-141,True
RPL26L1,53.40162718574363,4.949688618650266e-141,5.143602694837421e-141,True
LSP1P3,53.324939385973785,7.897164431129252e-141,8.205848382834631e-141,True
TIMM50,53.32384575897982,7.949957459512421e-141,8.259996942162472e-141,True
IL4,53.22145243521105,1.4835870729107417e-140,1.541313206875558e-140,True
GSTT2B,53.13348417654014,2.5358969014995694e-140,2.634342466361966e-140,True
LINC00544,53.11414440572785,2.853131084272062e-140,2.963637960886541e-140,True
ARMC5,53.08828844515111,3.340122022747121e-140,3.4691936560483766e-140,True
GLRXP3,53.01885844330876,5.099874707657048e-140,5.296494277434778e-140,True
FAM209A,52.98209921270014,6.380860422687133e-140,6.6262991556423725e-140,True
CHRNA10,52.98175476497362,6.394273357326291e-140,6.639659211710579e-140,True
ARL4AP1,52.96771604902801,6.965629224009362e-140,7.232321837553874e-140,True
MOSPD3,52.91716761427934,9.479846921908421e-140,9.841958238041614e-140,True
GPR6,52.89388843225925,1.0925558081978135e-139,1.1341921304251003e-139,True
ANP32D,52.89014663398252,1.1177688565719632e-139,1.160266662045328e-139,True
SLC66A1,52.86889228183275,1.2724342936025355e-139,1.3206994183620118e-139,True
XCL2,52.828461615614685,1.6281911757602688e-139,1.689805944569005e-139,True
GJA8,52.7787793883588,2.204381599512542e-139,2.287604978108983e-139,True
PHB1,52.678516815016145,4.0631714258507116e-139,4.216209897634166e-139,True
PAGE1,52.5010479759227,1.1996950730788558e-138,1.2447747732484713e-138,True
FSCN3,52.45743159726953,1.565513000180198e-138,1.624199639522797e-138,True
RNF17,52.3612216069741,2.816122295555797e-138,2.921440690348941e-138,True
PMPCA,52.31668308693997,3.6958280050099655e-138,3.8337178740998455e-138,True
CFAP144P1,52.310313881749046,3.842339053232652e-138,3.9853541544695993e-138,True
CCDC42,52.10652810686678,1.3332464498329228e-137,1.382752692066623e-137,True
RBPJL,51.991358084640964,2.69377208959674e-137,2.7935584968852495e-137,True
SEMA6C,51.97765490750102,2.928925553156278e-137,3.037163007302001e-137,True
MDGA2,51.92169343157059,4.1224455771048385e-137,4.2744235125878754e-137,True
OR7G1,51.90229138217842,4.641148900668125e-137,4.811837750076891e-137,True
GABRA1,51.88344230888943,5.207519259250137e-137,5.398575939504846e-137,True
MRPS9,51.83669595724022,6.92872756670002e-137,7.182318758640126e-137,True
SLC2A8,51.75568648065823,1.1365927443989775e-136,1.1780912567425741e-136,True
RPS14,51.75310270142237,1.1546789172751354e-136,1.1967354510267777e-136,True
RITA1,51.54189077520278,4.1980470715169425e-136,4.350579345210599e-136,True
NOS2P2,51.528845469850914,4.546514184203894e-136,4.711304918868148e-136,True
TMEM258,51.52635871414471,4.616153176834326e-136,4.783059134078614e-136,True
MPO,51.521753174295895,4.747956696343491e-136,4.9192077840235725e-136,True
CLPP,51.48557764418672,5.923074651851727e-136,6.136185875544537e-136,True
POTED,51.45325589625482,7.217086246220533e-136,7.47611685837338e-136,True
SSTR4,51.24899699703454,2.5164632379605563e-135,2.6065596317660313e-135,True
OPN1SW,51.229837827244694,2.829306899647605e-135,2.930353574635019e-135,True
COMT,51.19437334490914,3.514661418507199e-135,3.639874046573624e-135,True
TNNI3K,51.16934720634038,4.09603371358651e-135,4.241595820612991e-135,True
AIRE,51.12715801691504,5.302037995374963e-135,5.48998928674599e-135,True
MLN,51.112576953060014,5.796698998554989e-135,6.001672810085717e-135,True
KCNT1,51.015409242374666,1.0504018677472108e-134,1.0874516560621479e-134,True
HMHB1,50.98526231875401,1.2631801812848841e-134,1.3076234122575035e-134,True
PRDM9,50.892276027931416,2.231449394743193e-134,2.3097625790348373e-134,True
FGF4,50.85855884132191,2.7428672971709193e-134,2.838886388004259e-134,True
CALY,50.84880641501497,2.9115687702666073e-134,3.013236287302298e-134,True
NLGN4X,50.74829387316125,5.386661484622106e-134,5.574279538721971e-134,True
CAMKV,50.74254651748692,5.579552682179131e-134,5.77339629648958e-134,True
OR5C1,50.530373411522596,2.0454449007674823e-133,2.1163266547544745e-133,True
ACP1,50.37251313459774,5.3789328268600775e-133,5.564856509959705e-133,True
ALX3,50.29194439413841,8.811623679965278e-133,9.115420912147048e-133,True
MATN4,49.980022215721796,5.960050937076762e-132,6.165008743002348e-132,True
HSD17B7P2,49.96636946278633,6.480346190191552e-132,6.702624276237372e-132,True
RPS19,49.89527318141953,1.0020634318216403e-131,1.0363461240970842e-131,True
FAM50A,49.85318335279319,1.297098277692514e-131,1.3413602902396053e-131,True
CDKN2AIPNLP2,49.842675409484094,1.38342303049896e-131,1.4305087414235598e-131,True
COX6B1,49.71290267224009,3.066038694081706e-131,3.170122914505155e-131,True
CCDC140,49.69333792649924,3.4569363433442245e-131,3.5739857018352823e-131,True
RPLP1,49.652068722696285,4.452710573034581e-131,4.603083537977587e-131,True
TCL1A,49.580835139352274,6.892810586944728e-131,7.124980807959751e-131,True
PSME2,49.44305560257713,1.6051739803299702e-130,1.65909950456684e-130,True
ENO3,49.41629741557625,1.8916134876447307e-130,1.9549951996955774e-130,True
GPR32,49.21842939329365,6.371723810553188e-130,6.584657803199125e-130,True
CPA5,49.19634878480755,7.296682581572497e-130,7.539884600956595e-130,True
SLC6A5,49.16140925015255,9.042357059249489e-130,9.342946835341144e-130,True
BAD,49.15052283862384,9.66737010814942e-130,9.987885489728737e-130,True
EIF3G,49.11556004768335,1.1982139051742655e-129,1.2378344092826357e-129,True
GAD2,49.094831177319655,1.3608471613596968e-129,1.4057255466554959e-129,True
ZFR2,48.87141368522963,5.3666174725782846e-129,5.543126874794987e-129,True
SPACA1,48.83405803095234,6.750843379808269e-129,6.97228622731838e-129,True
MT4,48.67619311655683,1.7806760027318493e-128,1.838929502906413e-128,True
ATP2B3,48.673931978445395,1.8055899247720765e-128,1.864499622462485e-128,True
MAGEC1,48.6501933615692,2.0891566383129584e-128,2.157134307464198e-128,True
CABP5,48.623556758045254,2.46070799050755e-128,2.5405589183998405e-128,True
METTL17,48.566411032434786,3.4961095733176933e-128,3.6092522779558066e-128,True
MEIOB,48.561511350219234,3.602991890558082e-128,3.719276820007244e-128,True
MRPL27,48.544932807578625,3.989474139049343e-128,4.1178819408682e-128,True
NUBP2,48.514163294049666,4.820042786396268e-128,4.974760209169482e-128,True
CCDC54,48.466749340802345,6.450974398033347e-128,6.657475877146283e-128,True
PGLS,48.423622622423885,8.409384184924359e-128,8.677837327798849e-128,True
SIK1,48.39785077184427,9.853118191325243e-128,1.0166794238614624e-127,True
SLC26A10P,48.393753990700844,1.0104438424814984e-127,1.042522789902181e-127,True
BMP10,48.32314936609546,1.5596989437363485e-127,1.609078348593363e-127,True
ADAM30,48.32161546651599,1.5744789840581174e-127,1.6241880899287295e-127,True
PMF1,48.18752657326585,3.5912769108526726e-127,3.704344682892792e-127,True
RFX4,48.15446093572858,4.401197975662439e-127,4.539379040328434e-127,True
ZAP70,47.8972048807853,2.1424548651993376e-126,2.2095318934785067e-126,True
CRB3,47.87338835451154,2.4806259225865646e-126,2.5580729420326954e-126,True
HSD17B3,47.86218483390112,2.6576856058133848e-126,2.74042743396307e-126,True
GCM2,47.635947392196556,1.0697241624041285e-125,1.1029341070564639e-125,True
DPPA4,47.538375496722445,1.9506227614822432e-125,2.011009450135036e-125,True
RPUSD2,47.51967609078243,2.1886668233627237e-125,2.256230906778037e-125,True
OR1Q1,47.48439348540225,2.719805139093169e-125,2.8035270319802207e-125,True
MEA1,47.21525191636429,1.4273004768628929e-124,1.4711109923077958e-124,True
GIP,47.13683912353941,2.313888656594168e-124,2.3847099383807606e-124,True
GTF2H2,47.110218702845884,2.72636224201188e-124,2.809569250843153e-124,True
AARS2,47.08515391666182,3.1817395488279344e-124,3.2785656928674105e-124,True
MMD2,47.04868608615373,3.983539803954783e-124,4.104417297368455e-124,True
MRPL28,46.994162141538084,5.5745788352180836e-124,5.7432470372695576e-124,True
RPL37,46.971746030274765,6.400543848158816e-124,6.593642604519518e-124,True
DLGAP3,46.837211204616544,1.4668944151845194e-123,1.511020912718112e-123,True
OR4D1,46.80769148512475,1.7597132342358646e-123,1.8124941647894595e-123,True
SPATA2L,46.76171059322887,2.3365244643238e-123,2.4064018314811474e-123,True
WNT8A,46.70409418630419,3.333273403204634e-123,3.4326684388451764e-123,True
GSR,46.668510046072335,4.151218993225082e-123,4.274641236482708e-123,True
PRPF31,46.64357651510595,4.8412615877626704e-123,4.9847764347964906e-123,True
POLR2F,46.63194444611225,5.20134120455655e-123,5.355075427351325e-123,True
RPL27A,46.59485047790748,6.538480629783526e-123,6.73116451755719e-123,True
STK25,46.47364073304645,1.3810222600509806e-122,1.4215991708846797e-122,True
INHA,46.45393478827311,1.5595527406050461e-122,1.6052388827047948e-122,True
ADAM20,46.45147968890352,1.5833550099787394e-122,1.6296000535712582e-122,True
IDI2,46.43457736999519,1.7573871410236224e-122,1.808561586169314e-122,True
OR12D3,46.406409834070836,2.0909535194308592e-122,2.151658621607884e-122,True
UNCX,46.20524104790101,7.236049899693157e-122,7.445496722186609e-122,True
BARHL1,46.19566044946969,7.67685952672482e-122,7.898395109740135e-122,True
CACNG7,46.18807504416313,8.044842995400142e-122,8.276295238075239e-122,True
EMC6,46.14086479309984,1.0766609414430376e-121,1.107542764101536e-121,True
NKX2-2,46.05935878925012,1.7807612954448568e-121,1.8316833621877432e-121,True
EEF1B2,45.9385596230295,3.75439985892291e-121,3.8614317910965144e-121,True
CDC37,45.90391440738883,4.650054007849101e-121,4.78221385281639e-121,True
PTPRU,45.88007356049133,5.387680195005854e-121,5.540334180850098e-121,True
CRYBA1,45.813412919282946,8.132190804290466e-121,8.361898119400206e-121,True
RBM42,45.80941425182048,8.335544571175059e-121,8.570268981491439e-121,True
CELF6,45.78489658294492,9.698493006917476e-121,9.970751609689902e-121,True
POU4F3,45.76775771074378,1.078157316999273e-120,1.108329629974999e-120,True
IL2,45.73767019219071,1.2983755194436981e-120,1.3345974770369294e-120,True
HSCB,45.6791889406847,1.863395526646254e-120,1.915217956079862e-120,True
TMEM177,45.66707687367305,2.0081848054749825e-120,2.0638589412435555e-120,True
TBR1,45.64188710445779,2.3463572621674322e-120,2.411202334010988e-120,True
IFNA8,45.632560379149155,2.485540545540004e-120,2.5540156389790562e-120,True
MPDU1,45.37311559771884,1.2352778426181677e-119,1.2692013907626233e-119,True
PHOX2B,45.32916977436185,1.6208623480906135e-119,1.6652337811301312e-119,True
CARS2,45.307857025749286,1.8491317678257708e-119,1.8995911262359318e-119,True
SSC4D,45.25559931087098,2.5543573313569093e-119,2.623838621363313e-119,True
ANAPC4,45.23460921999824,2.9083351642374526e-119,2.9871919048370107e-119,True
ADAD1,45.21675525206212,3.247788699501698e-119,3.3355667724612035e-119,True
OCM2,45.18803846146685,3.878861241301562e-119,3.983357842007585e-119,True
RABAC1,45.10327177656049,6.551803854418248e-119,6.72773962924676e-119,True
ERI3,44.93333037942914,1.8744478614020636e-118,1.924619428757904e-118,True
CXXC1,44.9100865997045,2.1643310808073657e-118,2.2220734616369006e-118,True
BABAM1,44.89370166912607,2.39523170731702e-118,2.4589260464174217e-118,True
RNF25,44.86076185012961,2.9366739450995125e-118,3.014511098526233e-118,True
STARD3,44.72484044931433,6.809680439690471e-118,6.989580549528188e-118,True
NDUFB11,44.693948957699725,8.244339335463149e-118,8.461424216788103e-118,True
DNAJC5G,44.58976702487028,1.5711082848681753e-117,1.612341231728075e-117,True
TIMM10,44.48547976542443,2.9963411430352344e-117,3.074718304907569e-117,True
ZIM3,44.45415476839931,3.6376530496876196e-117,3.7324894420444664e-117,True
CSN1S1,44.31647566405552,8.532631023996319e-117,8.754342215225001e-117,True
BCS1L,44.09377838754822,3.389810863651556e-116,3.477597096241043e-116,True
SUN5,43.89490353257976,1.1624669826860613e-115,1.1924705732521312e-115,True
TKTL2,43.866431252975,1.3868183704512737e-115,1.422492154900181e-115,True
MTAP,43.73610605731184,3.110752722162145e-115,3.190502115073147e-115,True
ERICH6B,43.72452235646345,3.342363151404938e-115,3.427760247151494e-115,True
GHSR,43.62098137719768,6.351221390864271e-115,6.512943549619888e-115,True
METTL21C,43.52607787234218,1.1440562215133677e-114,1.1730882690902592e-114,True
OLFM3,43.4068979750881,2.3959509086192715e-114,2.4565437633665577e-114,True
CNTNAP4,43.26220483954117,5.87925994533943e-114,6.027434798494974e-114,True
PRDM7,43.22133045412814,7.576486470436665e-114,7.76677961899647e-114,True
ELOB,43.19068196353984,9.16351813871616e-114,9.392877293887815e-114,True
FNDC7,43.082942736344705,1.788310895996101e-113,1.8329166044867452e-113,True
IGFLR1,43.06262977856126,2.0286027595078843e-113,2.0790262640137448e-113,True
MS4A3,42.882469583176,6.20736748675429e-113,6.361121707197186e-113,True
MYL6,42.8401500878544,8.072770731931347e-113,8.27203100697141e-113,True
ADGRA3,42.830069753437186,8.594203533822267e-113,8.805589995519697e-113,True
COL20A1,42.695929433699064,1.976874061868527e-112,2.0253268575025596e-112,True
MECR,42.66696930650867,2.366436700594684e-112,2.424232712296861e-112,True
UCMA,42.66130847841732,2.451120393334512e-112,2.510772469832766e-112,True
CRISP1,42.52539049649985,5.702175117440236e-112,5.840453466295779e-112,True
PRM2,42.432103792066584,1.018021741828736e-111,1.0426207802000624e-111,True
RPL19,42.30108906513051,2.2979696615153962e-111,2.3532979840237924e-111,True
FAM182A,42.25259155985665,3.1063577059372454e-111,3.1808809014505225e-111,True
STOML2,42.21505007852322,3.922772115603571e-111,4.0165422405056586e-111,True
CCDC124,42.1744758743712,5.0481099766338866e-111,5.168343677090876e-111,True
CELA1,42.15152862973916,5.822124714307131e-111,5.9602901601917945e-111,True
ZNF513,41.967113264654614,1.832538850495175e-110,1.8758685986913115e-110,True
PRG3,41.86310448595562,3.499251732459435e-110,3.581687874767649e-110,True
LRRC39,41.84774647022982,3.8499989883756633e-110,3.9403653948910664e-110,True
SEPTIN14,41.77275362846535,6.138309822156964e-110,6.281856620024205e-110,True
GJA9,41.492803903840205,3.5038507886849424e-109,3.585487021816552e-109,True
PROSER2,41.48910651582753,3.5854142688701943e-109,3.6686411553342195e-109,True
CRHR1,41.483852393800504,3.7045965346809773e-109,3.7902700196997646e-109,True
LHFPL4,41.47977378125353,3.799839449444905e-109,3.8873874424990414e-109,True
MIP,41.4014272372107,6.18796568843573e-109,6.330001694111216e-109,True
TMCO5A,41.35496470733672,8.263359561482896e-109,8.45232002398917e-109,True
POP5,41.32056131831402,1.0236952017492384e-108,1.0470159665545281e-108,True
IRGC,41.19060288561841,2.2992151655542745e-108,2.3513951098328622e-108,True
ORMDL2,41.12209505369331,3.522548522497507e-108,3.602187716358595e-108,True
TRIM42,41.04206702277532,5.798529650695927e-108,5.929124962103419e-108,True
LINC00029,41.0090657912979,7.121782104732582e-108,7.281565677595173e-108,True
GCK,40.66705297836167,5.998670125900668e-107,6.132738404838315e-107,True
CST8,40.61909173998111,8.088692829264238e-107,8.268775044387004e-107,True
TXNDC12,40.55013241163579,1.243250704109249e-106,1.2708225849744762e-106,True
FAM86KP,40.507920668296165,1.617488744223099e-106,1.6532207889943009e-106,True
PSME1,40.45800994039188,2.20789462394108e-106,2.256479102218512e-106,True
RPL8,40.28021482010507,6.69059979554357e-106,6.837249259954406e-106,True
GUCY2F,40.17719855555799,1.2720658530107763e-105,1.2998383436058865e-105,True
GNG8,40.17389369545978,1.2985611778183265e-105,1.326800286371692e-105,True
MS4A6E,40.08731381589461,2.2285579171124907e-105,2.2768292516845858e-105,True
ANKRD54,40.01856671759913,3.4221373746816248e-105,3.495967407373223e-105,True
CABP7,39.94216350241202,5.512402416656715e-105,5.630853804222862e-105,True
CPXCR1,39.80488367778953,1.2984332287513096e-104,1.3262224131212821e-104,True
SLC25A31,39.79446249833749,1.3856972452439033e-104,1.4152348139562388e-104,True
TRIM43,39.776004645493956,1.5549031510842626e-104,1.5879137318823448e-104,True
TEKTL1,39.7708433476943,1.6058120472113568e-104,1.6397652797823325e-104,True
DPEP3,39.76718599942503,1.6428927437690664e-104,1.6774886994582735e-104,True
NOBOX,39.74606379812034,1.8744307124527842e-104,1.9137411855767413e-104,True
BHLHE23,39.599550686195784,4.678512078669197e-104,4.776227338523497e-104,True
SLC25A52,39.47543060872419,1.0155672802350941e-103,1.036691079663984e-103,True
PIH1D1,39.44739287232487,1.20991222339082e-103,1.234974399793156e-103,True
OOSP2,39.314409180665876,2.7764291282451496e-103,2.8337015991064834e-103,True
SAMM50,39.266312253366976,3.7495097423385734e-103,3.826532841945461e-103,True
AVP,39.13286840034578,8.631079114900275e-103,8.807638776902191e-103,True
NOSIP,38.98465441042812,2.179354316973719e-102,2.2237485715787393e-102,True
SPAM1,38.893835778604696,3.844720133868204e-102,3.922708312663107e-102,True
RPS20,38.87484879942915,4.329239566793539e-102,4.416684230657405e-102,True
PRAMEF2,38.84423699054241,5.242297333219302e-102,5.347734433500326e-102,True
NEDD8,38.78137637299465,7.766035033672712e-102,7.921564850065686e-102,True
SHCBP1L,38.76849729837993,8.417255444759032e-102,8.585104796076483e-102,True
RAPSN,38.76768335242735,8.460200943341983e-102,8.628180702943928e-102,True
MTNR1B,38.710969406036725,1.2061125436889639e-101,1.2299567809033079e-101,True
SLX9,38.68370194340555,1.4303357320658657e-101,1.4584900524985214e-101,True
MMP20,38.50827593662156,4.284712298789718e-101,4.368683866256957e-101,True
DBX1,38.428069376362345,7.076538361398283e-101,7.21461715869386e-101,True
FAM193B,38.402658971632285,8.295832417979921e-101,8.456991049596553e-101,True
MALSU1,38.37472023923953,9.880337580395125e-101,1.0071430554116187e-100,True
FGF6,38.34945820983604,1.1572142804808414e-100,1.1794964691826082e-100,True
GSTT2,38.32836184993304,1.320501850550156e-100,1.3458149850654943e-100,True
KLHDC3,38.292908407350154,1.6484709226521173e-100,1.6799297624538854e-100,True
EIF4E2,37.85478202902344,2.5593070692495576e-99,2.607928740202012e-99,True
MYL10,37.747609905332205,5.007241236028603e-99,5.101939838878601e-99,True
CELA2A,37.72952823107387,5.6076420743209456e-99,5.713215433259246e-99,True
MS4A5,37.563777092259826,1.583752728321795e-98,1.6134339501400792e-98,True
SLC39A12,37.51456698644726,2.155665002770805e-98,2.195879929713252e-98,True
OR3A3,37.43101904538914,3.638548555364495e-98,3.7061159220341494e-98,True
CST11,37.21359476767364,1.421404431693419e-97,1.4476780810777704e-97,True
HBQ1,37.19965151157514,1.5512285327628348e-97,1.5797691568639069e-97,True
C12orf50,37.07522892529246,3.384018501635021e-97,3.445990614652194e-97,True
IL3,37.0412869306812,4.1865482190041954e-97,4.2628590937227093e-97,True
TRIM43B,36.72959612020426,2.956785267684148e-96,3.0104276007783674e-96,True
KLHL31,36.610420449771695,6.245037655158623e-96,6.357801835544875e-96,True
ERAP2,36.477661215331175,1.4365937411946046e-95,1.4624109280115045e-95,True
FEZF2,36.47113777290846,1.4966277694311313e-95,1.5233959040258773e-95,True
HAND1,36.374651449218,2.742278809413946e-95,2.791091832721734e-95,True
NOX3,36.295902369406264,4.495644906892868e-95,4.575283986345004e-95,True
GUCA1B,36.27335687679227,5.1791553309781516e-95,5.270460117706275e-95,True
ARSA,36.240991227485125,6.346041607308211e-95,6.457375670594321e-95,True
IFNA5,36.19878898346664,8.271283008978226e-95,8.415686808362772e-95,True
BRS3,35.70316912424734,1.8600296670368016e-93,1.8923440724985404e-93,True
FAU,35.67550700670802,2.213132410977397e-93,2.2513923368469288e-93,True
MRPS15,35.65540668874857,2.5110853944882545e-93,2.554281878995269e-93,True
LINC00905,35.58220217122596,3.977886252616948e-93,4.045975596091848e-93,True
GPR119,35.55099804178349,4.8397407803207725e-93,4.922169455411393e-93,True
IL9,35.468459173458086,8.130679851603262e-93,8.268464862511303e-93,True
TGIF2LX,35.42770275161109,1.050484353557638e-92,1.0681965719172625e-92,True
TCP11,35.356037224841515,1.648350516976969e-92,1.6760027652067456e-92,True
OR5P1P,35.092317441616196,8.654470014591678e-92,8.798916842814754e-92,True
MAGEA8,35.03692352546242,1.2261760645451964e-91,1.246536921705541e-91,True
OCSTAMP,34.65554197851296,1.3510580642013372e-90,1.3733774301256697e-90,True
GBX1,34.59717220643667,1.9508446136251036e-90,1.982906121613576e-90,True
NUDC,34.524292140875325,3.0864124006224124e-90,3.1368735742722294e-90,True
BPIFA3,34.424053063871945,5.801127475270026e-90,5.8954784754546655e-90,True
RAX,34.41733300011519,6.051832283163093e-90,6.149745237362982e-90,True
PHOX2A,34.27959826558606,1.4405632772076899e-89,1.4637475311241925e-89,True
DEFA4,34.25140579649283,1.7204274854489716e-89,1.747969321818157e-89,True
ECE2,34.22668149939996,2.0102865131939766e-89,2.0422974449327344e-89,True
PSMA8,34.205568234938134,2.2961765884842475e-89,2.3325444234983698e-89,True
TBC1D21,33.789154430793566,3.1646336593952605e-88,3.2144871140597746e-88,True
PQBP1,33.77468669614751,3.4667325237939035e-88,3.5210499919086466e-88,True
STX10,33.71131165533946,5.168710906434556e-88,5.249255496632011e-88,True
ZNF890P,33.59406355973142,1.0822853167338245e-87,1.0990586084818146e-87,True
CA6,33.54332104362402,1.4902657232457892e-87,1.5132351396536652e-87,True
ARL5C,33.539448377214576,1.5270971264232244e-87,1.5505043442920114e-87,True
PROKR2,33.305309814781054,6.683844390378089e-87,6.785725435524556e-87,True
DDX4,33.27222252266003,8.234737147315292e-87,8.359558135814083e-87,True
GPR42,33.0911806254926,2.5798063542162986e-86,2.6186913938879562e-86,True
ZNRF4,32.86148562181295,1.0989860251426158e-85,1.115457472727019e-85,True
PPY,32.831471573443075,1.328163677466313e-85,1.3479571415142873e-85,True
SSMEM1,32.76555421057358,2.0133708641271898e-85,2.0432048233528502e-85,True
AMER2,32.49265067367503,1.1274727294093354e-84,1.1440837456805593e-84,True
CABS1,32.00331099496713,2.4796903397247633e-83,2.516012915220857e-83,True
OR7C2,31.95303143345847,3.4069888500743796e-83,3.456605192551191e-83,True
MED18,31.94736510180779,3.5311847097244705e-83,3.5823099047016515e-83,True
OR1E2,31.900178636656758,4.75790580802173e-83,4.826387799568151e-83,True
ERCC2,31.886647412391522,5.1826469963619754e-83,5.25680251777256e-83,True
BORCS8-MEF2B,31.886210010355857,5.196992253083376e-83,5.270911988945505e-83,True
CYP11B1,31.783992907033706,9.915281469826585e-83,1.0055470758574238e-82,True
CDH18,31.695079291030407,1.739310387251788e-82,1.763754434855795e-82,True
KIF2B,31.694651579089104,1.7440191671749977e-82,1.768381459179868e-82,True
GOLGA6D,31.52147844852084,5.212034241390111e-82,5.284399387264213e-82,True
LRTM1,31.276350783719785,2.455921361178328e-81,2.489811720348222e-81,True
TPH2,31.257323796274026,2.769994174316976e-81,2.8079837247926392e-81,True
MORC1,31.24694943263442,2.9578511836920017e-81,2.9981664059465213e-81,True
TEX47,31.222764464564044,3.4467666648121143e-81,3.493453638031141e-81,True
CRYGD,31.060462902991784,9.62294218894906e-81,9.752470965173522e-81,True
PTH,30.903587087550637,2.5965210843938595e-80,2.631251344676673e-80,True
SULT6B1,30.82334024552028,4.314597870082488e-80,4.37194310633954e-80,True
BIRC8,30.785516397849385,5.481542774381074e-80,5.553933593367384e-80,True
LGALS14,30.637800195615817,1.3962590157167008e-79,1.4145801745522645e-79,True
DEFB129,30.431611535081228,5.15111922344937e-79,5.218274045349596e-79,True
MIR202HG,30.36843190696735,7.685133328278046e-79,7.78467336887996e-79,True
UNC93B2,30.277634871334605,1.3657689404750618e-78,1.3833431731649982e-78,True
KLHL1,30.067625766845875,5.165304765269044e-78,5.231332973898517e-78,True
SPAG11B,29.96347100974154,9.99256214537653e-78,1.0119451823413057e-77,True
NAA11,29.951368071676253,1.078898335086536e-77,1.0925073609488757e-77,True
TNP1,29.897810020551038,1.5148254087604977e-77,1.5338050121111554e-77,True
FKBP6,29.458868627970187,2.4470087477416916e-76,2.477460957164018e-76,True
PANX3,29.436533561987027,2.8192620193728717e-76,2.8541084181424715e-76,True
GUK1,29.089899576036903,2.5399222907613195e-75,2.5711012950821475e-75,True
BARHL2,28.855441835546323,1.1240608731158569e-74,1.1377643540339359e-74,True
RPS16,28.54484526522712,8.069048729577686e-74,8.166736970855866e-74,True
TTTY9B,28.499987126345253,1.0727099671690796e-73,1.0856061297398215e-73,True
OR51B5,28.432894383721734,1.642285842242245e-73,1.66189072373825e-73,True
CER1,28.40672982073221,1.9390334186369587e-73,1.9620169533152933e-73,True
SLC32A1,28.271762058235545,4.5680605188127206e-73,4.6218203496409144e-73,True
DRD3,28.25091370016849,5.214616652770674e-73,5.2755452399337436e-73,True
ESX1,28.145430195527577,1.0188754276402526e-72,1.0306941445260071e-72,True
TAS2R9,28.110196130649157,1.2743727604098707e-72,1.2890476136255383e-72,True
RAB40AL,28.00570712670543,2.4745742401635544e-72,2.502860987840017e-72,True
KASH5,27.59107143800426,3.4475077901488744e-71,3.486625182061126e-71,True
MC3R,26.996078552848168,1.5138086289699153e-69,1.530857445597173e-69,True
C1orf94,26.91064768947679,2.6061809348363433e-69,2.63531242009394e-69,True
FTHL17,26.761121285158104,6.74532545189883e-69,6.820154735834317e-69,True
CCDC182,26.376878731313486,7.773204713743755e-68,7.85878127939965e-68,True
SOHLH2,26.133891772536987,3.648817697661993e-67,3.688680521312541e-67,True
NLRP4,26.016695376052393,7.693285682565007e-67,7.77668521047807e-67,True
PASD1,25.99750297513506,8.692967160951793e-67,8.786471101897576e-67,True
CDCP2,25.993359965857508,8.925267901332739e-67,9.020518384188383e-67,True
VSX2,25.948605123233257,1.1867184255457287e-66,1.199283097496067e-66,True
CHRNB3,25.92185381171455,1.4070363881393768e-66,1.4218151964842886e-66,True
ZC2HC1B,25.892148989500416,1.6999285603621776e-66,1.7176405775369106e-66,True
BPIFB6,25.794762823389064,3.160040015718894e-66,3.192699205746327e-66,True
LRRC53,25.784762404306516,3.367782972305559e-66,3.4023056246593875e-66,True
OR5M13P,25.766408663085734,3.785241154639419e-66,3.8237244397115866e-66,True
SPATA16,25.534598413941936,1.6563205974684065e-65,1.6730204385061263e-65,True
NCAN,25.4604050111768,2.6567461058419035e-65,2.6833091397280084e-65,True
SPMIP7,25.019766281037256,4.399191295546486e-64,4.4428057056248026e-64,True
PRSS54,24.70562673254922,3.25638520329934e-63,3.288395654314778e-63,True
NPPB,24.516205216052683,1.0890919298029229e-62,1.0997061535252837e-62,True
DEFB127,24.421454324357995,1.9923785298143447e-62,2.011628563918831e-62,True
CCDC103,24.150834930234133,1.1185761744628784e-61,1.1292896132954952e-61,True
FAM170A,23.96597226106539,3.635881654541625e-61,3.6703995183505646e-61,True
GAPDHS,23.931956641241335,4.516667132807291e-61,4.559167206585892e-61,True
TAAR2,23.325392822487917,2.1634207886582695e-59,2.1835959034234422e-59,True
OR8K1,23.29850449424782,2.5682961340884842e-59,2.592031116261811e-59,True
POM121L3P,23.223954163714943,4.1325848065381415e-59,4.170428989748198e-59,True
SPO11,23.10096051602635,9.058504470494513e-59,9.140696844363148e-59,True
NACA3P,23.034423866566048,1.3850064581660456e-58,1.3974569906682875e-58,True
PDE6H,22.70344640784036,1.1450368468999325e-57,1.1552340123280051e-57,True
GOLGA6C,22.617361827829672,1.9835840876418867e-57,2.001082415978275e-57,True
ANKRD60,22.532422011749755,3.4113049839526777e-57,3.4411116764146094e-57,True
HTN1,22.493898516845462,4.362336686864678e-57,4.400086979378734e-57,True
SEPTIN7P5,22.491516380056378,4.42917923576492e-57,4.4671362589185756e-57,True
HBZ,22.491106914218314,4.4407715434115417e-57,4.4784552952774296e-57,True
SCP2D1-AS1,22.425119317943963,6.767084793141664e-57,6.823941590754784e-57,True
CACNG3,22.267966261161913,1.8455186298264604e-56,1.860869807915185e-56,True
LALBA,22.247752151314224,2.099742794150264e-56,2.11703253353485e-56,True
OR2D2,22.226278777639646,2.408274593339299e-56,2.427902912546489e-56,True
GATD3,21.863018631197455,2.449235663377976e-55,2.468992491598156e-55,True
BMP15,21.53794414683249,1.9526152203408988e-54,1.968202369946148e-54,True
SCP2D1,21.23289145146281,1.370211174632167e-53,1.3810343276703358e-53,True
TIMM8B,21.13769398935938,2.516932724522248e-53,2.536602800686622e-53,True
PRH2,20.48131126681016,1.6670240159058893e-51,1.679912305329719e-51,True
IFNA21,20.141125932163938,1.4651145414798273e-50,1.4763190749641283e-50,True
LRIT1,20.13316438071526,1.5415712853996322e-50,1.55323141231937e-50,True
LDHC,19.599703178073216,4.658881137582792e-49,4.693729816304737e-49,True
LUZP4,19.34689541684286,2.343271505280109e-48,2.3606031070394316e-48,True
TAS2R16,18.808104188716715,7.327255513472442e-47,7.380836906623977e-47,True
NPBWR2,18.69417139249523,1.5173537268809083e-46,1.528322549002939e-46,True
CTRL,18.14933629575942,4.9295315891763804e-45,4.96475423097342e-45,True
IFI27L1,17.43903144974856,4.604689016477853e-43,4.637205305121254e-43,True
NPVF,17.432155063105675,4.811407707671648e-43,4.844981245422473e-43,True
OR1L4,17.409204884162058,5.5708901930153e-43,5.6092973602235615e-43,True
ODF1,17.269156123675927,1.3624858780262885e-42,1.3717652668965672e-42,True
OR51Q1,16.68343886323746,5.732549188921218e-41,5.771112139199652e-41,True
ZSWIM2,15.97989173942978,5.1050620254542964e-39,5.1389770696360226e-39,True
LCN9,15.780505013503124,1.8208534917301505e-38,1.8327979761482092e-38,True
SPINT3,15.64415977374538,4.343667804155942e-38,4.371798499001854e-38,True
GH2,15.612145819487157,5.327256937149703e-38,5.361312460948833e-38,True
OR11H1,15.547695156070304,8.034469609803694e-38,8.085160269802456e-38,True
PDHA2,15.459606307512946,1.4087584948919178e-37,1.4175288847912201e-37,True
OR7A10,15.457081576981667,1.431614180622336e-37,1.4404072956095582e-37,True
DPPA5P4,15.339097910035052,3.03685367609734e-37,3.0552527397835472e-37,True
TRIM48,15.162589185877579,9.352457991987834e-37,9.408339898661953e-37,True
PTH2,14.821142792300174,8.232459359624518e-36,8.280961941529201e-36,True
OR5F1,14.756666459861147,1.241202261309306e-35,1.248411368369682e-35,True
CPLX4,14.731370169611042,1.4581274633473947e-35,1.466474828731197e-35,True
POU4F2,14.616893174475884,3.022211362624135e-35,3.0392605058677425e-35,True
GML,14.359774401523131,1.5524483187535398e-34,1.5610766088702123e-34,True
TRIM43CP,14.356511554141601,1.5850159113309818e-34,1.5936930057360783e-34,True
OPN1LW,14.237342984513152,3.3829941312186163e-34,3.4012320526359847e-34,True
TAS2R8,14.211617815989792,3.984470037397228e-34,4.005618327527716e-34,True
CSN2,14.10045008886013,8.080593737877187e-34,8.12280929517765e-34,True
NEUROD6,13.732281326671353,8.392397296876828e-33,8.435542291272049e-33,True
DNAJA1P5,13.710421748330662,9.642933798070273e-33,9.691704129028094e-33,True
CDY2B,13.622428890981277,1.6865534840229788e-32,1.6949429060957178e-32,True
PDYN,13.297523170615756,1.327458390297972e-31,1.3339509746490937e-31,True
ACTL7B,12.999236666535381,8.8093703946725e-31,8.85172313695458e-31,True
IFNA6,12.639432093704329,8.618297114470642e-30,8.659013478790976e-30,True
LINC02566,12.598194625009825,1.1191008858196003e-29,1.124294790146295e-29,True
PPP1R2C,12.57210398560443,1.320197508937559e-29,1.3262148175471193e-29,True
CDX4,12.344335901388995,5.583574675196561e-29,5.608559182361014e-29,True
SLC17A6,12.209855825982338,1.3075160278346306e-28,1.3132578746715877e-28,True
HTR5A,12.051902958220051,3.550180112864512e-28,3.5654750064742014e-28,True
GPR101,12.011764078073552,4.575590206343166e-28,4.594922084441376e-28,True
SAA3P,11.939463385919087,7.225990823045415e-28,7.25591954580488e-28,True
GARIN4,11.635284030456083,4.933741410994601e-27,4.95376570728705e-27,True
WDR83OS,10.933572869941488,4.1066988712649905e-25,4.1230249890238707e-25,True
OR1E3,10.902992472588178,4.977724414627099e-25,4.997099408207842e-25,True
PRAMEF12,10.753445207446203,1.2745676871140989e-24,1.2794227809868422e-24,True
NEUROD4,10.359961058876621,1.507079334300086e-23,1.5126948489182447e-23,True
TRIM51,9.492146118158274,3.425092108918628e-21,3.4375696757999345e-21,True
CSH1,9.299742720149228,1.1353696799254439e-20,1.1394114794317601e-20,True
TRIM53BP,9.16211530288672,2.6725907583305306e-20,2.681882878516779e-20,True
IFNA16,8.715741759601018,4.263108374948924e-19,4.2775763364896e-19,True
VCY,8.338775134444022,4.38022604893983e-18,4.39472770776764e-18,True
OR4K1,8.29121176685603,5.873174500879828e-18,5.892131200833012e-18,True
ACTRT1,7.836741230374156,9.604633334290691e-17,9.634836583769592e-17,True
VCY1B,7.135579503891123,6.932276085619152e-15,6.953500265608222e-15,True
PRAMEF1,7.014532811782572,1.444607248847849e-14,1.448910232544566e-14,True
TTTY7,6.533152885731283,2.638228557694818e-13,2.645868004995167e-13,True
TAS2R7,6.26672787622756,1.301938247940399e-12,1.3056002185252746e-12,True
PTGES3L-AARSD1,5.886482112753546,1.2505524050811426e-11,1.253966105913939e-11,True
OR13C9,5.88050605636197,1.295606058138826e-11,1.2990352884002358e-11,True
OR51I1,5.20249455071198,6.922363473741269e-10,6.940111655668817e-10,True
TTTY1,5.0455052130823175,1.7188084319952546e-09,1.7230727598946805e-09,True
ATXN3L,4.791254169188766,7.416913307072096e-09,7.4346996699187915e-09,True
TYRL,4.37372625543792,7.922682852281095e-08,7.941025428754046e-08,True
OR2M5,4.366657698977055,8.243657389737182e-08,8.262059932070619e-08,True
TTTY7B,3.9648689387095843,7.693666050957787e-07,7.710203362244567e-07,True
GSTM1,3.9215282901644297,9.760184940293254e-07,9.78035561265064e-07,True
TTTY1B,3.390184195720059,1.7049758237477517e-05,1.7083581530393656e-05,True
TRIM51HP,2.9195639267897704,0.00019322815709506725,0.00019359548064355774,True
OR13C4,2.559294496733966,0.0011349676169543025,0.001137031194439674,True
NICN1,2.286466703874536,0.00406581021104705,0.004072865992753685,True
FERD3L,2.090332479494432,0.009754933465817075,0.009771054658125482,True
TTTY6,1.7394264435806017,0.0418373114588002,0.04190299012671041,True
TTTY6B,1.146670747761132,0.3104692987243833,0.31093100125057616,False
GDF1,0.9971520398401268,0.45286426876181474,0.4535002615390928,False
ADIRF,,,1.0,False
C19orf33,,,1.0,False
CHURC1-FNTB,,,1.0,False
CIDEB,,,1.0,False
CORO7-PAM16,,,1.0,False
EVA1B,,,1.0,False
ICAM4,,,1.0,False
INS-IGF2,,,1.0,False
MCTS2,,,1.0,False
NME1-NME2,,,1.0,False
NPFF,,,1.0,False
OPN1MW2,,,1.0,False
OR5M9,,,1.0,False
PEDS1-UBE2V1,,,1.0,False
PGAM2,,,1.0,False
PYURF,,,1.0,False
ZNF593,,,1.0,False
